{"type":"FeatureCollection","name":"DaerahResapan","crs":{"type":"name","properties":{"name":"urn:ogc:def:crs:OGC:1.3:CRS84"}},"features":[{"type":"Feature","properties":{"fid":1,"DN":2},"geometry":{"type":"Polygon","coordinates":[[[112.952429,-7.824214],[112.952429,-7.825031],[112.952158,-7.825031],[112.952158,-7.825304],[112.95297,-7.825304],[112.95297,-7.824486],[112.952699,-7.824486],[112.952699,-7.824214],[112.952429,-7.824214]]]}},{"type":"Feature","properties":{"fid":2,"DN":2},"geometry":{"type":"Polygon","coordinates":[[[112.902895,-7.825576],[112.902895,-7.825849],[112.903166,-7.825849],[112.903166,-7.825576],[112.902895,-7.825576]]]}},{"type":"Feature","properties":{"fid":3,"DN":1},"geometry":{"type":"Polygon","coordinates":[[[112.903166,-7.824214],[112.903166,-7.825031],[112.902895,-7.825031],[112.902895,-7.825576],[112.903166,-7.825576],[112.903166,-7.825849],[112.903436,-7.825849],[112.903436,-7.826121],[112.903978,-7.826121],[112.903978,-7.826666],[112.904248,-7.826666],[112.904248,-7.825304],[112.903978,-7.825304],[112.903978,-7.824486],[112.904248,-7.824486],[112.904248,-7.824214],[112.903166,-7.824214]]]}},{"type":"Feature","properties":{"fid":4,"DN":1},"geometry":{"type":"Polygon","coordinates":[[[112.904248,-7.827484],[112.904248,-7.827756],[112.904519,-7.827756],[112.904519,-7.827484],[112.904248,-7.827484]]]}},{"type":"Feature","properties":{"fid":5,"DN":2},"geometry":{"type":"Polygon","coordinates":[[[112.94512,-7.827484],[112.94512,-7.828301],[112.945662,-7.828301],[112.945662,-7.827484],[112.94512,-7.827484]]]}},{"type":"Feature","properties":{"fid":6,"DN":2},"geometry":{"type":"Polygon","coordinates":[[[112.944579,-7.827756],[112.944579,-7.828301],[112.94485,-7.828301],[112.94485,-7.827756],[112.944579,-7.827756]]]}},{"type":"Feature","properties":{"fid":7,"DN":1},"geometry":{"type":"Polygon","coordinates":[[[112.94512,-7.827211],[112.94512,-7.827484],[112.945662,-7.827484],[112.945662,-7.828301],[112.946203,-7.828301],[112.946203,-7.828574],[112.946474,-7.828574],[112.946474,-7.827756],[112.946203,-7.827756],[112.946203,-7.827211],[112.94512,-7.827211]]]}},{"type":"Feature","properties":{"fid":8,"DN":1},"geometry":{"type":"Polygon","coordinates":[[[112.944038,-7.827211],[112.944038,-7.827756],[112.944308,-7.827756],[112.944308,-7.828574],[112.94485,-7.828574],[112.94485,-7.828846],[112.94512,-7.828846],[112.94512,-7.828574],[112.945662,-7.828574],[112.945662,-7.828301],[112.94512,-7.828301],[112.94512,-7.827484],[112.94485,-7.827484],[112.94485,-7.827211],[112.944038,-7.827211]],[[112.944579,-7.827756],[112.94485,-7.827756],[112.94485,-7.828301],[112.944579,-7.828301],[112.944579,-7.827756]]]}},{"type":"Feature","properties":{"fid":9,"DN":2},"geometry":{"type":"Polygon","coordinates":[[[112.939166,-7.829391],[112.939166,-7.830209],[112.939978,-7.830209],[112.939978,-7.829936],[112.939436,-7.829936],[112.939436,-7.829391],[112.939166,-7.829391]]]}},{"type":"Feature","properties":{"fid":10,"DN":2},"geometry":{"type":"Polygon","coordinates":[[[112.939978,-7.830754],[112.939978,-7.831026],[112.940519,-7.831026],[112.940519,-7.830754],[112.939978,-7.830754]]]}},{"type":"Feature","properties":{"fid":11,"DN":1},"geometry":{"type":"Polygon","coordinates":[[[112.938624,-7.827484],[112.938624,-7.828029],[112.938895,-7.828029],[112.938895,-7.828574],[112.939166,-7.828574],[112.939166,-7.829391],[112.939436,-7.829391],[112.939436,-7.829936],[112.939978,-7.829936],[112.939978,-7.830754],[112.940519,-7.830754],[112.940519,-7.832389],[112.94106,-7.832389],[112.94106,-7.830754],[112.94079,-7.830754],[112.94079,-7.830209],[112.94106,-7.830209],[112.94106,-7.829936],[112.94079,-7.829936],[112.94079,-7.829664],[112.939978,-7.829664],[112.939978,-7.828846],[112.939707,-7.828846],[112.939707,-7.828029],[112.939436,-7.828029],[112.939436,-7.827484],[112.938624,-7.827484]]]}},{"type":"Feature","properties":{"fid":12,"DN":1},"geometry":{"type":"Polygon","coordinates":[[[112.94079,-7.832934],[112.94079,-7.833751],[112.941331,-7.833751],[112.941331,-7.833479],[112.94106,-7.833479],[112.94106,-7.832934],[112.94079,-7.832934]]]}},{"type":"Feature","properties":{"fid":13,"DN":2},"geometry":{"type":"Polygon","coordinates":[[[112.956489,-7.837022],[112.956489,-7.837567],[112.956759,-7.837567],[112.956759,-7.837022],[112.956489,-7.837022]]]}},{"type":"Feature","properties":{"fid":14,"DN":1},"geometry":{"type":"Polygon","coordinates":[[[112.946474,-7.837839],[112.946474,-7.838112],[112.946744,-7.838112],[112.946744,-7.837839],[112.946474,-7.837839]]]}},{"type":"Feature","properties":{"fid":15,"DN":1},"geometry":{"type":"Polygon","coordinates":[[[112.947827,-7.837839],[112.947827,-7.838112],[112.948098,-7.838112],[112.948098,-7.837839],[112.947827,-7.837839]]]}},{"type":"Feature","properties":{"fid":16,"DN":2},"geometry":{"type":"Polygon","coordinates":[[[112.957842,-7.838929],[112.957842,-7.839474],[112.958113,-7.839474],[112.958113,-7.838929],[112.957842,-7.838929]]]}},{"type":"Feature","properties":{"fid":17,"DN":2},"geometry":{"type":"Polygon","coordinates":[[[112.958113,-7.839747],[112.958113,-7.840292],[112.958384,-7.840292],[112.958384,-7.839747],[112.958113,-7.839747]]]}},{"type":"Feature","properties":{"fid":18,"DN":2},"geometry":{"type":"Polygon","coordinates":[[[112.949451,-7.841927],[112.949451,-7.842199],[112.949993,-7.842199],[112.949993,-7.841927],[112.949451,-7.841927]]]}},{"type":"Feature","properties":{"fid":19,"DN":2},"geometry":{"type":"Polygon","coordinates":[[[112.95297,-7.842472],[112.95297,-7.842744],[112.953241,-7.842744],[112.953241,-7.842472],[112.95297,-7.842472]]]}},{"type":"Feature","properties":{"fid":20,"DN":2},"geometry":{"type":"Polygon","coordinates":[[[112.96082,-7.842472],[112.96082,-7.842744],[112.96109,-7.842744],[112.96109,-7.842472],[112.96082,-7.842472]]]}},{"type":"Feature","properties":{"fid":21,"DN":2},"geometry":{"type":"Polygon","coordinates":[[[112.958925,-7.843017],[112.958925,-7.843289],[112.959196,-7.843289],[112.959196,-7.843017],[112.958925,-7.843017]]]}},{"type":"Feature","properties":{"fid":22,"DN":2},"geometry":{"type":"Polygon","coordinates":[[[113.006022,-7.843289],[113.006022,-7.843562],[113.006564,-7.843562],[113.006564,-7.843289],[113.006022,-7.843289]]]}},{"type":"Feature","properties":{"fid":23,"DN":2},"geometry":{"type":"Polygon","coordinates":[[[112.962173,-7.843017],[112.962173,-7.843834],[112.962444,-7.843834],[112.962444,-7.843017],[112.962173,-7.843017]]]}},{"type":"Feature","properties":{"fid":24,"DN":2},"geometry":{"type":"Polygon","coordinates":[[[112.961361,-7.843834],[112.961361,-7.844107],[112.961632,-7.844107],[112.961632,-7.843834],[112.961361,-7.843834]]]}},{"type":"Feature","properties":{"fid":25,"DN":2},"geometry":{"type":"Polygon","coordinates":[[[113.006022,-7.844107],[113.006022,-7.844379],[113.006564,-7.844379],[113.006564,-7.844107],[113.006022,-7.844107]]]}},{"type":"Feature","properties":{"fid":26,"DN":2},"geometry":{"type":"Polygon","coordinates":[[[113.009271,-7.843834],[113.009271,-7.844107],[113.009,-7.844107],[113.009,-7.844379],[113.009541,-7.844379],[113.009541,-7.843834],[113.009271,-7.843834]]]}},{"type":"Feature","properties":{"fid":27,"DN":2},"geometry":{"type":"Polygon","coordinates":[[[113.002774,-7.844379],[113.002774,-7.844652],[113.003045,-7.844652],[113.003045,-7.844379],[113.002774,-7.844379]]]}},{"type":"Feature","properties":{"fid":28,"DN":2},"geometry":{"type":"Polygon","coordinates":[[[113.00521,-7.844379],[113.00521,-7.844652],[113.005481,-7.844652],[113.005481,-7.844379],[113.00521,-7.844379]]]}},{"type":"Feature","properties":{"fid":29,"DN":2},"geometry":{"type":"Polygon","coordinates":[[[113.007647,-7.844652],[113.007647,-7.844924],[113.007917,-7.844924],[113.007917,-7.844652],[113.007647,-7.844652]]]}},{"type":"Feature","properties":{"fid":30,"DN":2},"geometry":{"type":"Polygon","coordinates":[[[113.008459,-7.844924],[113.008459,-7.845197],[113.009,-7.845197],[113.009,-7.844924],[113.008459,-7.844924]]]}},{"type":"Feature","properties":{"fid":31,"DN":2},"geometry":{"type":"Polygon","coordinates":[[[112.984368,-7.845197],[112.984368,-7.845742],[112.984639,-7.845742],[112.984639,-7.845197],[112.984368,-7.845197]]]}},{"type":"Feature","properties":{"fid":32,"DN":2},"geometry":{"type":"Polygon","coordinates":[[[113.007917,-7.845469],[113.007917,-7.845742],[113.008188,-7.845742],[113.008188,-7.845469],[113.007917,-7.845469]]]}},{"type":"Feature","properties":{"fid":33,"DN":2},"geometry":{"type":"Polygon","coordinates":[[[112.962173,-7.845469],[112.962173,-7.846014],[112.962444,-7.846014],[112.962444,-7.845469],[112.962173,-7.845469]]]}},{"type":"Feature","properties":{"fid":34,"DN":2},"geometry":{"type":"Polygon","coordinates":[[[112.98518,-7.845469],[112.98518,-7.846014],[112.985451,-7.846014],[112.985451,-7.845469],[112.98518,-7.845469]]]}},{"type":"Feature","properties":{"fid":35,"DN":2},"geometry":{"type":"Polygon","coordinates":[[[112.98491,-7.846014],[112.98491,-7.846287],[112.98518,-7.846287],[112.98518,-7.846014],[112.98491,-7.846014]]]}},{"type":"Feature","properties":{"fid":36,"DN":2},"geometry":{"type":"Polygon","coordinates":[[[112.954323,-7.846287],[112.954323,-7.846559],[112.954865,-7.846559],[112.954865,-7.846287],[112.954323,-7.846287]]]}},{"type":"Feature","properties":{"fid":37,"DN":2},"geometry":{"type":"Polygon","coordinates":[[[112.96109,-7.846287],[112.96109,-7.846559],[112.961361,-7.846559],[112.961361,-7.846287],[112.96109,-7.846287]]]}},{"type":"Feature","properties":{"fid":38,"DN":2},"geometry":{"type":"Polygon","coordinates":[[[113.006834,-7.845469],[113.006834,-7.846014],[113.006564,-7.846014],[113.006564,-7.846287],[113.006834,-7.846287],[113.006834,-7.846832],[113.007105,-7.846832],[113.007105,-7.845469],[113.006834,-7.845469]]]}},{"type":"Feature","properties":{"fid":39,"DN":2},"geometry":{"type":"Polygon","coordinates":[[[112.956218,-7.846559],[112.956218,-7.846832],[112.956489,-7.846832],[112.956489,-7.846559],[112.956218,-7.846559]]]}},{"type":"Feature","properties":{"fid":40,"DN":2},"geometry":{"type":"Polygon","coordinates":[[[113.002504,-7.846559],[113.002504,-7.847104],[113.002774,-7.847104],[113.002774,-7.846559],[113.002504,-7.846559]]]}},{"type":"Feature","properties":{"fid":41,"DN":2},"geometry":{"type":"Polygon","coordinates":[[[113.007647,-7.846832],[113.007647,-7.847377],[113.007917,-7.847377],[113.007917,-7.846832],[113.007647,-7.846832]]]}},{"type":"Feature","properties":{"fid":42,"DN":2},"geometry":{"type":"Polygon","coordinates":[[[112.952429,-7.847104],[112.952429,-7.847377],[112.952699,-7.847377],[112.952699,-7.847104],[112.952429,-7.847104]]]}},{"type":"Feature","properties":{"fid":43,"DN":2},"geometry":{"type":"Polygon","coordinates":[[[113.00521,-7.847104],[113.00521,-7.847377],[113.005481,-7.847377],[113.005481,-7.847104],[113.00521,-7.847104]]]}},{"type":"Feature","properties":{"fid":44,"DN":2},"geometry":{"type":"Polygon","coordinates":[[[112.983286,-7.846832],[112.983286,-7.847649],[112.983556,-7.847649],[112.983556,-7.847377],[112.984098,-7.847377],[112.984098,-7.846832],[112.983286,-7.846832]]]}},{"type":"Feature","properties":{"fid":45,"DN":2},"geometry":{"type":"Polygon","coordinates":[[[113.004669,-7.847377],[113.004669,-7.847649],[113.00521,-7.847649],[113.00521,-7.847377],[113.004669,-7.847377]]]}},{"type":"Feature","properties":{"fid":46,"DN":2},"geometry":{"type":"Polygon","coordinates":[[[112.95703,-7.847649],[112.95703,-7.847922],[112.958113,-7.847922],[112.958113,-7.847649],[112.95703,-7.847649]]]}},{"type":"Feature","properties":{"fid":47,"DN":2},"geometry":{"type":"Polygon","coordinates":[[[112.984098,-7.847649],[112.984098,-7.847922],[112.984639,-7.847922],[112.984639,-7.847649],[112.984098,-7.847649]]]}},{"type":"Feature","properties":{"fid":48,"DN":2},"geometry":{"type":"Polygon","coordinates":[[[113.007376,-7.847649],[113.007376,-7.847922],[113.007647,-7.847922],[113.007647,-7.847649],[113.007376,-7.847649]]]}},{"type":"Feature","properties":{"fid":49,"DN":2},"geometry":{"type":"Polygon","coordinates":[[[113.016037,-7.847649],[113.016037,-7.847922],[113.016308,-7.847922],[113.016308,-7.847649],[113.016037,-7.847649]]]}},{"type":"Feature","properties":{"fid":50,"DN":2},"geometry":{"type":"Polygon","coordinates":[[[113.005752,-7.847377],[113.005752,-7.847649],[113.005481,-7.847649],[113.005481,-7.847922],[113.006293,-7.847922],[113.006293,-7.848194],[113.006564,-7.848194],[113.006564,-7.847649],[113.006293,-7.847649],[113.006293,-7.847377],[113.005752,-7.847377]]]}},{"type":"Feature","properties":{"fid":51,"DN":3},"geometry":{"type":"Polygon","coordinates":[[[112.943226,-7.847922],[112.943226,-7.848194],[112.943496,-7.848194],[112.943496,-7.847922],[112.943226,-7.847922]]]}},{"type":"Feature","properties":{"fid":52,"DN":2},"geometry":{"type":"Polygon","coordinates":[[[112.985992,-7.847649],[112.985992,-7.848467],[112.986534,-7.848467],[112.986534,-7.847649],[112.985992,-7.847649]]]}},{"type":"Feature","properties":{"fid":53,"DN":2},"geometry":{"type":"Polygon","coordinates":[[[112.983015,-7.847922],[112.983015,-7.848467],[112.983286,-7.848467],[112.983286,-7.847922],[112.983015,-7.847922]]]}},{"type":"Feature","properties":{"fid":54,"DN":2},"geometry":{"type":"Polygon","coordinates":[[[112.984639,-7.847922],[112.984639,-7.848467],[112.98491,-7.848467],[112.98491,-7.847922],[112.984639,-7.847922]]]}},{"type":"Feature","properties":{"fid":55,"DN":1},"geometry":{"type":"Polygon","coordinates":[[[112.949722,-7.848194],[112.949722,-7.848467],[112.949993,-7.848467],[112.949993,-7.848194],[112.949722,-7.848194]]]}},{"type":"Feature","properties":{"fid":56,"DN":2},"geometry":{"type":"Polygon","coordinates":[[[113.004128,-7.848194],[113.004128,-7.848467],[113.004398,-7.848467],[113.004398,-7.848194],[113.004128,-7.848194]]]}},{"type":"Feature","properties":{"fid":57,"DN":2},"geometry":{"type":"Polygon","coordinates":[[[113.014143,-7.848194],[113.014143,-7.848467],[113.014413,-7.848467],[113.014413,-7.848194],[113.014143,-7.848194]]]}},{"type":"Feature","properties":{"fid":58,"DN":2},"geometry":{"type":"Polygon","coordinates":[[[112.991947,-7.847649],[112.991947,-7.847922],[112.992489,-7.847922],[112.992489,-7.848739],[112.992759,-7.848739],[112.992759,-7.848194],[112.99303,-7.848194],[112.99303,-7.847922],[112.992759,-7.847922],[112.992759,-7.847649],[112.991947,-7.847649]]]}},{"type":"Feature","properties":{"fid":59,"DN":2},"geometry":{"type":"Polygon","coordinates":[[[112.958113,-7.848194],[112.958113,-7.848739],[112.958384,-7.848739],[112.958384,-7.848467],[112.958654,-7.848467],[112.958654,-7.848194],[112.958113,-7.848194]]]}},{"type":"Feature","properties":{"fid":60,"DN":2},"geometry":{"type":"Polygon","coordinates":[[[112.985451,-7.848467],[112.985451,-7.848739],[112.985722,-7.848739],[112.985722,-7.848467],[112.985451,-7.848467]]]}},{"type":"Feature","properties":{"fid":61,"DN":2},"geometry":{"type":"Polygon","coordinates":[[[113.013601,-7.848467],[113.013601,-7.848739],[113.013872,-7.848739],[113.013872,-7.848467],[113.013601,-7.848467]]]}},{"type":"Feature","properties":{"fid":62,"DN":2},"geometry":{"type":"Polygon","coordinates":[[[112.98897,-7.847649],[112.98897,-7.848194],[112.988429,-7.848194],[112.988429,-7.849012],[112.989511,-7.849012],[112.989511,-7.848739],[112.990053,-7.848739],[112.990053,-7.847922],[112.990323,-7.847922],[112.990323,-7.847649],[112.98897,-7.847649]]]}},{"type":"Feature","properties":{"fid":63,"DN":2},"geometry":{"type":"Polygon","coordinates":[[[112.953511,-7.848739],[112.953511,-7.849012],[112.953782,-7.849012],[112.953782,-7.848739],[112.953511,-7.848739]]]}},{"type":"Feature","properties":{"fid":64,"DN":2},"geometry":{"type":"Polygon","coordinates":[[[113.003316,-7.848467],[113.003316,-7.848739],[113.003045,-7.848739],[113.003045,-7.849284],[113.003857,-7.849284],[113.003857,-7.848739],[113.004128,-7.848739],[113.004128,-7.848467],[113.003316,-7.848467]]]}},{"type":"Feature","properties":{"fid":65,"DN":2},"geometry":{"type":"Polygon","coordinates":[[[112.951346,-7.849012],[112.951346,-7.849284],[112.951617,-7.849284],[112.951617,-7.849012],[112.951346,-7.849012]]]}},{"type":"Feature","properties":{"fid":66,"DN":2},"geometry":{"type":"Polygon","coordinates":[[[113.019286,-7.846832],[113.019286,-7.847649],[113.019015,-7.847649],[113.019015,-7.847922],[113.018744,-7.847922],[113.018744,-7.848467],[113.018474,-7.848467],[113.018474,-7.848739],[113.017932,-7.848739],[113.017932,-7.849012],[113.017662,-7.849012],[113.017662,-7.849284],[113.019556,-7.849284],[113.019556,-7.848467],[113.019827,-7.848467],[113.019827,-7.848194],[113.020098,-7.848194],[113.020098,-7.847649],[113.019827,-7.847649],[113.019827,-7.847377],[113.019556,-7.847377],[113.019556,-7.846832],[113.019286,-7.846832]]]}},{"type":"Feature","properties":{"fid":67,"DN":2},"geometry":{"type":"Polygon","coordinates":[[[112.962985,-7.848467],[112.962985,-7.849557],[112.963797,-7.849557],[112.963797,-7.849284],[112.963526,-7.849284],[112.963526,-7.848467],[112.962985,-7.848467]]]}},{"type":"Feature","properties":{"fid":68,"DN":2},"geometry":{"type":"Polygon","coordinates":[[[112.957571,-7.848739],[112.957571,-7.849012],[112.957842,-7.849012],[112.957842,-7.849557],[112.958654,-7.849557],[112.958654,-7.849284],[112.958925,-7.849284],[112.958925,-7.849012],[112.958384,-7.849012],[112.958384,-7.849284],[112.958113,-7.849284],[112.958113,-7.848739],[112.957571,-7.848739]]]}},{"type":"Feature","properties":{"fid":69,"DN":2},"geometry":{"type":"Polygon","coordinates":[[[113.006834,-7.849012],[113.006834,-7.849557],[113.007105,-7.849557],[113.007105,-7.849012],[113.006834,-7.849012]]]}},{"type":"Feature","properties":{"fid":70,"DN":2},"geometry":{"type":"Polygon","coordinates":[[[113.010624,-7.843834],[113.010624,-7.844652],[113.010353,-7.844652],[113.010353,-7.844924],[113.010083,-7.844924],[113.010083,-7.845197],[113.009812,-7.845197],[113.009812,-7.845742],[113.010083,-7.845742],[113.010083,-7.845469],[113.010353,-7.845469],[113.010353,-7.845197],[113.010624,-7.845197],[113.010624,-7.845469],[113.010895,-7.845469],[113.010895,-7.846014],[113.011165,-7.846014],[113.011165,-7.846287],[113.010083,-7.846287],[113.010083,-7.846832],[113.009812,-7.846832],[113.009812,-7.847104],[113.009541,-7.847104],[113.009541,-7.846832],[113.009,-7.846832],[113.009,-7.847649],[113.008729,-7.847649],[113.008729,-7.847922],[113.008188,-7.847922],[113.008188,-7.848467],[113.007917,-7.848467],[113.007917,-7.848739],[113.007647,-7.848739],[113.007647,-7.849012],[113.007376,-7.849012],[113.007376,-7.849557],[113.008188,-7.849557],[113.008188,-7.849012],[113.008729,-7.849012],[113.008729,-7.848739],[113.009,-7.848739],[113.009,-7.848467],[113.009541,-7.848467],[113.009541,-7.848739],[113.009812,-7.848739],[113.009812,-7.848467],[113.010353,-7.848467],[113.010353,-7.848194],[113.010624,-7.848194],[113.010624,-7.847922],[113.011165,-7.847922],[113.011165,-7.847649],[113.011707,-7.847649],[113.011707,-7.847922],[113.011977,-7.847922],[113.011977,-7.847377],[113.011707,-7.847377],[113.011707,-7.847104],[113.011977,-7.847104],[113.011977,-7.846559],[113.012248,-7.846559],[113.012248,-7.846014],[113.011977,-7.846014],[113.011977,-7.845742],[113.011707,-7.845742],[113.011707,-7.845197],[113.011436,-7.845197],[113.011436,-7.844652],[113.010895,-7.844652],[113.010895,-7.843834],[113.010624,-7.843834]]]}},{"type":"Feature","properties":{"fid":71,"DN":1},"geometry":{"type":"Polygon","coordinates":[[[113.010624,-7.837839],[113.010624,-7.838112],[113.009541,-7.838112],[113.009541,-7.838384],[113.009,-7.838384],[113.009,-7.838929],[113.006834,-7.838929],[113.006834,-7.838384],[113.005481,-7.838384],[113.005481,-7.838929],[113.00521,-7.838929],[113.00521,-7.839202],[113.004669,-7.839202],[113.004669,-7.839474],[113.004128,-7.839474],[113.004128,-7.840019],[113.002504,-7.840019],[113.002504,-7.840292],[113.00115,-7.840292],[113.00115,-7.840564],[113.000068,-7.840564],[113.000068,-7.841109],[112.999526,-7.841109],[112.999526,-7.841382],[112.999256,-7.841382],[112.999256,-7.841654],[112.998714,-7.841654],[112.998714,-7.841927],[112.998444,-7.841927],[112.998444,-7.842199],[112.998173,-7.842199],[112.998173,-7.842472],[112.997902,-7.842472],[112.997902,-7.842744],[112.997361,-7.842744],[112.997361,-7.843017],[112.996819,-7.843017],[112.996819,-7.843289],[112.996278,-7.843289],[112.996278,-7.843562],[112.996007,-7.843562],[112.996007,-7.843834],[112.995737,-7.843834],[112.995737,-7.844107],[112.995466,-7.844107],[112.995466,-7.844379],[112.995195,-7.844379],[112.995195,-7.844652],[112.994925,-7.844652],[112.994925,-7.845197],[112.994654,-7.845197],[112.994654,-7.845469],[112.994383,-7.845469],[112.994383,-7.846559],[112.994113,-7.846559],[112.994113,-7.847377],[112.993571,-7.847377],[112.993571,-7.847649],[112.992759,-7.847649],[112.992759,-7.847922],[112.99303,-7.847922],[112.99303,-7.848194],[112.992759,-7.848194],[112.992759,-7.848739],[112.992489,-7.848739],[112.992489,-7.847922],[112.991947,-7.847922],[112.991947,-7.847649],[112.990323,-7.847649],[112.990323,-7.847922],[112.990053,-7.847922],[112.990053,-7.848739],[112.989511,-7.848739],[112.989511,-7.849012],[112.988429,-7.849012],[112.988429,-7.848194],[112.98897,-7.848194],[112.98897,-7.847649],[112.988429,-7.847649],[112.988429,-7.847377],[112.987887,-7.847377],[112.987887,-7.847104],[112.987346,-7.847104],[112.987346,-7.846832],[112.987075,-7.846832],[112.987075,-7.846559],[112.986804,-7.846559],[112.986804,-7.846287],[112.985992,-7.846287],[112.985992,-7.846014],[112.985722,-7.846014],[112.985722,-7.845469],[112.985451,-7.845469],[112.985451,-7.846014],[112.98518,-7.846014],[112.98518,-7.845197],[112.984639,-7.845197],[112.984639,-7.845742],[112.984368,-7.845742],[112.984368,-7.845197],[112.983827,-7.845197],[112.983827,-7.844924],[112.983556,-7.844924],[112.983556,-7.845197],[112.983286,-7.845197],[112.983286,-7.845742],[112.983015,-7.845742],[112.983015,-7.846287],[112.982744,-7.846287],[112.982744,-7.846559],[112.982474,-7.846559],[112.982474,-7.847104],[112.982203,-7.847104],[112.982203,-7.847649],[112.981932,-7.847649],[112.981932,-7.849284],[112.981662,-7.849284],[112.981662,-7.849557],[112.98491,-7.849557],[112.98491,-7.849284],[112.98518,-7.849284],[112.98518,-7.849557],[113.006834,-7.849557],[113.006834,-7.849012],[113.007105,-7.849012],[113.007105,-7.849557],[113.007376,-7.849557],[113.007376,-7.849012],[113.007647,-7.849012],[113.007647,-7.848739],[113.007917,-7.848739],[113.007917,-7.848467],[113.008188,-7.848467],[113.008188,-7.847922],[113.008729,-7.847922],[113.008729,-7.847649],[113.009,-7.847649],[113.009,-7.846832],[113.009541,-7.846832],[113.009541,-7.847104],[113.009812,-7.847104],[113.009812,-7.846832],[113.010083,-7.846832],[113.010083,-7.846287],[113.011165,-7.846287],[113.011165,-7.846014],[113.010895,-7.846014],[113.010895,-7.845469],[113.010624,-7.845469],[113.010624,-7.845197],[113.010353,-7.845197],[113.010353,-7.845469],[113.010083,-7.845469],[113.010083,-7.845742],[113.009812,-7.845742],[113.009812,-7.845197],[113.010083,-7.845197],[113.010083,-7.844924],[113.010353,-7.844924],[113.010353,-7.844652],[113.010624,-7.844652],[113.010624,-7.843289],[113.010353,-7.843289],[113.010353,-7.841927],[113.010624,-7.841927],[113.010624,-7.841654],[113.010895,-7.841654],[113.010895,-7.841109],[113.011436,-7.841109],[113.011436,-7.839747],[113.011707,-7.839747],[113.011707,-7.837839],[113.010624,-7.837839]],[[113.006022,-7.843289],[113.006564,-7.843289],[113.006564,-7.843562],[113.006022,-7.843562],[113.006022,-7.843289]],[[113.009271,-7.843834],[113.009541,-7.843834],[113.009541,-7.844379],[113.009,-7.844379],[113.009,-7.844107],[113.009271,-7.844107],[113.009271,-7.843834]],[[113.006022,-7.844107],[113.006564,-7.844107],[113.006564,-7.844379],[113.006022,-7.844379],[113.006022,-7.844107]],[[113.002774,-7.844379],[113.003045,-7.844379],[113.003045,-7.844652],[113.002774,-7.844652],[113.002774,-7.844379]],[[113.00521,-7.844379],[113.005481,-7.844379],[113.005481,-7.844652],[113.00521,-7.844652],[113.00521,-7.844379]],[[113.007647,-7.844652],[113.007917,-7.844652],[113.007917,-7.844924],[113.007647,-7.844924],[113.007647,-7.844652]],[[113.008459,-7.844924],[113.009,-7.844924],[113.009,-7.845197],[113.008459,-7.845197],[113.008459,-7.844924]],[[113.006834,-7.845469],[113.007105,-7.845469],[113.007105,-7.846832],[113.006834,-7.846832],[113.006834,-7.846287],[113.006564,-7.846287],[113.006564,-7.846014],[113.006834,-7.846014],[113.006834,-7.845469]],[[113.007917,-7.845469],[113.008188,-7.845469],[113.008188,-7.845742],[113.007917,-7.845742],[113.007917,-7.845469]],[[112.98491,-7.846014],[112.98518,-7.846014],[112.98518,-7.846287],[112.98491,-7.846287],[112.98491,-7.846014]],[[113.002504,-7.846559],[113.002774,-7.846559],[113.002774,-7.847104],[113.002504,-7.847104],[113.002504,-7.846559]],[[112.983286,-7.846832],[112.984098,-7.846832],[112.984098,-7.847377],[112.983556,-7.847377],[112.983556,-7.847649],[112.983286,-7.847649],[112.983286,-7.846832]],[[113.007647,-7.846832],[113.007917,-7.846832],[113.007917,-7.847377],[113.007647,-7.847377],[113.007647,-7.846832]],[[113.00521,-7.847104],[113.005481,-7.847104],[113.005481,-7.847377],[113.00521,-7.847377],[113.00521,-7.847104]],[[113.004669,-7.847377],[113.00521,-7.847377],[113.00521,-7.847649],[113.004669,-7.847649],[113.004669,-7.847377]],[[113.005752,-7.847377],[113.006293,-7.847377],[113.006293,-7.847649],[113.006564,-7.847649],[113.006564,-7.848194],[113.006293,-7.848194],[113.006293,-7.847922],[113.005481,-7.847922],[113.005481,-7.847649],[113.005752,-7.847649],[113.005752,-7.847377]],[[112.984098,-7.847649],[112.984639,-7.847649],[112.984639,-7.847922],[112.984098,-7.847922],[112.984098,-7.847649]],[[112.985992,-7.847649],[112.986534,-7.847649],[112.986534,-7.848467],[112.985992,-7.848467],[112.985992,-7.847649]],[[113.007376,-7.847649],[113.007647,-7.847649],[113.007647,-7.847922],[113.007376,-7.847922],[113.007376,-7.847649]],[[112.983015,-7.847922],[112.983286,-7.847922],[112.983286,-7.848467],[112.983015,-7.848467],[112.983015,-7.847922]],[[112.984639,-7.847922],[112.98491,-7.847922],[112.98491,-7.848467],[112.984639,-7.848467],[112.984639,-7.847922]],[[113.004128,-7.848194],[113.004398,-7.848194],[113.004398,-7.848467],[113.004128,-7.848467],[113.004128,-7.848194]],[[112.985451,-7.848467],[112.985722,-7.848467],[112.985722,-7.848739],[112.985451,-7.848739],[112.985451,-7.848467]],[[113.003316,-7.848467],[113.004128,-7.848467],[113.004128,-7.848739],[113.003857,-7.848739],[113.003857,-7.849284],[113.003045,-7.849284],[113.003045,-7.848739],[113.003316,-7.848739],[113.003316,-7.848467]]]}},{"type":"Feature","properties":{"fid":72,"DN":1},"geometry":{"type":"Polygon","coordinates":[[[112.949722,-7.823396],[112.949722,-7.823669],[112.949181,-7.823669],[112.949181,-7.834841],[112.94891,-7.834841],[112.94891,-7.835114],[112.948639,-7.835114],[112.948639,-7.835386],[112.948098,-7.835386],[112.948098,-7.835659],[112.947827,-7.835659],[112.947827,-7.836749],[112.947286,-7.836749],[112.947286,-7.837294],[112.947015,-7.837294],[112.947015,-7.837567],[112.946744,-7.837567],[112.946744,-7.837839],[112.947556,-7.837839],[112.947556,-7.837567],[112.947827,-7.837567],[112.947827,-7.837294],[112.948098,-7.837294],[112.948098,-7.837022],[112.948369,-7.837022],[112.948369,-7.836749],[112.948639,-7.836749],[112.948639,-7.835931],[112.94891,-7.835931],[112.94891,-7.835659],[112.949181,-7.835659],[112.949181,-7.843562],[112.949451,-7.843562],[112.949451,-7.843834],[112.949993,-7.843834],[112.949993,-7.844379],[112.950263,-7.844379],[112.950263,-7.845742],[112.950534,-7.845742],[112.950534,-7.846559],[112.950805,-7.846559],[112.950805,-7.847922],[112.951075,-7.847922],[112.951075,-7.849829],[112.953511,-7.849829],[112.953511,-7.849284],[112.954053,-7.849284],[112.954053,-7.849829],[112.955406,-7.849829],[112.955406,-7.849557],[112.957842,-7.849557],[112.957842,-7.849012],[112.957571,-7.849012],[112.957571,-7.848739],[112.958113,-7.848739],[112.958113,-7.849284],[112.958384,-7.849284],[112.958384,-7.849012],[112.958925,-7.849012],[112.958925,-7.849284],[112.958654,-7.849284],[112.958654,-7.849557],[112.962985,-7.849557],[112.962985,-7.848467],[112.963526,-7.848467],[112.963526,-7.849284],[112.963797,-7.849284],[112.963797,-7.849557],[112.964609,-7.849557],[112.964609,-7.849012],[112.96488,-7.849012],[112.96488,-7.849284],[112.96515,-7.849284],[112.96515,-7.849012],[112.965692,-7.849012],[112.965692,-7.849557],[112.968128,-7.849557],[112.968128,-7.848467],[112.965692,-7.848467],[112.965692,-7.848194],[112.965421,-7.848194],[112.965421,-7.847922],[112.96488,-7.847922],[112.96488,-7.847649],[112.964609,-7.847649],[112.964609,-7.846832],[112.964068,-7.846832],[112.964068,-7.846559],[112.963797,-7.846559],[112.963797,-7.845197],[112.963256,-7.845197],[112.963256,-7.844924],[112.962985,-7.844924],[112.962985,-7.844107],[112.962714,-7.844107],[112.962714,-7.843834],[112.962173,-7.843834],[112.962173,-7.842199],[112.961632,-7.842199],[112.961632,-7.841382],[112.961361,-7.841382],[112.961361,-7.841109],[112.96109,-7.841109],[112.96109,-7.840837],[112.960549,-7.840837],[112.960549,-7.840564],[112.960278,-7.840564],[112.960278,-7.840019],[112.960549,-7.840019],[112.960549,-7.839747],[112.960278,-7.839747],[112.960278,-7.839474],[112.960008,-7.839474],[112.960008,-7.838929],[112.959466,-7.838929],[112.959466,-7.838384],[112.959196,-7.838384],[112.959196,-7.837839],[112.958654,-7.837839],[112.958654,-7.837567],[112.958384,-7.837567],[112.958384,-7.837022],[112.958113,-7.837022],[112.958113,-7.834841],[112.957571,-7.834841],[112.957571,-7.834569],[112.95703,-7.834569],[112.95703,-7.833206],[112.956759,-7.833206],[112.956759,-7.832934],[112.956489,-7.832934],[112.956489,-7.832661],[112.956218,-7.832661],[112.956218,-7.832389],[112.955947,-7.832389],[112.955947,-7.832116],[112.955677,-7.832116],[112.955677,-7.831844],[112.955406,-7.831844],[112.955406,-7.827756],[112.954865,-7.827756],[112.954865,-7.827484],[112.954053,-7.827484],[112.954053,-7.826394],[112.954323,-7.826394],[112.954323,-7.825304],[112.954865,-7.825304],[112.954865,-7.824486],[112.955135,-7.824486],[112.955135,-7.823396],[112.949722,-7.823396]],[[112.952429,-7.824214],[112.952699,-7.824214],[112.952699,-7.824486],[112.95297,-7.824486],[112.95297,-7.825304],[112.952158,-7.825304],[112.952158,-7.825031],[112.952429,-7.825031],[112.952429,-7.824214]],[[112.956489,-7.837022],[112.956759,-7.837022],[112.956759,-7.837567],[112.956489,-7.837567],[112.956489,-7.837022]],[[112.957842,-7.838929],[112.958113,-7.838929],[112.958113,-7.839474],[112.957842,-7.839474],[112.957842,-7.838929]],[[112.958113,-7.839747],[112.958384,-7.839747],[112.958384,-7.840292],[112.958113,-7.840292],[112.958113,-7.839747]],[[112.949451,-7.841927],[112.949993,-7.841927],[112.949993,-7.842199],[112.949451,-7.842199],[112.949451,-7.841927]],[[112.95297,-7.842472],[112.953241,-7.842472],[112.953241,-7.842744],[112.95297,-7.842744],[112.95297,-7.842472]],[[112.96082,-7.842472],[112.96109,-7.842472],[112.96109,-7.842744],[112.96082,-7.842744],[112.96082,-7.842472]],[[112.958925,-7.843017],[112.959196,-7.843017],[112.959196,-7.843289],[112.958925,-7.843289],[112.958925,-7.843017]],[[112.961361,-7.843834],[112.961632,-7.843834],[112.961632,-7.844107],[112.961361,-7.844107],[112.961361,-7.843834]],[[112.962173,-7.845469],[112.962444,-7.845469],[112.962444,-7.846014],[112.962173,-7.846014],[112.962173,-7.845469]],[[112.954323,-7.846287],[112.954865,-7.846287],[112.954865,-7.846559],[112.954323,-7.846559],[112.954323,-7.846287]],[[112.96109,-7.846287],[112.961361,-7.846287],[112.961361,-7.846559],[112.96109,-7.846559],[112.96109,-7.846287]],[[112.956218,-7.846559],[112.956489,-7.846559],[112.956489,-7.846832],[112.956218,-7.846832],[112.956218,-7.846559]],[[112.952429,-7.847104],[112.952699,-7.847104],[112.952699,-7.847377],[112.952429,-7.847377],[112.952429,-7.847104]],[[112.95703,-7.847649],[112.958113,-7.847649],[112.958113,-7.847922],[112.95703,-7.847922],[112.95703,-7.847649]],[[112.958113,-7.848194],[112.958654,-7.848194],[112.958654,-7.848467],[112.958384,-7.848467],[112.958384,-7.848739],[112.958113,-7.848739],[112.958113,-7.848194]],[[112.953511,-7.848739],[112.953782,-7.848739],[112.953782,-7.849012],[112.953511,-7.849012],[112.953511,-7.848739]],[[112.951346,-7.849012],[112.951617,-7.849012],[112.951617,-7.849284],[112.951346,-7.849284],[112.951346,-7.849012]]]}},{"type":"Feature","properties":{"fid":73,"DN":3},"geometry":{"type":"Polygon","coordinates":[[[113.004669,-7.849557],[113.004669,-7.849829],[113.00494,-7.849829],[113.00494,-7.849557],[113.004669,-7.849557]]]}},{"type":"Feature","properties":{"fid":74,"DN":3},"geometry":{"type":"Polygon","coordinates":[[[112.953511,-7.849829],[112.953511,-7.850102],[112.953782,-7.850102],[112.953782,-7.849829],[112.953511,-7.849829]]]}},{"type":"Feature","properties":{"fid":75,"DN":3},"geometry":{"type":"Polygon","coordinates":[[[113.002233,-7.849829],[113.002233,-7.850102],[113.002504,-7.850102],[113.002504,-7.849829],[113.002233,-7.849829]]]}},{"type":"Feature","properties":{"fid":76,"DN":3},"geometry":{"type":"Polygon","coordinates":[[[113.006564,-7.849829],[113.006564,-7.850102],[113.006834,-7.850102],[113.006834,-7.849829],[113.006564,-7.849829]]]}},{"type":"Feature","properties":{"fid":77,"DN":2},"geometry":{"type":"Polygon","coordinates":[[[113.060158,-7.849829],[113.060158,-7.850102],[113.060428,-7.850102],[113.060428,-7.849829],[113.060158,-7.849829]]]}},{"type":"Feature","properties":{"fid":78,"DN":3},"geometry":{"type":"Polygon","coordinates":[[[113.026052,-7.849284],[113.026052,-7.849557],[113.026323,-7.849557],[113.026323,-7.849829],[113.026594,-7.849829],[113.026594,-7.850374],[113.027135,-7.850374],[113.027135,-7.849829],[113.027947,-7.849829],[113.027947,-7.849557],[113.027135,-7.849557],[113.027135,-7.849284],[113.026052,-7.849284]]]}},{"type":"Feature","properties":{"fid":79,"DN":3},"geometry":{"type":"Polygon","coordinates":[[[112.962985,-7.849557],[112.962985,-7.850374],[112.963256,-7.850374],[112.963256,-7.849829],[112.963797,-7.849829],[112.963797,-7.849557],[112.962985,-7.849557]]]}},{"type":"Feature","properties":{"fid":80,"DN":3},"geometry":{"type":"Polygon","coordinates":[[[113.006834,-7.849557],[113.006834,-7.849829],[113.007376,-7.849829],[113.007376,-7.850374],[113.007647,-7.850374],[113.007647,-7.850102],[113.007917,-7.850102],[113.007917,-7.849829],[113.008188,-7.849829],[113.008188,-7.849557],[113.006834,-7.849557]]]}},{"type":"Feature","properties":{"fid":81,"DN":3},"geometry":{"type":"Polygon","coordinates":[[[112.953782,-7.850102],[112.953782,-7.850374],[112.954053,-7.850374],[112.954053,-7.850102],[112.953782,-7.850102]]]}},{"type":"Feature","properties":{"fid":82,"DN":3},"geometry":{"type":"Polygon","coordinates":[[[112.998173,-7.849829],[112.998173,-7.850102],[112.997902,-7.850102],[112.997902,-7.850374],[112.998714,-7.850374],[112.998714,-7.850102],[112.998444,-7.850102],[112.998444,-7.849829],[112.998173,-7.849829]]]}},{"type":"Feature","properties":{"fid":83,"DN":3},"geometry":{"type":"Polygon","coordinates":[[[113.001962,-7.850102],[113.001962,-7.850374],[113.002233,-7.850374],[113.002233,-7.850102],[113.001962,-7.850102]]]}},{"type":"Feature","properties":{"fid":84,"DN":3},"geometry":{"type":"Polygon","coordinates":[[[113.017662,-7.849284],[113.017662,-7.850102],[113.017391,-7.850102],[113.017391,-7.850374],[113.018474,-7.850374],[113.018474,-7.850102],[113.019286,-7.850102],[113.019286,-7.850374],[113.019556,-7.850374],[113.019556,-7.849557],[113.019827,-7.849557],[113.019827,-7.849284],[113.017662,-7.849284]]]}},{"type":"Feature","properties":{"fid":85,"DN":3},"geometry":{"type":"Polygon","coordinates":[[[113.024699,-7.850102],[113.024699,-7.850374],[113.02524,-7.850374],[113.02524,-7.850102],[113.024699,-7.850102]]]}},{"type":"Feature","properties":{"fid":86,"DN":3},"geometry":{"type":"Polygon","coordinates":[[[112.965421,-7.849557],[112.965421,-7.850647],[112.965692,-7.850647],[112.965692,-7.849557],[112.965421,-7.849557]]]}},{"type":"Feature","properties":{"fid":87,"DN":3},"geometry":{"type":"Polygon","coordinates":[[[112.967857,-7.849829],[112.967857,-7.850647],[112.968128,-7.850647],[112.968128,-7.849829],[112.967857,-7.849829]]]}},{"type":"Feature","properties":{"fid":88,"DN":3},"geometry":{"type":"Polygon","coordinates":[[[112.938083,-7.850374],[112.938083,-7.850647],[112.938354,-7.850647],[112.938354,-7.850374],[112.938083,-7.850374]]]}},{"type":"Feature","properties":{"fid":89,"DN":3},"geometry":{"type":"Polygon","coordinates":[[[112.966233,-7.850374],[112.966233,-7.850647],[112.966774,-7.850647],[112.966774,-7.850374],[112.966233,-7.850374]]]}},{"type":"Feature","properties":{"fid":90,"DN":2},"geometry":{"type":"Polygon","coordinates":[[[113.057992,-7.850102],[113.057992,-7.850919],[113.058263,-7.850919],[113.058263,-7.850647],[113.058804,-7.850647],[113.058804,-7.850102],[113.057992,-7.850102]]]}},{"type":"Feature","properties":{"fid":91,"DN":3},"geometry":{"type":"Polygon","coordinates":[[[112.997361,-7.850374],[112.997361,-7.850919],[112.997632,-7.850919],[112.997632,-7.850647],[112.997902,-7.850647],[112.997902,-7.850374],[112.997361,-7.850374]]]}},{"type":"Feature","properties":{"fid":92,"DN":3},"geometry":{"type":"Polygon","coordinates":[[[112.964338,-7.850647],[112.964338,-7.850919],[112.96488,-7.850919],[112.96488,-7.850647],[112.964338,-7.850647]]]}},{"type":"Feature","properties":{"fid":93,"DN":3},"geometry":{"type":"Polygon","coordinates":[[[112.965692,-7.850647],[112.965692,-7.850919],[112.966233,-7.850919],[112.966233,-7.850647],[112.965692,-7.850647]]]}},{"type":"Feature","properties":{"fid":94,"DN":3},"geometry":{"type":"Polygon","coordinates":[[[113.00115,-7.850647],[113.00115,-7.850919],[113.001421,-7.850919],[113.001421,-7.850647],[113.00115,-7.850647]]]}},{"type":"Feature","properties":{"fid":95,"DN":3},"geometry":{"type":"Polygon","coordinates":[[[113.015496,-7.850647],[113.015496,-7.850919],[113.016037,-7.850919],[113.016037,-7.850647],[113.015496,-7.850647]]]}},{"type":"Feature","properties":{"fid":96,"DN":3},"geometry":{"type":"Polygon","coordinates":[[[113.01712,-7.850374],[113.01712,-7.850647],[113.016849,-7.850647],[113.016849,-7.850919],[113.017391,-7.850919],[113.017391,-7.850374],[113.01712,-7.850374]]]}},{"type":"Feature","properties":{"fid":97,"DN":2},"geometry":{"type":"Polygon","coordinates":[[[113.053661,-7.850647],[113.053661,-7.850919],[113.053932,-7.850919],[113.053932,-7.850647],[113.053661,-7.850647]]]}},{"type":"Feature","properties":{"fid":98,"DN":2},"geometry":{"type":"Polygon","coordinates":[[[113.059616,-7.850647],[113.059616,-7.850919],[113.060158,-7.850919],[113.060158,-7.850647],[113.059616,-7.850647]]]}},{"type":"Feature","properties":{"fid":99,"DN":3},"geometry":{"type":"Polygon","coordinates":[[[112.957842,-7.849557],[112.957842,-7.850102],[112.958113,-7.850102],[112.958113,-7.851192],[112.958384,-7.851192],[112.958384,-7.850647],[112.958654,-7.850647],[112.958654,-7.849557],[112.957842,-7.849557]]]}},{"type":"Feature","properties":{"fid":100,"DN":3},"geometry":{"type":"Polygon","coordinates":[[[113.002774,-7.850647],[113.002774,-7.851192],[113.003316,-7.851192],[113.003316,-7.850919],[113.003045,-7.850919],[113.003045,-7.850647],[113.002774,-7.850647]]]}},{"type":"Feature","properties":{"fid":101,"DN":3},"geometry":{"type":"Polygon","coordinates":[[[112.960549,-7.850919],[112.960549,-7.851192],[112.96082,-7.851192],[112.96082,-7.850919],[112.960549,-7.850919]]]}},{"type":"Feature","properties":{"fid":102,"DN":3},"geometry":{"type":"Polygon","coordinates":[[[112.963797,-7.850919],[112.963797,-7.851192],[112.964338,-7.851192],[112.964338,-7.850919],[112.963797,-7.850919]]]}},{"type":"Feature","properties":{"fid":103,"DN":2},"geometry":{"type":"Polygon","coordinates":[[[113.055285,-7.850919],[113.055285,-7.851192],[113.055556,-7.851192],[113.055556,-7.850919],[113.055285,-7.850919]]]}},{"type":"Feature","properties":{"fid":104,"DN":3},"geometry":{"type":"Polygon","coordinates":[[[112.965421,-7.850919],[112.965421,-7.851192],[112.96515,-7.851192],[112.96515,-7.851464],[112.965692,-7.851464],[112.965692,-7.850919],[112.965421,-7.850919]]]}},{"type":"Feature","properties":{"fid":105,"DN":3},"geometry":{"type":"Polygon","coordinates":[[[112.956489,-7.851192],[112.956489,-7.851737],[112.95703,-7.851737],[112.95703,-7.851192],[112.956489,-7.851192]]]}},{"type":"Feature","properties":{"fid":106,"DN":3},"geometry":{"type":"Polygon","coordinates":[[[112.998173,-7.850919],[112.998173,-7.851192],[112.997902,-7.851192],[112.997902,-7.851737],[112.998714,-7.851737],[112.998714,-7.851192],[112.998985,-7.851192],[112.998985,-7.850919],[112.998173,-7.850919]]]}},{"type":"Feature","properties":{"fid":107,"DN":3},"geometry":{"type":"Polygon","coordinates":[[[112.947286,-7.851464],[112.947286,-7.851737],[112.947556,-7.851737],[112.947556,-7.851464],[112.947286,-7.851464]]]}},{"type":"Feature","properties":{"fid":108,"DN":3},"geometry":{"type":"Polygon","coordinates":[[[112.954865,-7.851464],[112.954865,-7.851737],[112.955135,-7.851737],[112.955135,-7.851464],[112.954865,-7.851464]]]}},{"type":"Feature","properties":{"fid":109,"DN":3},"geometry":{"type":"Polygon","coordinates":[[[112.96488,-7.851464],[112.96488,-7.851737],[112.96515,-7.851737],[112.96515,-7.851464],[112.96488,-7.851464]]]}},{"type":"Feature","properties":{"fid":110,"DN":3},"geometry":{"type":"Polygon","coordinates":[[[112.967857,-7.851464],[112.967857,-7.851737],[112.968128,-7.851737],[112.968128,-7.851464],[112.967857,-7.851464]]]}},{"type":"Feature","properties":{"fid":111,"DN":3},"geometry":{"type":"Polygon","coordinates":[[[113.02524,-7.851464],[113.02524,-7.851737],[113.026323,-7.851737],[113.026323,-7.851464],[113.02524,-7.851464]]]}},{"type":"Feature","properties":{"fid":112,"DN":3},"geometry":{"type":"Polygon","coordinates":[[[112.961902,-7.851737],[112.961902,-7.852009],[112.962444,-7.852009],[112.962444,-7.851737],[112.961902,-7.851737]]]}},{"type":"Feature","properties":{"fid":113,"DN":3},"geometry":{"type":"Polygon","coordinates":[[[112.98491,-7.851737],[112.98491,-7.852009],[112.98518,-7.852009],[112.98518,-7.851737],[112.98491,-7.851737]]]}},{"type":"Feature","properties":{"fid":114,"DN":3},"geometry":{"type":"Polygon","coordinates":[[[113.016308,-7.851192],[113.016308,-7.851464],[113.016037,-7.851464],[113.016037,-7.852554],[113.016308,-7.852554],[113.016308,-7.851737],[113.016579,-7.851737],[113.016579,-7.851464],[113.016849,-7.851464],[113.016849,-7.851192],[113.016308,-7.851192]]]}},{"type":"Feature","properties":{"fid":115,"DN":2},"geometry":{"type":"Polygon","coordinates":[[[113.055556,-7.852009],[113.055556,-7.852554],[113.055827,-7.852554],[113.055827,-7.852009],[113.055556,-7.852009]]]}},{"type":"Feature","properties":{"fid":116,"DN":3},"geometry":{"type":"Polygon","coordinates":[[[113.006564,-7.850374],[113.006564,-7.850919],[113.006293,-7.850919],[113.006293,-7.852827],[113.006564,-7.852827],[113.006564,-7.852554],[113.006834,-7.852554],[113.006834,-7.851464],[113.007105,-7.851464],[113.007105,-7.850919],[113.007376,-7.850919],[113.007376,-7.850374],[113.006564,-7.850374]]]}},{"type":"Feature","properties":{"fid":117,"DN":3},"geometry":{"type":"Polygon","coordinates":[[[112.95703,-7.851737],[112.95703,-7.852827],[112.957301,-7.852827],[112.957301,-7.851737],[112.95703,-7.851737]]]}},{"type":"Feature","properties":{"fid":118,"DN":3},"geometry":{"type":"Polygon","coordinates":[[[112.997632,-7.852009],[112.997632,-7.852827],[112.997902,-7.852827],[112.997902,-7.852009],[112.997632,-7.852009]]]}},{"type":"Feature","properties":{"fid":119,"DN":2},"geometry":{"type":"Polygon","coordinates":[[[113.061782,-7.852554],[113.061782,-7.852827],[113.062052,-7.852827],[113.062052,-7.852554],[113.061782,-7.852554]]]}},{"type":"Feature","properties":{"fid":120,"DN":3},"geometry":{"type":"Polygon","coordinates":[[[112.955135,-7.851737],[112.955135,-7.853099],[112.955406,-7.853099],[112.955406,-7.851737],[112.955135,-7.851737]]]}},{"type":"Feature","properties":{"fid":121,"DN":3},"geometry":{"type":"Polygon","coordinates":[[[112.958384,-7.851464],[112.958384,-7.851737],[112.958113,-7.851737],[112.958113,-7.853099],[112.958654,-7.853099],[112.958654,-7.851464],[112.958384,-7.851464]]]}},{"type":"Feature","properties":{"fid":122,"DN":3},"geometry":{"type":"Polygon","coordinates":[[[112.960549,-7.852827],[112.960549,-7.853099],[112.96082,-7.853099],[112.96082,-7.852827],[112.960549,-7.852827]]]}},{"type":"Feature","properties":{"fid":123,"DN":2},"geometry":{"type":"Polygon","coordinates":[[[113.05312,-7.852827],[113.05312,-7.853099],[113.053661,-7.853099],[113.053661,-7.852827],[113.05312,-7.852827]]]}},{"type":"Feature","properties":{"fid":124,"DN":3},"geometry":{"type":"Polygon","coordinates":[[[112.998173,-7.852827],[112.998173,-7.853372],[112.998714,-7.853372],[112.998714,-7.852827],[112.998173,-7.852827]]]}},{"type":"Feature","properties":{"fid":125,"DN":3},"geometry":{"type":"Polygon","coordinates":[[[112.955406,-7.853099],[112.955406,-7.853372],[112.955677,-7.853372],[112.955677,-7.853099],[112.955406,-7.853099]]]}},{"type":"Feature","properties":{"fid":126,"DN":3},"geometry":{"type":"Polygon","coordinates":[[[112.956489,-7.853099],[112.956489,-7.853372],[112.95703,-7.853372],[112.95703,-7.853099],[112.956489,-7.853099]]]}},{"type":"Feature","properties":{"fid":127,"DN":2},"geometry":{"type":"Polygon","coordinates":[[[113.056097,-7.853099],[113.056097,-7.853372],[113.056368,-7.853372],[113.056368,-7.853099],[113.056097,-7.853099]]]}},{"type":"Feature","properties":{"fid":128,"DN":2},"geometry":{"type":"Polygon","coordinates":[[[113.061782,-7.853099],[113.061782,-7.853372],[113.062594,-7.853372],[113.062594,-7.853099],[113.061782,-7.853099]]]}},{"type":"Feature","properties":{"fid":129,"DN":2},"geometry":{"type":"Polygon","coordinates":[[[113.062864,-7.853099],[113.062864,-7.853372],[113.063135,-7.853372],[113.063135,-7.853099],[113.062864,-7.853099]]]}},{"type":"Feature","properties":{"fid":130,"DN":2},"geometry":{"type":"Polygon","coordinates":[[[113.056639,-7.849829],[113.056639,-7.850374],[113.056368,-7.850374],[113.056368,-7.851737],[113.056909,-7.851737],[113.056909,-7.852827],[113.05718,-7.852827],[113.05718,-7.853644],[113.057722,-7.853644],[113.057722,-7.853372],[113.057992,-7.853372],[113.057992,-7.853644],[113.058263,-7.853644],[113.058263,-7.852827],[113.057722,-7.852827],[113.057722,-7.852282],[113.05718,-7.852282],[113.05718,-7.850919],[113.057722,-7.850919],[113.057722,-7.850102],[113.056909,-7.850102],[113.056909,-7.849829],[113.056639,-7.849829]]]}},{"type":"Feature","properties":{"fid":131,"DN":3},"geometry":{"type":"Polygon","coordinates":[[[112.954053,-7.853099],[112.954053,-7.853644],[112.954594,-7.853644],[112.954594,-7.853099],[112.954053,-7.853099]]]}},{"type":"Feature","properties":{"fid":132,"DN":3},"geometry":{"type":"Polygon","coordinates":[[[112.964338,-7.853099],[112.964338,-7.853644],[112.964609,-7.853644],[112.964609,-7.853099],[112.964338,-7.853099]]]}},{"type":"Feature","properties":{"fid":133,"DN":3},"geometry":{"type":"Polygon","coordinates":[[[112.996278,-7.853372],[112.996278,-7.853644],[112.996819,-7.853644],[112.996819,-7.853372],[112.996278,-7.853372]]]}},{"type":"Feature","properties":{"fid":134,"DN":3},"geometry":{"type":"Polygon","coordinates":[[[113.014413,-7.853372],[113.014413,-7.853644],[113.014684,-7.853644],[113.014684,-7.853372],[113.014413,-7.853372]]]}},{"type":"Feature","properties":{"fid":135,"DN":2},"geometry":{"type":"Polygon","coordinates":[[[113.055556,-7.853644],[113.055556,-7.853917],[113.056097,-7.853917],[113.056097,-7.853644],[113.055556,-7.853644]]]}},{"type":"Feature","properties":{"fid":136,"DN":3},"geometry":{"type":"Polygon","coordinates":[[[112.955406,-7.853644],[112.955406,-7.854189],[112.955677,-7.854189],[112.955677,-7.853644],[112.955406,-7.853644]]]}},{"type":"Feature","properties":{"fid":137,"DN":3},"geometry":{"type":"Polygon","coordinates":[[[112.946474,-7.853372],[112.946474,-7.854462],[112.947015,-7.854462],[112.947015,-7.853917],[112.947286,-7.853917],[112.947286,-7.853372],[112.946474,-7.853372]]]}},{"type":"Feature","properties":{"fid":138,"DN":3},"geometry":{"type":"Polygon","coordinates":[[[112.954594,-7.853917],[112.954594,-7.854462],[112.954865,-7.854462],[112.954865,-7.853917],[112.954594,-7.853917]]]}},{"type":"Feature","properties":{"fid":139,"DN":3},"geometry":{"type":"Polygon","coordinates":[[[112.955677,-7.854189],[112.955677,-7.854462],[112.955947,-7.854462],[112.955947,-7.854189],[112.955677,-7.854189]]]}},{"type":"Feature","properties":{"fid":140,"DN":3},"geometry":{"type":"Polygon","coordinates":[[[112.956489,-7.854189],[112.956489,-7.854462],[112.95703,-7.854462],[112.95703,-7.854189],[112.956489,-7.854189]]]}},{"type":"Feature","properties":{"fid":141,"DN":3},"geometry":{"type":"Polygon","coordinates":[[[112.966233,-7.854189],[112.966233,-7.854462],[112.966774,-7.854462],[112.966774,-7.854734],[112.967045,-7.854734],[112.967045,-7.854189],[112.966233,-7.854189]]]}},{"type":"Feature","properties":{"fid":142,"DN":3},"geometry":{"type":"Polygon","coordinates":[[[112.95703,-7.854462],[112.95703,-7.854734],[112.957301,-7.854734],[112.957301,-7.854462],[112.95703,-7.854462]]]}},{"type":"Feature","properties":{"fid":143,"DN":2},"geometry":{"type":"Polygon","coordinates":[[[113.056909,-7.854462],[113.056909,-7.854734],[113.05718,-7.854734],[113.05718,-7.854462],[113.056909,-7.854462]]]}},{"type":"Feature","properties":{"fid":144,"DN":3},"geometry":{"type":"Polygon","coordinates":[[[112.981932,-7.853644],[112.981932,-7.854189],[112.981662,-7.854189],[112.981662,-7.855007],[112.981932,-7.855007],[112.981932,-7.854462],[112.982203,-7.854462],[112.982203,-7.853917],[112.982474,-7.853917],[112.982474,-7.853644],[112.981932,-7.853644]]]}},{"type":"Feature","properties":{"fid":145,"DN":3},"geometry":{"type":"Polygon","coordinates":[[[113.013872,-7.854462],[113.013872,-7.855007],[113.014143,-7.855007],[113.014143,-7.854462],[113.013872,-7.854462]]]}},{"type":"Feature","properties":{"fid":146,"DN":2},"geometry":{"type":"Polygon","coordinates":[[[113.054744,-7.854734],[113.054744,-7.855007],[113.055285,-7.855007],[113.055285,-7.854734],[113.054744,-7.854734]]]}},{"type":"Feature","properties":{"fid":147,"DN":3},"geometry":{"type":"Polygon","coordinates":[[[112.967586,-7.854734],[112.967586,-7.855279],[112.967857,-7.855279],[112.967857,-7.855007],[112.968128,-7.855007],[112.968128,-7.854734],[112.967586,-7.854734]]]}},{"type":"Feature","properties":{"fid":148,"DN":3},"geometry":{"type":"Polygon","coordinates":[[[113.001421,-7.851192],[113.001421,-7.851737],[113.00115,-7.851737],[113.00115,-7.852827],[113.000609,-7.852827],[113.000609,-7.853917],[113.000338,-7.853917],[113.000338,-7.854734],[113.000068,-7.854734],[113.000068,-7.855279],[113.000338,-7.855279],[113.000338,-7.855007],[113.001421,-7.855007],[113.001421,-7.854734],[113.001692,-7.854734],[113.001692,-7.854462],[113.002233,-7.854462],[113.002233,-7.853917],[113.002504,-7.853917],[113.002504,-7.853644],[113.003586,-7.853644],[113.003586,-7.853372],[113.004128,-7.853372],[113.004128,-7.852827],[113.003586,-7.852827],[113.003586,-7.852009],[113.002504,-7.852009],[113.002504,-7.851464],[113.002233,-7.851464],[113.002233,-7.851192],[113.001421,-7.851192]]]}},{"type":"Feature","properties":{"fid":149,"DN":3},"geometry":{"type":"Polygon","coordinates":[[[112.94485,-7.855007],[112.94485,-7.855279],[112.94512,-7.855279],[112.94512,-7.855007],[112.94485,-7.855007]]]}},{"type":"Feature","properties":{"fid":150,"DN":3},"geometry":{"type":"Polygon","coordinates":[[[112.981391,-7.855007],[112.981391,-7.855279],[112.981662,-7.855279],[112.981662,-7.855007],[112.981391,-7.855007]]]}},{"type":"Feature","properties":{"fid":151,"DN":3},"geometry":{"type":"Polygon","coordinates":[[[112.995195,-7.855007],[112.995195,-7.855279],[112.995466,-7.855279],[112.995466,-7.855007],[112.995195,-7.855007]]]}},{"type":"Feature","properties":{"fid":152,"DN":3},"geometry":{"type":"Polygon","coordinates":[[[112.995737,-7.855007],[112.995737,-7.855279],[112.996278,-7.855279],[112.996278,-7.855007],[112.995737,-7.855007]]]}},{"type":"Feature","properties":{"fid":153,"DN":3},"geometry":{"type":"Polygon","coordinates":[[[113.004669,-7.855007],[113.004669,-7.855279],[113.00494,-7.855279],[113.00494,-7.855007],[113.004669,-7.855007]]]}},{"type":"Feature","properties":{"fid":154,"DN":3},"geometry":{"type":"Polygon","coordinates":[[[113.011977,-7.855007],[113.011977,-7.855279],[113.012789,-7.855279],[113.012789,-7.855007],[113.011977,-7.855007]]]}},{"type":"Feature","properties":{"fid":155,"DN":3},"geometry":{"type":"Polygon","coordinates":[[[112.962985,-7.851192],[112.962985,-7.853099],[112.962444,-7.853099],[112.962444,-7.853372],[112.962714,-7.853372],[112.962714,-7.853917],[112.962985,-7.853917],[112.962985,-7.855552],[112.963256,-7.855552],[112.963256,-7.854462],[112.963526,-7.854462],[112.963526,-7.854189],[112.963256,-7.854189],[112.963256,-7.853917],[112.963526,-7.853917],[112.963526,-7.852827],[112.963256,-7.852827],[112.963256,-7.851192],[112.962985,-7.851192]]]}},{"type":"Feature","properties":{"fid":156,"DN":3},"geometry":{"type":"Polygon","coordinates":[[[112.963797,-7.855007],[112.963797,-7.855552],[112.964338,-7.855552],[112.964338,-7.855007],[112.963797,-7.855007]]]}},{"type":"Feature","properties":{"fid":157,"DN":3},"geometry":{"type":"Polygon","coordinates":[[[112.96515,-7.855007],[112.96515,-7.855552],[112.965692,-7.855552],[112.965692,-7.855007],[112.96515,-7.855007]]]}},{"type":"Feature","properties":{"fid":158,"DN":3},"geometry":{"type":"Polygon","coordinates":[[[112.948098,-7.855279],[112.948098,-7.855552],[112.948369,-7.855552],[112.948369,-7.855279],[112.948098,-7.855279]]]}},{"type":"Feature","properties":{"fid":159,"DN":3},"geometry":{"type":"Polygon","coordinates":[[[112.990323,-7.855279],[112.990323,-7.855552],[112.990594,-7.855552],[112.990594,-7.855279],[112.990323,-7.855279]]]}},{"type":"Feature","properties":{"fid":160,"DN":3},"geometry":{"type":"Polygon","coordinates":[[[112.994654,-7.855279],[112.994654,-7.855552],[112.994925,-7.855552],[112.994925,-7.855279],[112.994654,-7.855279]]]}},{"type":"Feature","properties":{"fid":161,"DN":2},"geometry":{"type":"Polygon","coordinates":[[[113.058263,-7.855279],[113.058263,-7.855552],[113.058534,-7.855552],[113.058534,-7.855279],[113.058263,-7.855279]]]}},{"type":"Feature","properties":{"fid":162,"DN":2},"geometry":{"type":"Polygon","coordinates":[[[113.056368,-7.855007],[113.056368,-7.855824],[113.056639,-7.855824],[113.056639,-7.855279],[113.056909,-7.855279],[113.056909,-7.855007],[113.056368,-7.855007]]]}},{"type":"Feature","properties":{"fid":163,"DN":3},"geometry":{"type":"Polygon","coordinates":[[[112.98085,-7.855279],[112.98085,-7.855824],[112.981391,-7.855824],[112.981391,-7.855279],[112.98085,-7.855279]]]}},{"type":"Feature","properties":{"fid":164,"DN":3},"geometry":{"type":"Polygon","coordinates":[[[113.006834,-7.855007],[113.006834,-7.855279],[113.006564,-7.855279],[113.006564,-7.855824],[113.006834,-7.855824],[113.006834,-7.855552],[113.007105,-7.855552],[113.007105,-7.855007],[113.006834,-7.855007]]]}},{"type":"Feature","properties":{"fid":165,"DN":3},"geometry":{"type":"Polygon","coordinates":[[[112.964338,-7.855552],[112.964338,-7.855824],[112.964609,-7.855824],[112.964609,-7.855552],[112.964338,-7.855552]]]}},{"type":"Feature","properties":{"fid":166,"DN":3},"geometry":{"type":"Polygon","coordinates":[[[112.996819,-7.855552],[112.996819,-7.855824],[112.997361,-7.855824],[112.997361,-7.855552],[112.996819,-7.855552]]]}},{"type":"Feature","properties":{"fid":167,"DN":3},"geometry":{"type":"Polygon","coordinates":[[[113.004128,-7.855552],[113.004128,-7.855824],[113.004398,-7.855824],[113.004398,-7.855552],[113.004128,-7.855552]]]}},{"type":"Feature","properties":{"fid":168,"DN":2},"geometry":{"type":"Polygon","coordinates":[[[113.019556,-7.855552],[113.019556,-7.855824],[113.019827,-7.855824],[113.019827,-7.855552],[113.019556,-7.855552]]]}},{"type":"Feature","properties":{"fid":169,"DN":2},"geometry":{"type":"Polygon","coordinates":[[[112.950534,-7.853917],[112.950534,-7.855824],[112.950805,-7.855824],[112.950805,-7.856097],[112.951075,-7.856097],[112.951075,-7.855824],[112.951346,-7.855824],[112.951346,-7.855007],[112.951075,-7.855007],[112.951075,-7.853917],[112.950534,-7.853917]]]}},{"type":"Feature","properties":{"fid":170,"DN":2},"geometry":{"type":"Polygon","coordinates":[[[113.058804,-7.853917],[113.058804,-7.856097],[113.060158,-7.856097],[113.060158,-7.855552],[113.059346,-7.855552],[113.059346,-7.855279],[113.059887,-7.855279],[113.059887,-7.854734],[113.060158,-7.854734],[113.060158,-7.854189],[113.059616,-7.854189],[113.059616,-7.853917],[113.058804,-7.853917]]]}},{"type":"Feature","properties":{"fid":171,"DN":3},"geometry":{"type":"Polygon","coordinates":[[[113.013601,-7.855007],[113.013601,-7.855279],[113.013331,-7.855279],[113.013331,-7.856097],[113.013601,-7.856097],[113.013601,-7.855552],[113.013872,-7.855552],[113.013872,-7.855007],[113.013601,-7.855007]]]}},{"type":"Feature","properties":{"fid":172,"DN":3},"geometry":{"type":"Polygon","coordinates":[[[112.972729,-7.855552],[112.972729,-7.856097],[112.973,-7.856097],[112.973,-7.855552],[112.972729,-7.855552]]]}},{"type":"Feature","properties":{"fid":173,"DN":3},"geometry":{"type":"Polygon","coordinates":[[[112.955406,-7.855824],[112.955406,-7.856097],[112.955677,-7.856097],[112.955677,-7.855824],[112.955406,-7.855824]]]}},{"type":"Feature","properties":{"fid":174,"DN":3},"geometry":{"type":"Polygon","coordinates":[[[113.011977,-7.855552],[113.011977,-7.85637],[113.012248,-7.85637],[113.012248,-7.856097],[113.012519,-7.856097],[113.012519,-7.855552],[113.011977,-7.855552]]]}},{"type":"Feature","properties":{"fid":175,"DN":3},"geometry":{"type":"Polygon","coordinates":[[[113.003586,-7.855824],[113.003586,-7.85637],[113.004128,-7.85637],[113.004128,-7.855824],[113.003586,-7.855824]]]}},{"type":"Feature","properties":{"fid":176,"DN":3},"geometry":{"type":"Polygon","coordinates":[[[113.012789,-7.856097],[113.012789,-7.85637],[113.013331,-7.85637],[113.013331,-7.856097],[113.012789,-7.856097]]]}},{"type":"Feature","properties":{"fid":177,"DN":3},"geometry":{"type":"Polygon","coordinates":[[[113.028759,-7.856097],[113.028759,-7.85637],[113.029301,-7.85637],[113.029301,-7.856097],[113.028759,-7.856097]]]}},{"type":"Feature","properties":{"fid":178,"DN":2},"geometry":{"type":"Polygon","coordinates":[[[113.058534,-7.856097],[113.058534,-7.85637],[113.058804,-7.85637],[113.058804,-7.856097],[113.058534,-7.856097]]]}},{"type":"Feature","properties":{"fid":179,"DN":3},"geometry":{"type":"Polygon","coordinates":[[[112.985992,-7.853917],[112.985992,-7.854189],[112.986263,-7.854189],[112.986263,-7.854462],[112.986534,-7.854462],[112.986534,-7.856097],[112.986804,-7.856097],[112.986804,-7.856642],[112.987075,-7.856642],[112.987075,-7.856097],[112.987346,-7.856097],[112.987346,-7.855552],[112.987075,-7.855552],[112.987075,-7.855007],[112.987346,-7.855007],[112.987346,-7.854189],[112.986804,-7.854189],[112.986804,-7.853917],[112.985992,-7.853917]]]}},{"type":"Feature","properties":{"fid":180,"DN":3},"geometry":{"type":"Polygon","coordinates":[[[112.98518,-7.855007],[112.98518,-7.855552],[112.985451,-7.855552],[112.985451,-7.85637],[112.985722,-7.85637],[112.985722,-7.856642],[112.986534,-7.856642],[112.986534,-7.856097],[112.986263,-7.856097],[112.986263,-7.855552],[112.985722,-7.855552],[112.985722,-7.855007],[112.98518,-7.855007]]]}},{"type":"Feature","properties":{"fid":181,"DN":2},"geometry":{"type":"Polygon","coordinates":[[[112.952429,-7.855279],[112.952429,-7.855552],[112.951887,-7.855552],[112.951887,-7.855824],[112.951346,-7.855824],[112.951346,-7.856642],[112.952158,-7.856642],[112.952158,-7.85637],[112.952699,-7.85637],[112.952699,-7.855279],[112.952429,-7.855279]]]}},{"type":"Feature","properties":{"fid":182,"DN":3},"geometry":{"type":"Polygon","coordinates":[[[112.978143,-7.85637],[112.978143,-7.856642],[112.978414,-7.856642],[112.978414,-7.85637],[112.978143,-7.85637]]]}},{"type":"Feature","properties":{"fid":183,"DN":3},"geometry":{"type":"Polygon","coordinates":[[[112.981932,-7.85637],[112.981932,-7.856642],[112.982203,-7.856642],[112.982203,-7.85637],[112.981932,-7.85637]]]}},{"type":"Feature","properties":{"fid":184,"DN":3},"geometry":{"type":"Polygon","coordinates":[[[113.001962,-7.856097],[113.001962,-7.85637],[113.001692,-7.85637],[113.001692,-7.856642],[113.002233,-7.856642],[113.002233,-7.85637],[113.002504,-7.85637],[113.002504,-7.856097],[113.001962,-7.856097]]]}},{"type":"Feature","properties":{"fid":185,"DN":3},"geometry":{"type":"Polygon","coordinates":[[[113.012519,-7.85637],[113.012519,-7.856642],[113.012789,-7.856642],[113.012789,-7.85637],[113.012519,-7.85637]]]}},{"type":"Feature","properties":{"fid":186,"DN":3},"geometry":{"type":"Polygon","coordinates":[[[113.014684,-7.856097],[113.014684,-7.85637],[113.014413,-7.85637],[113.014413,-7.856642],[113.014955,-7.856642],[113.014955,-7.856097],[113.014684,-7.856097]]]}},{"type":"Feature","properties":{"fid":187,"DN":3},"geometry":{"type":"Polygon","coordinates":[[[113.025511,-7.85637],[113.025511,-7.856642],[113.025782,-7.856642],[113.025782,-7.85637],[113.025511,-7.85637]]]}},{"type":"Feature","properties":{"fid":188,"DN":3},"geometry":{"type":"Polygon","coordinates":[[[112.966233,-7.856097],[112.966233,-7.85637],[112.965962,-7.85637],[112.965962,-7.856915],[112.966504,-7.856915],[112.966504,-7.856642],[112.966774,-7.856642],[112.966774,-7.856097],[112.966233,-7.856097]]]}},{"type":"Feature","properties":{"fid":189,"DN":3},"geometry":{"type":"Polygon","coordinates":[[[113.006022,-7.85637],[113.006022,-7.856915],[113.006293,-7.856915],[113.006293,-7.856642],[113.006564,-7.856642],[113.006564,-7.85637],[113.006022,-7.85637]]]}},{"type":"Feature","properties":{"fid":190,"DN":3},"geometry":{"type":"Polygon","coordinates":[[[112.981662,-7.856642],[112.981662,-7.856915],[112.981932,-7.856915],[112.981932,-7.856642],[112.981662,-7.856642]]]}},{"type":"Feature","properties":{"fid":191,"DN":3},"geometry":{"type":"Polygon","coordinates":[[[112.983827,-7.856642],[112.983827,-7.856915],[112.984098,-7.856915],[112.984098,-7.856642],[112.983827,-7.856642]]]}},{"type":"Feature","properties":{"fid":192,"DN":3},"geometry":{"type":"Polygon","coordinates":[[[112.988699,-7.855824],[112.988699,-7.857187],[112.98897,-7.857187],[112.98897,-7.855824],[112.988699,-7.855824]]]}},{"type":"Feature","properties":{"fid":193,"DN":3},"geometry":{"type":"Polygon","coordinates":[[[112.989511,-7.855552],[112.989511,-7.856097],[112.989241,-7.856097],[112.989241,-7.857187],[112.989782,-7.857187],[112.989782,-7.856642],[112.990053,-7.856642],[112.990053,-7.855552],[112.989511,-7.855552]]]}},{"type":"Feature","properties":{"fid":194,"DN":3},"geometry":{"type":"Polygon","coordinates":[[[112.967045,-7.85637],[112.967045,-7.857187],[112.967316,-7.857187],[112.967316,-7.85637],[112.967045,-7.85637]]]}},{"type":"Feature","properties":{"fid":195,"DN":3},"geometry":{"type":"Polygon","coordinates":[[[112.972729,-7.85637],[112.972729,-7.857187],[112.973,-7.857187],[112.973,-7.856915],[112.973271,-7.856915],[112.973271,-7.856642],[112.973541,-7.856642],[112.973541,-7.857187],[112.974083,-7.857187],[112.974083,-7.85637],[112.972729,-7.85637]]]}},{"type":"Feature","properties":{"fid":196,"DN":3},"geometry":{"type":"Polygon","coordinates":[[[112.953511,-7.856642],[112.953511,-7.857187],[112.953782,-7.857187],[112.953782,-7.856642],[112.953511,-7.856642]]]}},{"type":"Feature","properties":{"fid":197,"DN":3},"geometry":{"type":"Polygon","coordinates":[[[113.001421,-7.856642],[113.001421,-7.857187],[113.001692,-7.857187],[113.001692,-7.856642],[113.001421,-7.856642]]]}},{"type":"Feature","properties":{"fid":198,"DN":3},"geometry":{"type":"Polygon","coordinates":[[[113.011977,-7.856642],[113.011977,-7.857187],[113.012248,-7.857187],[113.012248,-7.856915],[113.012519,-7.856915],[113.012519,-7.856642],[113.011977,-7.856642]]]}},{"type":"Feature","properties":{"fid":199,"DN":3},"geometry":{"type":"Polygon","coordinates":[[[113.02497,-7.856642],[113.02497,-7.857187],[113.025511,-7.857187],[113.025511,-7.856642],[113.02497,-7.856642]]]}},{"type":"Feature","properties":{"fid":200,"DN":3},"geometry":{"type":"Polygon","coordinates":[[[112.957571,-7.856915],[112.957571,-7.857187],[112.957842,-7.857187],[112.957842,-7.856915],[112.957571,-7.856915]]]}},{"type":"Feature","properties":{"fid":201,"DN":3},"geometry":{"type":"Polygon","coordinates":[[[112.981391,-7.856915],[112.981391,-7.857187],[112.981662,-7.857187],[112.981662,-7.856915],[112.981391,-7.856915]]]}},{"type":"Feature","properties":{"fid":202,"DN":3},"geometry":{"type":"Polygon","coordinates":[[[113.023616,-7.856915],[113.023616,-7.857187],[113.023887,-7.857187],[113.023887,-7.856915],[113.023616,-7.856915]]]}},{"type":"Feature","properties":{"fid":203,"DN":3},"geometry":{"type":"Polygon","coordinates":[[[112.942684,-7.856642],[112.942684,-7.85746],[112.942955,-7.85746],[112.942955,-7.856642],[112.942684,-7.856642]]]}},{"type":"Feature","properties":{"fid":204,"DN":3},"geometry":{"type":"Polygon","coordinates":[[[112.955947,-7.857187],[112.955947,-7.85746],[112.956218,-7.85746],[112.956218,-7.857187],[112.955947,-7.857187]]]}},{"type":"Feature","properties":{"fid":205,"DN":3},"geometry":{"type":"Polygon","coordinates":[[[112.977601,-7.857187],[112.977601,-7.85746],[112.977872,-7.85746],[112.977872,-7.857187],[112.977601,-7.857187]]]}},{"type":"Feature","properties":{"fid":206,"DN":3},"geometry":{"type":"Polygon","coordinates":[[[112.98085,-7.857187],[112.98085,-7.85746],[112.981391,-7.85746],[112.981391,-7.857187],[112.98085,-7.857187]]]}},{"type":"Feature","properties":{"fid":207,"DN":3},"geometry":{"type":"Polygon","coordinates":[[[113.023887,-7.855824],[113.023887,-7.856097],[113.023616,-7.856097],[113.023616,-7.85637],[113.023346,-7.85637],[113.023346,-7.856642],[113.022263,-7.856642],[113.022263,-7.856915],[113.021992,-7.856915],[113.021992,-7.857187],[113.021722,-7.857187],[113.021722,-7.85746],[113.022263,-7.85746],[113.022263,-7.857187],[113.022534,-7.857187],[113.022534,-7.856915],[113.023616,-7.856915],[113.023616,-7.856642],[113.024428,-7.856642],[113.024428,-7.85637],[113.024158,-7.85637],[113.024158,-7.855824],[113.023887,-7.855824]]]}},{"type":"Feature","properties":{"fid":208,"DN":3},"geometry":{"type":"Polygon","coordinates":[[[112.980308,-7.855824],[112.980308,-7.85637],[112.980038,-7.85637],[112.980038,-7.856642],[112.979496,-7.856642],[112.979496,-7.85746],[112.979767,-7.85746],[112.979767,-7.857732],[112.980308,-7.857732],[112.980308,-7.857187],[112.980579,-7.857187],[112.980579,-7.855824],[112.980308,-7.855824]]]}},{"type":"Feature","properties":{"fid":209,"DN":3},"geometry":{"type":"Polygon","coordinates":[[[112.947556,-7.856915],[112.947556,-7.857187],[112.947827,-7.857187],[112.947827,-7.857732],[112.948369,-7.857732],[112.948369,-7.857187],[112.948098,-7.857187],[112.948098,-7.856915],[112.947556,-7.856915]]]}},{"type":"Feature","properties":{"fid":210,"DN":3},"geometry":{"type":"Polygon","coordinates":[[[112.968669,-7.85637],[112.968669,-7.856642],[112.968128,-7.856642],[112.968128,-7.856915],[112.967857,-7.856915],[112.967857,-7.857732],[112.968128,-7.857732],[112.968128,-7.857187],[112.968669,-7.857187],[112.968669,-7.856915],[112.969211,-7.856915],[112.969211,-7.85637],[112.968669,-7.85637]]]}},{"type":"Feature","properties":{"fid":211,"DN":3},"geometry":{"type":"Polygon","coordinates":[[[112.970023,-7.856915],[112.970023,-7.857187],[112.970564,-7.857187],[112.970564,-7.857732],[112.970835,-7.857732],[112.970835,-7.856915],[112.970023,-7.856915]]]}},{"type":"Feature","properties":{"fid":212,"DN":3},"geometry":{"type":"Polygon","coordinates":[[[112.991406,-7.856915],[112.991406,-7.857732],[112.991677,-7.857732],[112.991677,-7.856915],[112.991406,-7.856915]]]}},{"type":"Feature","properties":{"fid":213,"DN":2},"geometry":{"type":"Polygon","coordinates":[[[113.016579,-7.856915],[113.016579,-7.857187],[113.016308,-7.857187],[113.016308,-7.857732],[113.016849,-7.857732],[113.016849,-7.856915],[113.016579,-7.856915]]]}},{"type":"Feature","properties":{"fid":214,"DN":3},"geometry":{"type":"Polygon","coordinates":[[[112.975436,-7.85746],[112.975436,-7.857732],[112.975707,-7.857732],[112.975707,-7.85746],[112.975436,-7.85746]]]}},{"type":"Feature","properties":{"fid":215,"DN":3},"geometry":{"type":"Polygon","coordinates":[[[113.003045,-7.85637],[113.003045,-7.856642],[113.002774,-7.856642],[113.002774,-7.85746],[113.002504,-7.85746],[113.002504,-7.857732],[113.003045,-7.857732],[113.003045,-7.85746],[113.003586,-7.85746],[113.003586,-7.85637],[113.003045,-7.85637]]]}},{"type":"Feature","properties":{"fid":216,"DN":3},"geometry":{"type":"Polygon","coordinates":[[[113.030654,-7.85746],[113.030654,-7.857732],[113.030925,-7.857732],[113.030925,-7.85746],[113.030654,-7.85746]]]}},{"type":"Feature","properties":{"fid":217,"DN":1},"geometry":{"type":"Polygon","coordinates":[[[113.045812,-7.85746],[113.045812,-7.857732],[113.046082,-7.857732],[113.046082,-7.85746],[113.045812,-7.85746]]]}},{"type":"Feature","properties":{"fid":218,"DN":2},"geometry":{"type":"Polygon","coordinates":[[[112.951887,-7.856915],[112.951887,-7.858005],[112.952158,-7.858005],[112.952158,-7.856915],[112.951887,-7.856915]]]}},{"type":"Feature","properties":{"fid":219,"DN":3},"geometry":{"type":"Polygon","coordinates":[[[112.977331,-7.85746],[112.977331,-7.858005],[112.977601,-7.858005],[112.977601,-7.85746],[112.977331,-7.85746]]]}},{"type":"Feature","properties":{"fid":220,"DN":2},"geometry":{"type":"Polygon","coordinates":[[[113.010083,-7.85637],[113.010083,-7.856642],[113.009812,-7.856642],[113.009812,-7.856915],[113.009541,-7.856915],[113.009541,-7.85746],[113.009,-7.85746],[113.009,-7.858005],[113.009541,-7.858005],[113.009541,-7.857732],[113.010083,-7.857732],[113.010083,-7.85746],[113.010353,-7.85746],[113.010353,-7.856915],[113.010895,-7.856915],[113.010895,-7.856642],[113.011165,-7.856642],[113.011165,-7.85637],[113.010083,-7.85637]]]}},{"type":"Feature","properties":{"fid":221,"DN":3},"geometry":{"type":"Polygon","coordinates":[[[113.02118,-7.85746],[113.02118,-7.858005],[113.021722,-7.858005],[113.021722,-7.85746],[113.02118,-7.85746]]]}},{"type":"Feature","properties":{"fid":222,"DN":3},"geometry":{"type":"Polygon","coordinates":[[[112.992218,-7.857732],[112.992218,-7.858005],[112.992489,-7.858005],[112.992489,-7.857732],[112.992218,-7.857732]]]}},{"type":"Feature","properties":{"fid":223,"DN":3},"geometry":{"type":"Polygon","coordinates":[[[113.009541,-7.857732],[113.009541,-7.858005],[113.010083,-7.858005],[113.010083,-7.857732],[113.009541,-7.857732]]]}},{"type":"Feature","properties":{"fid":224,"DN":3},"geometry":{"type":"Polygon","coordinates":[[[112.985722,-7.856915],[112.985722,-7.857732],[112.986263,-7.857732],[112.986263,-7.858005],[112.986534,-7.858005],[112.986534,-7.85746],[112.986804,-7.85746],[112.986804,-7.858277],[112.987075,-7.858277],[112.987075,-7.858005],[112.987346,-7.858005],[112.987346,-7.857732],[112.987887,-7.857732],[112.987887,-7.856915],[112.986804,-7.856915],[112.986804,-7.857187],[112.986263,-7.857187],[112.986263,-7.856915],[112.985722,-7.856915]]]}},{"type":"Feature","properties":{"fid":225,"DN":3},"geometry":{"type":"Polygon","coordinates":[[[112.983286,-7.85746],[112.983286,-7.858277],[112.983827,-7.858277],[112.983827,-7.85746],[112.983286,-7.85746]]]}},{"type":"Feature","properties":{"fid":226,"DN":2},"geometry":{"type":"Polygon","coordinates":[[[112.950534,-7.856915],[112.950534,-7.857732],[112.950263,-7.857732],[112.950263,-7.858005],[112.950534,-7.858005],[112.950534,-7.858277],[112.951346,-7.858277],[112.951346,-7.858005],[112.950805,-7.858005],[112.950805,-7.856915],[112.950534,-7.856915]]]}},{"type":"Feature","properties":{"fid":227,"DN":3},"geometry":{"type":"Polygon","coordinates":[[[113.001962,-7.857732],[113.001962,-7.858277],[113.002233,-7.858277],[113.002233,-7.857732],[113.001962,-7.857732]]]}},{"type":"Feature","properties":{"fid":228,"DN":3},"geometry":{"type":"Polygon","coordinates":[[[112.965692,-7.856915],[112.965692,-7.85855],[112.965962,-7.85855],[112.965962,-7.856915],[112.965692,-7.856915]]]}},{"type":"Feature","properties":{"fid":229,"DN":3},"geometry":{"type":"Polygon","coordinates":[[[112.94106,-7.858277],[112.94106,-7.85855],[112.941331,-7.85855],[112.941331,-7.858277],[112.94106,-7.858277]]]}},{"type":"Feature","properties":{"fid":230,"DN":3},"geometry":{"type":"Polygon","coordinates":[[[112.948639,-7.858277],[112.948639,-7.85855],[112.94891,-7.85855],[112.94891,-7.858277],[112.948639,-7.858277]]]}},{"type":"Feature","properties":{"fid":231,"DN":3},"geometry":{"type":"Polygon","coordinates":[[[112.983015,-7.858277],[112.983015,-7.85855],[112.983286,-7.85855],[112.983286,-7.858277],[112.983015,-7.858277]]]}},{"type":"Feature","properties":{"fid":232,"DN":3},"geometry":{"type":"Polygon","coordinates":[[[112.991677,-7.858277],[112.991677,-7.85855],[112.991947,-7.85855],[112.991947,-7.858277],[112.991677,-7.858277]]]}},{"type":"Feature","properties":{"fid":233,"DN":3},"geometry":{"type":"Polygon","coordinates":[[[113.011165,-7.857732],[113.011165,-7.858005],[113.010895,-7.858005],[113.010895,-7.858277],[113.010353,-7.858277],[113.010353,-7.85855],[113.011165,-7.85855],[113.011165,-7.858277],[113.011436,-7.858277],[113.011436,-7.858005],[113.011707,-7.858005],[113.011707,-7.857732],[113.011165,-7.857732]]]}},{"type":"Feature","properties":{"fid":234,"DN":2},"geometry":{"type":"Polygon","coordinates":[[[113.058263,-7.858277],[113.058263,-7.85855],[113.058534,-7.85855],[113.058534,-7.858277],[113.058263,-7.858277]]]}},{"type":"Feature","properties":{"fid":235,"DN":3},"geometry":{"type":"Polygon","coordinates":[[[112.980579,-7.858005],[112.980579,-7.858822],[112.98085,-7.858822],[112.98085,-7.858005],[112.980579,-7.858005]]]}},{"type":"Feature","properties":{"fid":236,"DN":3},"geometry":{"type":"Polygon","coordinates":[[[113.02524,-7.857732],[113.02524,-7.858005],[113.02497,-7.858005],[113.02497,-7.858822],[113.025511,-7.858822],[113.025511,-7.858277],[113.025782,-7.858277],[113.025782,-7.857732],[113.02524,-7.857732]]]}},{"type":"Feature","properties":{"fid":237,"DN":2},"geometry":{"type":"Polygon","coordinates":[[[112.951075,-7.85855],[112.951075,-7.858822],[112.951346,-7.858822],[112.951346,-7.85855],[112.951075,-7.85855]]]}},{"type":"Feature","properties":{"fid":238,"DN":3},"geometry":{"type":"Polygon","coordinates":[[[112.96082,-7.85855],[112.96082,-7.858822],[112.96109,-7.858822],[112.96109,-7.85855],[112.96082,-7.85855]]]}},{"type":"Feature","properties":{"fid":239,"DN":2},"geometry":{"type":"Polygon","coordinates":[[[113.007647,-7.85855],[113.007647,-7.858822],[113.007917,-7.858822],[113.007917,-7.85855],[113.007647,-7.85855]]]}},{"type":"Feature","properties":{"fid":240,"DN":3},"geometry":{"type":"Polygon","coordinates":[[[113.020639,-7.85855],[113.020639,-7.858822],[113.02091,-7.858822],[113.02091,-7.85855],[113.020639,-7.85855]]]}},{"type":"Feature","properties":{"fid":241,"DN":2},"geometry":{"type":"Polygon","coordinates":[[[113.06097,-7.85855],[113.06097,-7.858822],[113.06124,-7.858822],[113.06124,-7.85855],[113.06097,-7.85855]]]}},{"type":"Feature","properties":{"fid":242,"DN":3},"geometry":{"type":"Polygon","coordinates":[[[113.02903,-7.856642],[113.02903,-7.856915],[113.028759,-7.856915],[113.028759,-7.857187],[113.02903,-7.857187],[113.02903,-7.85746],[113.028218,-7.85746],[113.028218,-7.857187],[113.027947,-7.857187],[113.027947,-7.859095],[113.028759,-7.859095],[113.028759,-7.858822],[113.028489,-7.858822],[113.028489,-7.85855],[113.028218,-7.85855],[113.028218,-7.857732],[113.02903,-7.857732],[113.02903,-7.859095],[113.030383,-7.859095],[113.030383,-7.858822],[113.030654,-7.858822],[113.030654,-7.85855],[113.029571,-7.85855],[113.029571,-7.856642],[113.02903,-7.856642]]]}},{"type":"Feature","properties":{"fid":243,"DN":3},"geometry":{"type":"Polygon","coordinates":[[[112.966774,-7.85746],[112.966774,-7.858277],[112.967045,-7.858277],[112.967045,-7.859095],[112.967316,-7.859095],[112.967316,-7.857732],[112.967045,-7.857732],[112.967045,-7.85746],[112.966774,-7.85746]]]}},{"type":"Feature","properties":{"fid":244,"DN":3},"geometry":{"type":"Polygon","coordinates":[[[112.944038,-7.858005],[112.944038,-7.858277],[112.944579,-7.858277],[112.944579,-7.859095],[112.94485,-7.859095],[112.94485,-7.858277],[112.94512,-7.858277],[112.94512,-7.858005],[112.944038,-7.858005]]]}},{"type":"Feature","properties":{"fid":245,"DN":3},"geometry":{"type":"Polygon","coordinates":[[[112.955947,-7.858277],[112.955947,-7.859095],[112.956218,-7.859095],[112.956218,-7.858277],[112.955947,-7.858277]]]}},{"type":"Feature","properties":{"fid":246,"DN":3},"geometry":{"type":"Polygon","coordinates":[[[112.985451,-7.858277],[112.985451,-7.859095],[112.986263,-7.859095],[112.986263,-7.858277],[112.985451,-7.858277]]]}},{"type":"Feature","properties":{"fid":247,"DN":3},"geometry":{"type":"Polygon","coordinates":[[[112.981662,-7.858277],[112.981662,-7.85855],[112.981391,-7.85855],[112.981391,-7.859095],[112.982203,-7.859095],[112.982203,-7.85855],[112.982474,-7.85855],[112.982474,-7.858277],[112.981662,-7.858277]]]}},{"type":"Feature","properties":{"fid":248,"DN":3},"geometry":{"type":"Polygon","coordinates":[[[113.022263,-7.858277],[113.022263,-7.85855],[113.021992,-7.85855],[113.021992,-7.859095],[113.022263,-7.859095],[113.022263,-7.858822],[113.022534,-7.858822],[113.022534,-7.858277],[113.022263,-7.858277]]]}},{"type":"Feature","properties":{"fid":249,"DN":3},"geometry":{"type":"Polygon","coordinates":[[[112.962173,-7.858822],[112.962173,-7.859095],[112.962444,-7.859095],[112.962444,-7.858822],[112.962173,-7.858822]]]}},{"type":"Feature","properties":{"fid":250,"DN":3},"geometry":{"type":"Polygon","coordinates":[[[112.964068,-7.858822],[112.964068,-7.859095],[112.964338,-7.859095],[112.964338,-7.858822],[112.964068,-7.858822]]]}},{"type":"Feature","properties":{"fid":251,"DN":2},"geometry":{"type":"Polygon","coordinates":[[[113.015767,-7.85855],[113.015767,-7.858822],[113.015225,-7.858822],[113.015225,-7.859095],[113.016037,-7.859095],[113.016037,-7.85855],[113.015767,-7.85855]]]}},{"type":"Feature","properties":{"fid":252,"DN":3},"geometry":{"type":"Polygon","coordinates":[[[112.986534,-7.85855],[112.986534,-7.859367],[112.986804,-7.859367],[112.986804,-7.85855],[112.986534,-7.85855]]]}},{"type":"Feature","properties":{"fid":253,"DN":3},"geometry":{"type":"Polygon","coordinates":[[[112.987346,-7.85855],[112.987346,-7.859367],[112.987617,-7.859367],[112.987617,-7.858822],[112.987887,-7.858822],[112.987887,-7.85855],[112.987346,-7.85855]]]}},{"type":"Feature","properties":{"fid":254,"DN":3},"geometry":{"type":"Polygon","coordinates":[[[113.030925,-7.85855],[113.030925,-7.859367],[113.031195,-7.859367],[113.031195,-7.859095],[113.031466,-7.859095],[113.031466,-7.858822],[113.031195,-7.858822],[113.031195,-7.85855],[113.030925,-7.85855]]]}},{"type":"Feature","properties":{"fid":255,"DN":3},"geometry":{"type":"Polygon","coordinates":[[[112.968399,-7.85855],[112.968399,-7.858822],[112.967857,-7.858822],[112.967857,-7.859367],[112.968128,-7.859367],[112.968128,-7.859095],[112.96894,-7.859095],[112.96894,-7.85855],[112.968399,-7.85855]]]}},{"type":"Feature","properties":{"fid":256,"DN":3},"geometry":{"type":"Polygon","coordinates":[[[113.020098,-7.858822],[113.020098,-7.859367],[113.020639,-7.859367],[113.020639,-7.858822],[113.020098,-7.858822]]]}},{"type":"Feature","properties":{"fid":257,"DN":3},"geometry":{"type":"Polygon","coordinates":[[[112.963526,-7.859095],[112.963526,-7.859367],[112.964068,-7.859367],[112.964068,-7.859095],[112.963526,-7.859095]]]}},{"type":"Feature","properties":{"fid":258,"DN":3},"geometry":{"type":"Polygon","coordinates":[[[112.969481,-7.859095],[112.969481,-7.859367],[112.969752,-7.859367],[112.969752,-7.859095],[112.969481,-7.859095]]]}},{"type":"Feature","properties":{"fid":259,"DN":3},"geometry":{"type":"Polygon","coordinates":[[[113.027135,-7.858822],[113.027135,-7.859095],[113.026864,-7.859095],[113.026864,-7.859367],[113.027406,-7.859367],[113.027406,-7.858822],[113.027135,-7.858822]]]}},{"type":"Feature","properties":{"fid":260,"DN":2},"geometry":{"type":"Polygon","coordinates":[[[113.057722,-7.859095],[113.057722,-7.859367],[113.057992,-7.859367],[113.057992,-7.859095],[113.057722,-7.859095]]]}},{"type":"Feature","properties":{"fid":261,"DN":3},"geometry":{"type":"Polygon","coordinates":[[[113.010353,-7.855824],[113.010353,-7.856097],[113.009541,-7.856097],[113.009541,-7.85637],[113.009,-7.85637],[113.009,-7.856642],[113.008729,-7.856642],[113.008729,-7.856915],[113.007917,-7.856915],[113.007917,-7.856642],[113.007376,-7.856642],[113.007376,-7.85746],[113.007647,-7.85746],[113.007647,-7.858005],[113.007105,-7.858005],[113.007105,-7.859095],[113.007917,-7.859095],[113.007917,-7.859367],[113.008729,-7.859367],[113.008729,-7.859095],[113.009,-7.859095],[113.009,-7.859367],[113.009541,-7.859367],[113.009541,-7.85964],[113.009812,-7.85964],[113.009812,-7.859095],[113.010083,-7.859095],[113.010083,-7.858822],[113.010353,-7.858822],[113.010353,-7.85855],[113.009541,-7.85855],[113.009541,-7.858005],[113.009,-7.858005],[113.009,-7.85746],[113.009541,-7.85746],[113.009541,-7.856915],[113.009812,-7.856915],[113.009812,-7.856642],[113.010083,-7.856642],[113.010083,-7.85637],[113.011165,-7.85637],[113.011165,-7.856642],[113.010895,-7.856642],[113.010895,-7.856915],[113.010353,-7.856915],[113.010353,-7.85746],[113.010083,-7.85746],[113.010083,-7.857732],[113.010895,-7.857732],[113.010895,-7.85746],[113.011165,-7.85746],[113.011165,-7.856915],[113.011707,-7.856915],[113.011707,-7.856642],[113.011977,-7.856642],[113.011977,-7.85637],[113.011436,-7.85637],[113.011436,-7.855824],[113.010353,-7.855824]],[[113.007647,-7.85855],[113.007917,-7.85855],[113.007917,-7.858822],[113.007647,-7.858822],[113.007647,-7.85855]]]}},{"type":"Feature","properties":{"fid":262,"DN":3},"geometry":{"type":"Polygon","coordinates":[[[112.965421,-7.859095],[112.965421,-7.85964],[112.965692,-7.85964],[112.965692,-7.859095],[112.965421,-7.859095]]]}},{"type":"Feature","properties":{"fid":263,"DN":3},"geometry":{"type":"Polygon","coordinates":[[[112.972188,-7.858822],[112.972188,-7.859095],[112.971917,-7.859095],[112.971917,-7.85964],[112.972729,-7.85964],[112.972729,-7.858822],[112.972188,-7.858822]]]}},{"type":"Feature","properties":{"fid":264,"DN":3},"geometry":{"type":"Polygon","coordinates":[[[112.974895,-7.858822],[112.974895,-7.859095],[112.974624,-7.859095],[112.974624,-7.859367],[112.974895,-7.859367],[112.974895,-7.85964],[112.975165,-7.85964],[112.975165,-7.859095],[112.975436,-7.859095],[112.975436,-7.858822],[112.974895,-7.858822]]]}},{"type":"Feature","properties":{"fid":265,"DN":3},"geometry":{"type":"Polygon","coordinates":[[[112.994383,-7.859095],[112.994383,-7.85964],[112.994654,-7.85964],[112.994654,-7.859095],[112.994383,-7.859095]]]}},{"type":"Feature","properties":{"fid":266,"DN":3},"geometry":{"type":"Polygon","coordinates":[[[112.963256,-7.859367],[112.963256,-7.85964],[112.963526,-7.85964],[112.963526,-7.859367],[112.963256,-7.859367]]]}},{"type":"Feature","properties":{"fid":267,"DN":3},"geometry":{"type":"Polygon","coordinates":[[[112.977601,-7.859367],[112.977601,-7.85964],[112.977872,-7.85964],[112.977872,-7.859367],[112.977601,-7.859367]]]}},{"type":"Feature","properties":{"fid":268,"DN":3},"geometry":{"type":"Polygon","coordinates":[[[112.990053,-7.859367],[112.990053,-7.85964],[112.990323,-7.85964],[112.990323,-7.859367],[112.990053,-7.859367]]]}},{"type":"Feature","properties":{"fid":269,"DN":3},"geometry":{"type":"Polygon","coordinates":[[[113.010895,-7.859367],[113.010895,-7.85964],[113.011165,-7.85964],[113.011165,-7.859367],[113.010895,-7.859367]]]}},{"type":"Feature","properties":{"fid":270,"DN":3},"geometry":{"type":"Polygon","coordinates":[[[113.019827,-7.859367],[113.019827,-7.859912],[113.020098,-7.859912],[113.020098,-7.859367],[113.019827,-7.859367]]]}},{"type":"Feature","properties":{"fid":271,"DN":3},"geometry":{"type":"Polygon","coordinates":[[[112.962985,-7.85964],[112.962985,-7.859912],[112.963256,-7.859912],[112.963256,-7.85964],[112.962985,-7.85964]]]}},{"type":"Feature","properties":{"fid":272,"DN":3},"geometry":{"type":"Polygon","coordinates":[[[112.96515,-7.85964],[112.96515,-7.859912],[112.965421,-7.859912],[112.965421,-7.85964],[112.96515,-7.85964]]]}},{"type":"Feature","properties":{"fid":273,"DN":3},"geometry":{"type":"Polygon","coordinates":[[[112.988158,-7.85964],[112.988158,-7.859912],[112.988699,-7.859912],[112.988699,-7.85964],[112.988158,-7.85964]]]}},{"type":"Feature","properties":{"fid":274,"DN":3},"geometry":{"type":"Polygon","coordinates":[[[112.994113,-7.85964],[112.994113,-7.859912],[112.994383,-7.859912],[112.994383,-7.85964],[112.994113,-7.85964]]]}},{"type":"Feature","properties":{"fid":275,"DN":3},"geometry":{"type":"Polygon","coordinates":[[[112.948369,-7.859367],[112.948369,-7.860185],[112.948639,-7.860185],[112.948639,-7.859367],[112.948369,-7.859367]]]}},{"type":"Feature","properties":{"fid":276,"DN":3},"geometry":{"type":"Polygon","coordinates":[[[113.026594,-7.859367],[113.026594,-7.859912],[113.026864,-7.859912],[113.026864,-7.860185],[113.027135,-7.860185],[113.027135,-7.85964],[113.026864,-7.85964],[113.026864,-7.859367],[113.026594,-7.859367]]]}},{"type":"Feature","properties":{"fid":277,"DN":3},"geometry":{"type":"Polygon","coordinates":[[[112.973812,-7.85964],[112.973812,-7.860185],[112.974083,-7.860185],[112.974083,-7.85964],[112.973812,-7.85964]]]}},{"type":"Feature","properties":{"fid":278,"DN":3},"geometry":{"type":"Polygon","coordinates":[[[112.975165,-7.85964],[112.975165,-7.860185],[112.975436,-7.860185],[112.975436,-7.85964],[112.975165,-7.85964]]]}},{"type":"Feature","properties":{"fid":279,"DN":3},"geometry":{"type":"Polygon","coordinates":[[[112.97706,-7.85964],[112.97706,-7.860185],[112.977331,-7.860185],[112.977331,-7.85964],[112.97706,-7.85964]]]}},{"type":"Feature","properties":{"fid":280,"DN":3},"geometry":{"type":"Polygon","coordinates":[[[112.986263,-7.85964],[112.986263,-7.860185],[112.986534,-7.860185],[112.986534,-7.85964],[112.986263,-7.85964]]]}},{"type":"Feature","properties":{"fid":281,"DN":3},"geometry":{"type":"Polygon","coordinates":[[[113.010353,-7.85964],[113.010353,-7.859912],[113.010624,-7.859912],[113.010624,-7.860185],[113.010895,-7.860185],[113.010895,-7.85964],[113.010353,-7.85964]]]}},{"type":"Feature","properties":{"fid":282,"DN":3},"geometry":{"type":"Polygon","coordinates":[[[112.964609,-7.859912],[112.964609,-7.860185],[112.96515,-7.860185],[112.96515,-7.859912],[112.964609,-7.859912]]]}},{"type":"Feature","properties":{"fid":283,"DN":3},"geometry":{"type":"Polygon","coordinates":[[[113.027947,-7.859912],[113.027947,-7.860185],[113.028218,-7.860185],[113.028218,-7.859912],[113.027947,-7.859912]]]}},{"type":"Feature","properties":{"fid":284,"DN":3},"geometry":{"type":"Polygon","coordinates":[[[113.036338,-7.859912],[113.036338,-7.860185],[113.036879,-7.860185],[113.036879,-7.859912],[113.036338,-7.859912]]]}},{"type":"Feature","properties":{"fid":285,"DN":3},"geometry":{"type":"Polygon","coordinates":[[[112.95297,-7.858822],[112.95297,-7.85964],[112.953241,-7.85964],[112.953241,-7.859912],[112.953511,-7.859912],[112.953511,-7.860457],[112.953782,-7.860457],[112.953782,-7.859367],[112.953511,-7.859367],[112.953511,-7.859095],[112.953241,-7.859095],[112.953241,-7.858822],[112.95297,-7.858822]]]}},{"type":"Feature","properties":{"fid":286,"DN":3},"geometry":{"type":"Polygon","coordinates":[[[112.980308,-7.859367],[112.980308,-7.860457],[112.980579,-7.860457],[112.980579,-7.860185],[112.98085,-7.860185],[112.98085,-7.859367],[112.980308,-7.859367]]]}},{"type":"Feature","properties":{"fid":287,"DN":3},"geometry":{"type":"Polygon","coordinates":[[[112.968399,-7.859912],[112.968399,-7.860457],[112.96894,-7.860457],[112.96894,-7.859912],[112.968399,-7.859912]]]}},{"type":"Feature","properties":{"fid":288,"DN":3},"geometry":{"type":"Polygon","coordinates":[[[113.019556,-7.859912],[113.019556,-7.860457],[113.019827,-7.860457],[113.019827,-7.859912],[113.019556,-7.859912]]]}},{"type":"Feature","properties":{"fid":289,"DN":3},"geometry":{"type":"Polygon","coordinates":[[[112.964338,-7.860185],[112.964338,-7.860457],[112.964609,-7.860457],[112.964609,-7.860185],[112.964338,-7.860185]]]}},{"type":"Feature","properties":{"fid":290,"DN":3},"geometry":{"type":"Polygon","coordinates":[[[112.987887,-7.859912],[112.987887,-7.860185],[112.987617,-7.860185],[112.987617,-7.860457],[112.988158,-7.860457],[112.988158,-7.859912],[112.987887,-7.859912]]]}},{"type":"Feature","properties":{"fid":291,"DN":3},"geometry":{"type":"Polygon","coordinates":[[[112.959737,-7.85964],[112.959737,-7.86073],[112.960008,-7.86073],[112.960008,-7.85964],[112.959737,-7.85964]]]}},{"type":"Feature","properties":{"fid":292,"DN":2},"geometry":{"type":"Polygon","coordinates":[[[113.057451,-7.859912],[113.057451,-7.86073],[113.057722,-7.86073],[113.057722,-7.859912],[113.057451,-7.859912]]]}},{"type":"Feature","properties":{"fid":293,"DN":3},"geometry":{"type":"Polygon","coordinates":[[[113.026594,-7.860185],[113.026594,-7.86073],[113.026864,-7.86073],[113.026864,-7.860185],[113.026594,-7.860185]]]}},{"type":"Feature","properties":{"fid":294,"DN":2},"geometry":{"type":"Polygon","coordinates":[[[113.063406,-7.860185],[113.063406,-7.86073],[113.063676,-7.86073],[113.063676,-7.860185],[113.063406,-7.860185]]]}},{"type":"Feature","properties":{"fid":295,"DN":3},"geometry":{"type":"Polygon","coordinates":[[[112.972188,-7.859912],[112.972188,-7.860457],[112.971917,-7.860457],[112.971917,-7.86073],[112.972729,-7.86073],[112.972729,-7.859912],[112.972188,-7.859912]]]}},{"type":"Feature","properties":{"fid":296,"DN":3},"geometry":{"type":"Polygon","coordinates":[[[112.978684,-7.860457],[112.978684,-7.86073],[112.978955,-7.86073],[112.978955,-7.860457],[112.978684,-7.860457]]]}},{"type":"Feature","properties":{"fid":297,"DN":3},"geometry":{"type":"Polygon","coordinates":[[[112.985722,-7.860457],[112.985722,-7.86073],[112.986263,-7.86073],[112.986263,-7.860457],[112.985722,-7.860457]]]}},{"type":"Feature","properties":{"fid":298,"DN":3},"geometry":{"type":"Polygon","coordinates":[[[113.006564,-7.860457],[113.006564,-7.86073],[113.006834,-7.86073],[113.006834,-7.860457],[113.006564,-7.860457]]]}},{"type":"Feature","properties":{"fid":299,"DN":3},"geometry":{"type":"Polygon","coordinates":[[[113.019286,-7.860457],[113.019286,-7.86073],[113.019556,-7.86073],[113.019556,-7.860457],[113.019286,-7.860457]]]}},{"type":"Feature","properties":{"fid":300,"DN":3},"geometry":{"type":"Polygon","coordinates":[[[113.038504,-7.860457],[113.038504,-7.86073],[113.038774,-7.86073],[113.038774,-7.860457],[113.038504,-7.860457]]]}},{"type":"Feature","properties":{"fid":301,"DN":2},"geometry":{"type":"Polygon","coordinates":[[[113.038774,-7.860457],[113.038774,-7.86073],[113.039045,-7.86073],[113.039045,-7.860457],[113.038774,-7.860457]]]}},{"type":"Feature","properties":{"fid":302,"DN":3},"geometry":{"type":"Polygon","coordinates":[[[112.94512,-7.860457],[112.94512,-7.861002],[112.945391,-7.861002],[112.945391,-7.860457],[112.94512,-7.860457]]]}},{"type":"Feature","properties":{"fid":303,"DN":3},"geometry":{"type":"Polygon","coordinates":[[[112.967586,-7.860457],[112.967586,-7.861002],[112.968128,-7.861002],[112.968128,-7.860457],[112.967586,-7.860457]]]}},{"type":"Feature","properties":{"fid":304,"DN":3},"geometry":{"type":"Polygon","coordinates":[[[112.977601,-7.860457],[112.977601,-7.861002],[112.977872,-7.861002],[112.977872,-7.86073],[112.978143,-7.86073],[112.978143,-7.860457],[112.977601,-7.860457]]]}},{"type":"Feature","properties":{"fid":305,"DN":3},"geometry":{"type":"Polygon","coordinates":[[[113.02903,-7.860457],[113.02903,-7.861002],[113.029301,-7.861002],[113.029301,-7.860457],[113.02903,-7.860457]]]}},{"type":"Feature","properties":{"fid":306,"DN":3},"geometry":{"type":"Polygon","coordinates":[[[112.948098,-7.86073],[112.948098,-7.861002],[112.948369,-7.861002],[112.948369,-7.86073],[112.948098,-7.86073]]]}},{"type":"Feature","properties":{"fid":307,"DN":3},"geometry":{"type":"Polygon","coordinates":[[[112.951075,-7.86073],[112.951075,-7.861002],[112.951617,-7.861002],[112.951617,-7.86073],[112.951075,-7.86073]]]}},{"type":"Feature","properties":{"fid":308,"DN":3},"geometry":{"type":"Polygon","coordinates":[[[112.952699,-7.86073],[112.952699,-7.861002],[112.95297,-7.861002],[112.95297,-7.86073],[112.952699,-7.86073]]]}},{"type":"Feature","properties":{"fid":309,"DN":3},"geometry":{"type":"Polygon","coordinates":[[[113.02497,-7.86073],[113.02497,-7.861002],[113.025511,-7.861002],[113.025511,-7.86073],[113.02497,-7.86073]]]}},{"type":"Feature","properties":{"fid":310,"DN":3},"geometry":{"type":"Polygon","coordinates":[[[113.026323,-7.86073],[113.026323,-7.861002],[113.026594,-7.861002],[113.026594,-7.86073],[113.026323,-7.86073]]]}},{"type":"Feature","properties":{"fid":311,"DN":3},"geometry":{"type":"Polygon","coordinates":[[[113.038774,-7.86073],[113.038774,-7.861002],[113.039045,-7.861002],[113.039045,-7.86073],[113.038774,-7.86073]]]}},{"type":"Feature","properties":{"fid":312,"DN":3},"geometry":{"type":"Polygon","coordinates":[[[113.037692,-7.859367],[113.037692,-7.85964],[113.037962,-7.85964],[113.037962,-7.859912],[113.037692,-7.859912],[113.037692,-7.860185],[113.038774,-7.860185],[113.038774,-7.860457],[113.039045,-7.860457],[113.039045,-7.86073],[113.039586,-7.86073],[113.039586,-7.861275],[113.039857,-7.861275],[113.039857,-7.861002],[113.040669,-7.861002],[113.040669,-7.861275],[113.04094,-7.861275],[113.04094,-7.861002],[113.04121,-7.861002],[113.04121,-7.86073],[113.041481,-7.86073],[113.041481,-7.860457],[113.04121,-7.860457],[113.04121,-7.860185],[113.04094,-7.860185],[113.04094,-7.85964],[113.040669,-7.85964],[113.040669,-7.859912],[113.040128,-7.859912],[113.040128,-7.85964],[113.039586,-7.85964],[113.039586,-7.859367],[113.039316,-7.859367],[113.039316,-7.85964],[113.038504,-7.85964],[113.038504,-7.859367],[113.037692,-7.859367]]]}},{"type":"Feature","properties":{"fid":313,"DN":3},"geometry":{"type":"Polygon","coordinates":[[[112.973812,-7.860457],[112.973812,-7.861275],[112.974083,-7.861275],[112.974083,-7.860457],[112.973812,-7.860457]]]}},{"type":"Feature","properties":{"fid":314,"DN":3},"geometry":{"type":"Polygon","coordinates":[[[112.941872,-7.861002],[112.941872,-7.861275],[112.942143,-7.861275],[112.942143,-7.861002],[112.941872,-7.861002]]]}},{"type":"Feature","properties":{"fid":315,"DN":3},"geometry":{"type":"Polygon","coordinates":[[[112.962444,-7.861002],[112.962444,-7.861275],[112.962714,-7.861275],[112.962714,-7.861002],[112.962444,-7.861002]]]}},{"type":"Feature","properties":{"fid":316,"DN":2},"geometry":{"type":"Polygon","coordinates":[[[113.016849,-7.861002],[113.016849,-7.861275],[113.017391,-7.861275],[113.017391,-7.861002],[113.016849,-7.861002]]]}},{"type":"Feature","properties":{"fid":317,"DN":3},"geometry":{"type":"Polygon","coordinates":[[[113.035255,-7.85964],[113.035255,-7.859912],[113.034443,-7.859912],[113.034443,-7.860457],[113.035255,-7.860457],[113.035255,-7.86073],[113.035797,-7.86073],[113.035797,-7.861275],[113.036067,-7.861275],[113.036067,-7.861547],[113.036609,-7.861547],[113.036609,-7.86073],[113.036338,-7.86073],[113.036338,-7.860185],[113.035526,-7.860185],[113.035526,-7.85964],[113.035255,-7.85964]]]}},{"type":"Feature","properties":{"fid":318,"DN":3},"geometry":{"type":"Polygon","coordinates":[[[113.036879,-7.860185],[113.036879,-7.861275],[113.037692,-7.861275],[113.037692,-7.861547],[113.037962,-7.861547],[113.037962,-7.86073],[113.037692,-7.86073],[113.037692,-7.860457],[113.03715,-7.860457],[113.03715,-7.860185],[113.036879,-7.860185]]]}},{"type":"Feature","properties":{"fid":319,"DN":3},"geometry":{"type":"Polygon","coordinates":[[[112.96082,-7.861002],[112.96082,-7.861547],[112.96109,-7.861547],[112.96109,-7.861002],[112.96082,-7.861002]]]}},{"type":"Feature","properties":{"fid":320,"DN":3},"geometry":{"type":"Polygon","coordinates":[[[112.963526,-7.861275],[112.963526,-7.861547],[112.964068,-7.861547],[112.964068,-7.861275],[112.963526,-7.861275]]]}},{"type":"Feature","properties":{"fid":321,"DN":3},"geometry":{"type":"Polygon","coordinates":[[[113.006564,-7.861275],[113.006564,-7.861547],[113.006834,-7.861547],[113.006834,-7.861275],[113.006564,-7.861275]]]}},{"type":"Feature","properties":{"fid":322,"DN":2},"geometry":{"type":"Polygon","coordinates":[[[113.016579,-7.861275],[113.016579,-7.861547],[113.016849,-7.861547],[113.016849,-7.861275],[113.016579,-7.861275]]]}},{"type":"Feature","properties":{"fid":323,"DN":2},"geometry":{"type":"Polygon","coordinates":[[[113.034443,-7.860457],[113.034443,-7.861275],[113.034173,-7.861275],[113.034173,-7.861547],[113.034714,-7.861547],[113.034714,-7.861275],[113.035797,-7.861275],[113.035797,-7.86073],[113.035255,-7.86073],[113.035255,-7.860457],[113.034443,-7.860457]]]}},{"type":"Feature","properties":{"fid":324,"DN":2},"geometry":{"type":"Polygon","coordinates":[[[113.06097,-7.861275],[113.06097,-7.861547],[113.06124,-7.861547],[113.06124,-7.861275],[113.06097,-7.861275]]]}},{"type":"Feature","properties":{"fid":325,"DN":2},"geometry":{"type":"Polygon","coordinates":[[[113.062864,-7.861275],[113.062864,-7.861547],[113.063135,-7.861547],[113.063135,-7.861275],[113.062864,-7.861275]]]}},{"type":"Feature","properties":{"fid":326,"DN":3},"geometry":{"type":"Polygon","coordinates":[[[112.954865,-7.858822],[112.954865,-7.861002],[112.954594,-7.861002],[112.954594,-7.861547],[112.954865,-7.861547],[112.954865,-7.86182],[112.955135,-7.86182],[112.955135,-7.861002],[112.955406,-7.861002],[112.955406,-7.86073],[112.955135,-7.86073],[112.955135,-7.858822],[112.954865,-7.858822]]]}},{"type":"Feature","properties":{"fid":327,"DN":3},"geometry":{"type":"Polygon","coordinates":[[[112.979767,-7.861002],[112.979767,-7.86182],[112.980038,-7.86182],[112.980038,-7.861002],[112.979767,-7.861002]]]}},{"type":"Feature","properties":{"fid":328,"DN":3},"geometry":{"type":"Polygon","coordinates":[[[112.970023,-7.861275],[112.970023,-7.86182],[112.970293,-7.86182],[112.970293,-7.861275],[112.970023,-7.861275]]]}},{"type":"Feature","properties":{"fid":329,"DN":3},"geometry":{"type":"Polygon","coordinates":[[[113.038774,-7.861275],[113.038774,-7.86182],[113.039045,-7.86182],[113.039045,-7.861275],[113.038774,-7.861275]]]}},{"type":"Feature","properties":{"fid":330,"DN":3},"geometry":{"type":"Polygon","coordinates":[[[112.966504,-7.861547],[112.966504,-7.86182],[112.966774,-7.86182],[112.966774,-7.861547],[112.966504,-7.861547]]]}},{"type":"Feature","properties":{"fid":331,"DN":3},"geometry":{"type":"Polygon","coordinates":[[[113.007105,-7.861547],[113.007105,-7.86182],[113.007376,-7.86182],[113.007376,-7.861547],[113.007105,-7.861547]]]}},{"type":"Feature","properties":{"fid":332,"DN":3},"geometry":{"type":"Polygon","coordinates":[[[113.025782,-7.861547],[113.025782,-7.86182],[113.026052,-7.86182],[113.026052,-7.861547],[113.025782,-7.861547]]]}},{"type":"Feature","properties":{"fid":333,"DN":3},"geometry":{"type":"Polygon","coordinates":[[[112.952699,-7.861547],[112.952699,-7.862092],[112.95297,-7.862092],[112.95297,-7.861547],[112.952699,-7.861547]]]}},{"type":"Feature","properties":{"fid":334,"DN":3},"geometry":{"type":"Polygon","coordinates":[[[112.950534,-7.86182],[112.950534,-7.862092],[112.951075,-7.862092],[112.951075,-7.86182],[112.950534,-7.86182]]]}},{"type":"Feature","properties":{"fid":335,"DN":3},"geometry":{"type":"Polygon","coordinates":[[[112.96109,-7.86182],[112.96109,-7.862092],[112.961632,-7.862092],[112.961632,-7.86182],[112.96109,-7.86182]]]}},{"type":"Feature","properties":{"fid":336,"DN":3},"geometry":{"type":"Polygon","coordinates":[[[112.967316,-7.86182],[112.967316,-7.862092],[112.967586,-7.862092],[112.967586,-7.86182],[112.967316,-7.86182]]]}},{"type":"Feature","properties":{"fid":337,"DN":3},"geometry":{"type":"Polygon","coordinates":[[[112.968399,-7.86182],[112.968399,-7.862092],[112.969211,-7.862092],[112.969211,-7.86182],[112.968399,-7.86182]]]}},{"type":"Feature","properties":{"fid":338,"DN":3},"geometry":{"type":"Polygon","coordinates":[[[112.974895,-7.86182],[112.974895,-7.862092],[112.975165,-7.862092],[112.975165,-7.86182],[112.974895,-7.86182]]]}},{"type":"Feature","properties":{"fid":339,"DN":3},"geometry":{"type":"Polygon","coordinates":[[[112.979496,-7.86182],[112.979496,-7.862092],[112.979767,-7.862092],[112.979767,-7.86182],[112.979496,-7.86182]]]}},{"type":"Feature","properties":{"fid":340,"DN":3},"geometry":{"type":"Polygon","coordinates":[[[112.98112,-7.86182],[112.98112,-7.862092],[112.981391,-7.862092],[112.981391,-7.86182],[112.98112,-7.86182]]]}},{"type":"Feature","properties":{"fid":341,"DN":3},"geometry":{"type":"Polygon","coordinates":[[[112.98491,-7.86182],[112.98491,-7.862092],[112.98518,-7.862092],[112.98518,-7.86182],[112.98491,-7.86182]]]}},{"type":"Feature","properties":{"fid":342,"DN":2},"geometry":{"type":"Polygon","coordinates":[[[113.033361,-7.861547],[113.033361,-7.86182],[113.03309,-7.86182],[113.03309,-7.862092],[113.033631,-7.862092],[113.033631,-7.86182],[113.033902,-7.86182],[113.033902,-7.861547],[113.033361,-7.861547]]]}},{"type":"Feature","properties":{"fid":343,"DN":2},"geometry":{"type":"Polygon","coordinates":[[[113.062323,-7.86182],[113.062323,-7.862092],[113.062594,-7.862092],[113.062594,-7.86182],[113.062323,-7.86182]]]}},{"type":"Feature","properties":{"fid":344,"DN":2},"geometry":{"type":"Polygon","coordinates":[[[113.012248,-7.861275],[113.012248,-7.862092],[113.012519,-7.862092],[113.012519,-7.862365],[113.013331,-7.862365],[113.013331,-7.86182],[113.012519,-7.86182],[113.012519,-7.861275],[113.012248,-7.861275]]]}},{"type":"Feature","properties":{"fid":345,"DN":3},"geometry":{"type":"Polygon","coordinates":[[[112.963256,-7.861547],[112.963256,-7.862365],[112.963526,-7.862365],[112.963526,-7.861547],[112.963256,-7.861547]]]}},{"type":"Feature","properties":{"fid":346,"DN":3},"geometry":{"type":"Polygon","coordinates":[[[112.973812,-7.861547],[112.973812,-7.86182],[112.973271,-7.86182],[112.973271,-7.862365],[112.973812,-7.862365],[112.973812,-7.862092],[112.974624,-7.862092],[112.974624,-7.861547],[112.973812,-7.861547]]]}},{"type":"Feature","properties":{"fid":347,"DN":2},"geometry":{"type":"Polygon","coordinates":[[[113.010895,-7.862092],[113.010895,-7.862365],[113.011436,-7.862365],[113.011436,-7.862092],[113.010895,-7.862092]]]}},{"type":"Feature","properties":{"fid":348,"DN":3},"geometry":{"type":"Polygon","coordinates":[[[113.007647,-7.861547],[113.007647,-7.86182],[113.007376,-7.86182],[113.007376,-7.862637],[113.007647,-7.862637],[113.007647,-7.862092],[113.008459,-7.862092],[113.008459,-7.86182],[113.008188,-7.86182],[113.008188,-7.861547],[113.007647,-7.861547]]]}},{"type":"Feature","properties":{"fid":349,"DN":3},"geometry":{"type":"Polygon","coordinates":[[[113.027406,-7.861275],[113.027406,-7.861547],[113.027135,-7.861547],[113.027135,-7.86182],[113.026864,-7.86182],[113.026864,-7.862092],[113.027406,-7.862092],[113.027406,-7.862637],[113.028759,-7.862637],[113.028759,-7.862365],[113.028489,-7.862365],[113.028489,-7.861547],[113.027947,-7.861547],[113.027947,-7.861275],[113.027406,-7.861275]]]}},{"type":"Feature","properties":{"fid":350,"DN":3},"geometry":{"type":"Polygon","coordinates":[[[112.967045,-7.862092],[112.967045,-7.862637],[112.967316,-7.862637],[112.967316,-7.862092],[112.967045,-7.862092]]]}},{"type":"Feature","properties":{"fid":351,"DN":3},"geometry":{"type":"Polygon","coordinates":[[[112.979226,-7.862365],[112.979226,-7.862637],[112.979496,-7.862637],[112.979496,-7.862365],[112.979226,-7.862365]]]}},{"type":"Feature","properties":{"fid":352,"DN":3},"geometry":{"type":"Polygon","coordinates":[[[112.986534,-7.862092],[112.986534,-7.862365],[112.986263,-7.862365],[112.986263,-7.862637],[112.986804,-7.862637],[112.986804,-7.862365],[112.987075,-7.862365],[112.987075,-7.862092],[112.986534,-7.862092]]]}},{"type":"Feature","properties":{"fid":353,"DN":3},"geometry":{"type":"Polygon","coordinates":[[[113.023075,-7.862365],[113.023075,-7.862637],[113.023346,-7.862637],[113.023346,-7.862365],[113.023075,-7.862365]]]}},{"type":"Feature","properties":{"fid":354,"DN":3},"geometry":{"type":"Polygon","coordinates":[[[113.026052,-7.862365],[113.026052,-7.862637],[113.026323,-7.862637],[113.026323,-7.862365],[113.026052,-7.862365]]]}},{"type":"Feature","properties":{"fid":355,"DN":2},"geometry":{"type":"Polygon","coordinates":[[[113.031195,-7.862365],[113.031195,-7.862637],[113.031737,-7.862637],[113.031737,-7.862365],[113.031195,-7.862365]]]}},{"type":"Feature","properties":{"fid":356,"DN":3},"geometry":{"type":"Polygon","coordinates":[[[113.038774,-7.862365],[113.038774,-7.862637],[113.039045,-7.862637],[113.039045,-7.862365],[113.038774,-7.862365]]]}},{"type":"Feature","properties":{"fid":357,"DN":3},"geometry":{"type":"Polygon","coordinates":[[[112.94485,-7.862092],[112.94485,-7.86291],[112.94512,-7.86291],[112.94512,-7.862092],[112.94485,-7.862092]]]}},{"type":"Feature","properties":{"fid":358,"DN":3},"geometry":{"type":"Polygon","coordinates":[[[112.947286,-7.862092],[112.947286,-7.86291],[112.947827,-7.86291],[112.947827,-7.862365],[112.947556,-7.862365],[112.947556,-7.862092],[112.947286,-7.862092]]]}},{"type":"Feature","properties":{"fid":359,"DN":2},"geometry":{"type":"Polygon","coordinates":[[[113.062052,-7.862092],[113.062052,-7.86291],[113.062323,-7.86291],[113.062323,-7.862092],[113.062052,-7.862092]]]}},{"type":"Feature","properties":{"fid":360,"DN":3},"geometry":{"type":"Polygon","coordinates":[[[112.968399,-7.862637],[112.968399,-7.86291],[112.96894,-7.86291],[112.96894,-7.862637],[112.968399,-7.862637]]]}},{"type":"Feature","properties":{"fid":361,"DN":3},"geometry":{"type":"Polygon","coordinates":[[[112.985992,-7.862637],[112.985992,-7.86291],[112.986263,-7.86291],[112.986263,-7.862637],[112.985992,-7.862637]]]}},{"type":"Feature","properties":{"fid":362,"DN":2},"geometry":{"type":"Polygon","coordinates":[[[113.055827,-7.862637],[113.055827,-7.86291],[113.056097,-7.86291],[113.056097,-7.862637],[113.055827,-7.862637]]]}},{"type":"Feature","properties":{"fid":363,"DN":3},"geometry":{"type":"Polygon","coordinates":[[[112.949181,-7.849829],[112.949181,-7.852554],[112.949451,-7.852554],[112.949451,-7.863182],[112.949993,-7.863182],[112.949993,-7.861547],[112.950263,-7.861547],[112.950263,-7.86073],[112.950534,-7.86073],[112.950534,-7.859912],[112.950805,-7.859912],[112.950805,-7.859367],[112.951075,-7.859367],[112.951075,-7.859095],[112.951346,-7.859095],[112.951346,-7.858822],[112.951887,-7.858822],[112.951887,-7.85855],[112.952429,-7.85855],[112.952429,-7.859095],[112.952699,-7.859095],[112.952699,-7.858822],[112.95297,-7.858822],[112.95297,-7.854189],[112.952429,-7.854189],[112.952429,-7.853917],[112.952699,-7.853917],[112.952699,-7.853644],[112.95297,-7.853644],[112.95297,-7.853099],[112.952429,-7.853099],[112.952429,-7.852009],[112.952158,-7.852009],[112.952158,-7.851737],[112.951617,-7.851737],[112.951617,-7.851464],[112.951346,-7.851464],[112.951346,-7.851192],[112.951075,-7.851192],[112.951075,-7.849829],[112.949181,-7.849829]],[[112.950534,-7.853917],[112.951075,-7.853917],[112.951075,-7.855007],[112.951346,-7.855007],[112.951346,-7.855824],[112.951075,-7.855824],[112.951075,-7.856097],[112.950805,-7.856097],[112.950805,-7.855824],[112.950534,-7.855824],[112.950534,-7.853917]],[[112.952429,-7.855279],[112.952699,-7.855279],[112.952699,-7.85637],[112.952158,-7.85637],[112.952158,-7.856642],[112.951346,-7.856642],[112.951346,-7.855824],[112.951887,-7.855824],[112.951887,-7.855552],[112.952429,-7.855552],[112.952429,-7.855279]],[[112.950534,-7.856915],[112.950805,-7.856915],[112.950805,-7.858005],[112.951346,-7.858005],[112.951346,-7.858277],[112.950534,-7.858277],[112.950534,-7.858005],[112.950263,-7.858005],[112.950263,-7.857732],[112.950534,-7.857732],[112.950534,-7.856915]],[[112.951887,-7.856915],[112.952158,-7.856915],[112.952158,-7.858005],[112.951887,-7.858005],[112.951887,-7.856915]],[[112.951075,-7.85855],[112.951346,-7.85855],[112.951346,-7.858822],[112.951075,-7.858822],[112.951075,-7.85855]]]}},{"type":"Feature","properties":{"fid":364,"DN":3},"geometry":{"type":"Polygon","coordinates":[[[112.945391,-7.862092],[112.945391,-7.862365],[112.945662,-7.862365],[112.945662,-7.86291],[112.945932,-7.86291],[112.945932,-7.863182],[112.946203,-7.863182],[112.946203,-7.862365],[112.945932,-7.862365],[112.945932,-7.862092],[112.945391,-7.862092]]]}},{"type":"Feature","properties":{"fid":365,"DN":2},"geometry":{"type":"Polygon","coordinates":[[[112.957571,-7.862365],[112.957571,-7.863182],[112.957842,-7.863182],[112.957842,-7.862365],[112.957571,-7.862365]]]}},{"type":"Feature","properties":{"fid":366,"DN":3},"geometry":{"type":"Polygon","coordinates":[[[112.971376,-7.862637],[112.971376,-7.863182],[112.971647,-7.863182],[112.971647,-7.862637],[112.971376,-7.862637]]]}},{"type":"Feature","properties":{"fid":367,"DN":3},"geometry":{"type":"Polygon","coordinates":[[[112.977601,-7.86182],[112.977601,-7.862637],[112.977331,-7.862637],[112.977331,-7.86291],[112.977601,-7.86291],[112.977601,-7.863182],[112.978684,-7.863182],[112.978684,-7.86182],[112.978143,-7.86182],[112.978143,-7.862092],[112.977872,-7.862092],[112.977872,-7.86182],[112.977601,-7.86182]]]}},{"type":"Feature","properties":{"fid":368,"DN":2},"geometry":{"type":"Polygon","coordinates":[[[113.018203,-7.862637],[113.018203,-7.863182],[113.018744,-7.863182],[113.018744,-7.862637],[113.018203,-7.862637]]]}},{"type":"Feature","properties":{"fid":369,"DN":2},"geometry":{"type":"Polygon","coordinates":[[[112.968399,-7.86291],[112.968399,-7.863182],[112.96894,-7.863182],[112.96894,-7.86291],[112.968399,-7.86291]]]}},{"type":"Feature","properties":{"fid":370,"DN":3},"geometry":{"type":"Polygon","coordinates":[[[112.980579,-7.86291],[112.980579,-7.863182],[112.98112,-7.863182],[112.98112,-7.86291],[112.980579,-7.86291]]]}},{"type":"Feature","properties":{"fid":371,"DN":3},"geometry":{"type":"Polygon","coordinates":[[[112.98518,-7.86291],[112.98518,-7.863182],[112.985451,-7.863182],[112.985451,-7.86291],[112.98518,-7.86291]]]}},{"type":"Feature","properties":{"fid":372,"DN":3},"geometry":{"type":"Polygon","coordinates":[[[113.039045,-7.86291],[113.039045,-7.863182],[113.039316,-7.863182],[113.039316,-7.86291],[113.039045,-7.86291]]]}},{"type":"Feature","properties":{"fid":373,"DN":3},"geometry":{"type":"Polygon","coordinates":[[[113.043376,-7.86291],[113.043376,-7.863182],[113.043646,-7.863182],[113.043646,-7.86291],[113.043376,-7.86291]]]}},{"type":"Feature","properties":{"fid":374,"DN":1},"geometry":{"type":"Polygon","coordinates":[[[113.046353,-7.862637],[113.046353,-7.863455],[113.046624,-7.863455],[113.046624,-7.862637],[113.046353,-7.862637]]]}},{"type":"Feature","properties":{"fid":375,"DN":2},"geometry":{"type":"Polygon","coordinates":[[[112.959466,-7.86291],[112.959466,-7.863455],[112.959737,-7.863455],[112.959737,-7.86291],[112.959466,-7.86291]]]}},{"type":"Feature","properties":{"fid":376,"DN":2},"geometry":{"type":"Polygon","coordinates":[[[113.01306,-7.86291],[113.01306,-7.863455],[113.013331,-7.863455],[113.013331,-7.86291],[113.01306,-7.86291]]]}},{"type":"Feature","properties":{"fid":377,"DN":3},"geometry":{"type":"Polygon","coordinates":[[[112.94512,-7.863182],[112.94512,-7.863455],[112.945391,-7.863455],[112.945391,-7.863182],[112.94512,-7.863182]]]}},{"type":"Feature","properties":{"fid":378,"DN":3},"geometry":{"type":"Polygon","coordinates":[[[112.949993,-7.863182],[112.949993,-7.863455],[112.950263,-7.863455],[112.950263,-7.863182],[112.949993,-7.863182]]]}},{"type":"Feature","properties":{"fid":379,"DN":3},"geometry":{"type":"Polygon","coordinates":[[[112.954323,-7.863182],[112.954323,-7.863455],[112.954594,-7.863455],[112.954594,-7.863182],[112.954323,-7.863182]]]}},{"type":"Feature","properties":{"fid":380,"DN":2},"geometry":{"type":"Polygon","coordinates":[[[112.956489,-7.863182],[112.956489,-7.863455],[112.956759,-7.863455],[112.956759,-7.863182],[112.956489,-7.863182]]]}},{"type":"Feature","properties":{"fid":381,"DN":2},"geometry":{"type":"Polygon","coordinates":[[[112.95703,-7.863182],[112.95703,-7.863455],[112.957301,-7.863455],[112.957301,-7.863182],[112.95703,-7.863182]]]}},{"type":"Feature","properties":{"fid":382,"DN":3},"geometry":{"type":"Polygon","coordinates":[[[112.98491,-7.863182],[112.98491,-7.863455],[112.98518,-7.863455],[112.98518,-7.863182],[112.98491,-7.863182]]]}},{"type":"Feature","properties":{"fid":383,"DN":2},"geometry":{"type":"Polygon","coordinates":[[[113.017391,-7.863182],[113.017391,-7.863455],[113.018203,-7.863455],[113.018203,-7.863182],[113.017391,-7.863182]]]}},{"type":"Feature","properties":{"fid":384,"DN":1},"geometry":{"type":"Polygon","coordinates":[[[113.047977,-7.862637],[113.047977,-7.863727],[113.048248,-7.863727],[113.048248,-7.862637],[113.047977,-7.862637]]]}},{"type":"Feature","properties":{"fid":385,"DN":3},"geometry":{"type":"Polygon","coordinates":[[[112.942414,-7.863182],[112.942414,-7.863727],[112.942684,-7.863727],[112.942684,-7.863182],[112.942414,-7.863182]]]}},{"type":"Feature","properties":{"fid":386,"DN":3},"geometry":{"type":"Polygon","coordinates":[[[112.982474,-7.861002],[112.982474,-7.861547],[112.982203,-7.861547],[112.982203,-7.862365],[112.981932,-7.862365],[112.981932,-7.86291],[112.981391,-7.86291],[112.981391,-7.863182],[112.98112,-7.863182],[112.98112,-7.863455],[112.981391,-7.863455],[112.981391,-7.863727],[112.981932,-7.863727],[112.981932,-7.863455],[112.982203,-7.863455],[112.982203,-7.86291],[112.982474,-7.86291],[112.982474,-7.862092],[112.982744,-7.862092],[112.982744,-7.861002],[112.982474,-7.861002]]]}},{"type":"Feature","properties":{"fid":387,"DN":2},"geometry":{"type":"Polygon","coordinates":[[[112.954323,-7.863455],[112.954323,-7.863727],[112.954594,-7.863727],[112.954594,-7.863455],[112.954323,-7.863455]]]}},{"type":"Feature","properties":{"fid":388,"DN":2},"geometry":{"type":"Polygon","coordinates":[[[112.958384,-7.863455],[112.958384,-7.863727],[112.958925,-7.863727],[112.958925,-7.863455],[112.958384,-7.863455]]]}},{"type":"Feature","properties":{"fid":389,"DN":3},"geometry":{"type":"Polygon","coordinates":[[[112.964068,-7.863455],[112.964068,-7.863727],[112.964338,-7.863727],[112.964338,-7.863455],[112.964068,-7.863455]]]}},{"type":"Feature","properties":{"fid":390,"DN":3},"geometry":{"type":"Polygon","coordinates":[[[113.039316,-7.863455],[113.039316,-7.863727],[113.039586,-7.863727],[113.039586,-7.863455],[113.039316,-7.863455]]]}},{"type":"Feature","properties":{"fid":391,"DN":2},"geometry":{"type":"Polygon","coordinates":[[[113.030925,-7.862637],[113.030925,-7.86291],[113.030654,-7.86291],[113.030654,-7.863182],[113.029842,-7.863182],[113.029842,-7.864],[113.030654,-7.864],[113.030654,-7.863727],[113.030925,-7.863727],[113.030925,-7.863182],[113.031195,-7.863182],[113.031195,-7.862637],[113.030925,-7.862637]]]}},{"type":"Feature","properties":{"fid":392,"DN":3},"geometry":{"type":"Polygon","coordinates":[[[112.938624,-7.863727],[112.938624,-7.864],[112.938895,-7.864],[112.938895,-7.863727],[112.938624,-7.863727]]]}},{"type":"Feature","properties":{"fid":393,"DN":3},"geometry":{"type":"Polygon","coordinates":[[[112.940519,-7.863727],[112.940519,-7.864],[112.94079,-7.864],[112.94079,-7.863727],[112.940519,-7.863727]]]}},{"type":"Feature","properties":{"fid":394,"DN":3},"geometry":{"type":"Polygon","coordinates":[[[112.950263,-7.863727],[112.950263,-7.864],[112.950534,-7.864],[112.950534,-7.863727],[112.950263,-7.863727]]]}},{"type":"Feature","properties":{"fid":395,"DN":2},"geometry":{"type":"Polygon","coordinates":[[[112.959466,-7.863727],[112.959466,-7.864],[112.959737,-7.864],[112.959737,-7.863727],[112.959466,-7.863727]]]}},{"type":"Feature","properties":{"fid":396,"DN":3},"geometry":{"type":"Polygon","coordinates":[[[112.963797,-7.863727],[112.963797,-7.864],[112.964068,-7.864],[112.964068,-7.863727],[112.963797,-7.863727]]]}},{"type":"Feature","properties":{"fid":397,"DN":3},"geometry":{"type":"Polygon","coordinates":[[[113.027406,-7.863727],[113.027406,-7.864],[113.027947,-7.864],[113.027947,-7.863727],[113.027406,-7.863727]]]}},{"type":"Feature","properties":{"fid":398,"DN":3},"geometry":{"type":"Polygon","coordinates":[[[112.946203,-7.863182],[112.946203,-7.863727],[112.946744,-7.863727],[112.946744,-7.864272],[112.947015,-7.864272],[112.947015,-7.863455],[112.946744,-7.863455],[112.946744,-7.863182],[112.946203,-7.863182]]]}},{"type":"Feature","properties":{"fid":399,"DN":2},"geometry":{"type":"Polygon","coordinates":[[[112.967857,-7.863727],[112.967857,-7.864272],[112.968128,-7.864272],[112.968128,-7.863727],[112.967857,-7.863727]]]}},{"type":"Feature","properties":{"fid":400,"DN":2},"geometry":{"type":"Polygon","coordinates":[[[112.954865,-7.864],[112.954865,-7.864272],[112.955135,-7.864272],[112.955135,-7.864],[112.954865,-7.864]]]}},{"type":"Feature","properties":{"fid":401,"DN":3},"geometry":{"type":"Polygon","coordinates":[[[113.006022,-7.864],[113.006022,-7.864272],[113.006293,-7.864272],[113.006293,-7.864],[113.006022,-7.864]]]}},{"type":"Feature","properties":{"fid":402,"DN":3},"geometry":{"type":"Polygon","coordinates":[[[113.038504,-7.863727],[113.038504,-7.864545],[113.038774,-7.864545],[113.038774,-7.863727],[113.038504,-7.863727]]]}},{"type":"Feature","properties":{"fid":403,"DN":3},"geometry":{"type":"Polygon","coordinates":[[[113.041752,-7.863727],[113.041752,-7.864545],[113.042022,-7.864545],[113.042022,-7.863727],[113.041752,-7.863727]]]}},{"type":"Feature","properties":{"fid":404,"DN":3},"geometry":{"type":"Polygon","coordinates":[[[112.962985,-7.864],[112.962985,-7.864545],[112.963256,-7.864545],[112.963256,-7.864],[112.962985,-7.864]]]}},{"type":"Feature","properties":{"fid":405,"DN":3},"geometry":{"type":"Polygon","coordinates":[[[113.010083,-7.863182],[113.010083,-7.863455],[113.009812,-7.863455],[113.009812,-7.864],[113.009541,-7.864],[113.009541,-7.864545],[113.009812,-7.864545],[113.009812,-7.864272],[113.010083,-7.864272],[113.010083,-7.864],[113.010624,-7.864],[113.010624,-7.863182],[113.010083,-7.863182]]]}},{"type":"Feature","properties":{"fid":406,"DN":2},"geometry":{"type":"Polygon","coordinates":[[[113.019015,-7.863182],[113.019015,-7.863455],[113.018474,-7.863455],[113.018474,-7.863727],[113.018203,-7.863727],[113.018203,-7.864],[113.017932,-7.864],[113.017932,-7.864272],[113.018203,-7.864272],[113.018203,-7.864545],[113.018474,-7.864545],[113.018474,-7.864],[113.019015,-7.864],[113.019015,-7.863727],[113.019286,-7.863727],[113.019286,-7.863182],[113.019015,-7.863182]]]}},{"type":"Feature","properties":{"fid":407,"DN":2},"geometry":{"type":"Polygon","coordinates":[[[113.023346,-7.862365],[113.023346,-7.862637],[113.023075,-7.862637],[113.023075,-7.86291],[113.022804,-7.86291],[113.022804,-7.863727],[113.022263,-7.863727],[113.022263,-7.864],[113.021992,-7.864],[113.021992,-7.864545],[113.023075,-7.864545],[113.023075,-7.864],[113.023346,-7.864],[113.023346,-7.863455],[113.023616,-7.863455],[113.023616,-7.862365],[113.023346,-7.862365]]]}},{"type":"Feature","properties":{"fid":408,"DN":3},"geometry":{"type":"Polygon","coordinates":[[[112.955947,-7.864272],[112.955947,-7.864545],[112.956489,-7.864545],[112.956489,-7.864272],[112.955947,-7.864272]]]}},{"type":"Feature","properties":{"fid":409,"DN":3},"geometry":{"type":"Polygon","coordinates":[[[112.94079,-7.864],[112.94079,-7.864817],[112.94106,-7.864817],[112.94106,-7.864],[112.94079,-7.864]]]}},{"type":"Feature","properties":{"fid":410,"DN":3},"geometry":{"type":"Polygon","coordinates":[[[112.978414,-7.863727],[112.978414,-7.864],[112.978143,-7.864],[112.978143,-7.864817],[112.978684,-7.864817],[112.978684,-7.863727],[112.978414,-7.863727]]]}},{"type":"Feature","properties":{"fid":411,"DN":3},"geometry":{"type":"Polygon","coordinates":[[[112.928068,-7.864272],[112.928068,-7.864817],[112.928339,-7.864817],[112.928339,-7.864272],[112.928068,-7.864272]]]}},{"type":"Feature","properties":{"fid":412,"DN":3},"geometry":{"type":"Polygon","coordinates":[[[112.950805,-7.864272],[112.950805,-7.864817],[112.951075,-7.864817],[112.951075,-7.864272],[112.950805,-7.864272]]]}},{"type":"Feature","properties":{"fid":413,"DN":2},"geometry":{"type":"Polygon","coordinates":[[[112.954053,-7.864272],[112.954053,-7.864817],[112.954323,-7.864817],[112.954323,-7.864272],[112.954053,-7.864272]]]}},{"type":"Feature","properties":{"fid":414,"DN":3},"geometry":{"type":"Polygon","coordinates":[[[112.94512,-7.864545],[112.94512,-7.864817],[112.945391,-7.864817],[112.945391,-7.864545],[112.94512,-7.864545]]]}},{"type":"Feature","properties":{"fid":415,"DN":3},"geometry":{"type":"Polygon","coordinates":[[[112.955677,-7.864545],[112.955677,-7.864817],[112.955947,-7.864817],[112.955947,-7.864545],[112.955677,-7.864545]]]}},{"type":"Feature","properties":{"fid":416,"DN":3},"geometry":{"type":"Polygon","coordinates":[[[113.009,-7.864545],[113.009,-7.864817],[113.009271,-7.864817],[113.009271,-7.864545],[113.009,-7.864545]]]}},{"type":"Feature","properties":{"fid":417,"DN":2},"geometry":{"type":"Polygon","coordinates":[[[113.017932,-7.864545],[113.017932,-7.864817],[113.018203,-7.864817],[113.018203,-7.864545],[113.017932,-7.864545]]]}},{"type":"Feature","properties":{"fid":418,"DN":2},"geometry":{"type":"Polygon","coordinates":[[[113.030654,-7.864545],[113.030654,-7.864817],[113.030925,-7.864817],[113.030925,-7.864545],[113.030654,-7.864545]]]}},{"type":"Feature","properties":{"fid":419,"DN":3},"geometry":{"type":"Polygon","coordinates":[[[113.037692,-7.864545],[113.037692,-7.864817],[113.037962,-7.864817],[113.037962,-7.864545],[113.037692,-7.864545]]]}},{"type":"Feature","properties":{"fid":420,"DN":2},"geometry":{"type":"Polygon","coordinates":[[[113.025782,-7.862365],[113.025782,-7.862637],[113.02497,-7.862637],[113.02497,-7.86291],[113.024699,-7.86291],[113.024699,-7.864],[113.02524,-7.864],[113.02524,-7.86509],[113.025511,-7.86509],[113.025511,-7.864],[113.025782,-7.864],[113.025782,-7.863727],[113.026052,-7.863727],[113.026052,-7.863455],[113.026323,-7.863455],[113.026323,-7.862637],[113.026052,-7.862637],[113.026052,-7.862365],[113.025782,-7.862365]]]}},{"type":"Feature","properties":{"fid":421,"DN":3},"geometry":{"type":"Polygon","coordinates":[[[112.938895,-7.864],[112.938895,-7.864817],[112.939166,-7.864817],[112.939166,-7.86509],[112.939436,-7.86509],[112.939436,-7.864],[112.938895,-7.864]]]}},{"type":"Feature","properties":{"fid":422,"DN":2},"geometry":{"type":"Polygon","coordinates":[[[112.966233,-7.864817],[112.966233,-7.86509],[112.966504,-7.86509],[112.966504,-7.864817],[112.966233,-7.864817]]]}},{"type":"Feature","properties":{"fid":423,"DN":3},"geometry":{"type":"Polygon","coordinates":[[[112.975707,-7.864817],[112.975707,-7.86509],[112.976248,-7.86509],[112.976248,-7.864817],[112.975707,-7.864817]]]}},{"type":"Feature","properties":{"fid":424,"DN":2},"geometry":{"type":"Polygon","coordinates":[[[113.016849,-7.864817],[113.016849,-7.86509],[113.017391,-7.86509],[113.017391,-7.864817],[113.016849,-7.864817]]]}},{"type":"Feature","properties":{"fid":425,"DN":2},"geometry":{"type":"Polygon","coordinates":[[[113.018474,-7.864817],[113.018474,-7.86509],[113.018744,-7.86509],[113.018744,-7.864817],[113.018474,-7.864817]]]}},{"type":"Feature","properties":{"fid":426,"DN":3},"geometry":{"type":"Polygon","coordinates":[[[113.038504,-7.864817],[113.038504,-7.86509],[113.039045,-7.86509],[113.039045,-7.864817],[113.038504,-7.864817]]]}},{"type":"Feature","properties":{"fid":427,"DN":3},"geometry":{"type":"Polygon","coordinates":[[[113.04094,-7.864817],[113.04094,-7.86509],[113.04121,-7.86509],[113.04121,-7.864817],[113.04094,-7.864817]]]}},{"type":"Feature","properties":{"fid":428,"DN":1},"geometry":{"type":"Polygon","coordinates":[[[113.045812,-7.864817],[113.045812,-7.86509],[113.046353,-7.86509],[113.046353,-7.864817],[113.045812,-7.864817]]]}},{"type":"Feature","properties":{"fid":429,"DN":1},"geometry":{"type":"Polygon","coordinates":[[[113.048248,-7.864272],[113.048248,-7.865362],[113.048519,-7.865362],[113.048519,-7.864272],[113.048248,-7.864272]]]}},{"type":"Feature","properties":{"fid":430,"DN":2},"geometry":{"type":"Polygon","coordinates":[[[112.95703,-7.864817],[112.95703,-7.865362],[112.957571,-7.865362],[112.957571,-7.864817],[112.95703,-7.864817]]]}},{"type":"Feature","properties":{"fid":431,"DN":2},"geometry":{"type":"Polygon","coordinates":[[[112.959466,-7.864817],[112.959466,-7.865362],[112.959737,-7.865362],[112.959737,-7.864817],[112.959466,-7.864817]]]}},{"type":"Feature","properties":{"fid":432,"DN":3},"geometry":{"type":"Polygon","coordinates":[[[112.971917,-7.864817],[112.971917,-7.865362],[112.972188,-7.865362],[112.972188,-7.864817],[112.971917,-7.864817]]]}},{"type":"Feature","properties":{"fid":433,"DN":2},"geometry":{"type":"Polygon","coordinates":[[[112.960278,-7.86509],[112.960278,-7.865362],[112.960549,-7.865362],[112.960549,-7.86509],[112.960278,-7.86509]]]}},{"type":"Feature","properties":{"fid":434,"DN":3},"geometry":{"type":"Polygon","coordinates":[[[112.977872,-7.864817],[112.977872,-7.86509],[112.977601,-7.86509],[112.977601,-7.865362],[112.978143,-7.865362],[112.978143,-7.864817],[112.977872,-7.864817]]]}},{"type":"Feature","properties":{"fid":435,"DN":2},"geometry":{"type":"Polygon","coordinates":[[[113.036067,-7.86509],[113.036067,-7.865362],[113.036338,-7.865362],[113.036338,-7.86509],[113.036067,-7.86509]]]}},{"type":"Feature","properties":{"fid":436,"DN":3},"geometry":{"type":"Polygon","coordinates":[[[113.038233,-7.86509],[113.038233,-7.865362],[113.038504,-7.865362],[113.038504,-7.86509],[113.038233,-7.86509]]]}},{"type":"Feature","properties":{"fid":437,"DN":2},"geometry":{"type":"Polygon","coordinates":[[[112.952699,-7.864817],[112.952699,-7.865635],[112.95297,-7.865635],[112.95297,-7.864817],[112.952699,-7.864817]]]}},{"type":"Feature","properties":{"fid":438,"DN":2},"geometry":{"type":"Polygon","coordinates":[[[113.012248,-7.864545],[113.012248,-7.864817],[113.011977,-7.864817],[113.011977,-7.865635],[113.012248,-7.865635],[113.012248,-7.86509],[113.01306,-7.86509],[113.01306,-7.864545],[113.012248,-7.864545]]]}},{"type":"Feature","properties":{"fid":439,"DN":2},"geometry":{"type":"Polygon","coordinates":[[[112.963797,-7.86509],[112.963797,-7.865362],[112.964068,-7.865362],[112.964068,-7.865635],[112.964338,-7.865635],[112.964338,-7.865362],[112.964609,-7.865362],[112.964609,-7.86509],[112.963797,-7.86509]]]}},{"type":"Feature","properties":{"fid":440,"DN":2},"geometry":{"type":"Polygon","coordinates":[[[112.969211,-7.86509],[112.969211,-7.865635],[112.969481,-7.865635],[112.969481,-7.865362],[112.969752,-7.865362],[112.969752,-7.86509],[112.969211,-7.86509]]]}},{"type":"Feature","properties":{"fid":441,"DN":3},"geometry":{"type":"Polygon","coordinates":[[[112.939978,-7.865362],[112.939978,-7.865635],[112.940248,-7.865635],[112.940248,-7.865362],[112.939978,-7.865362]]]}},{"type":"Feature","properties":{"fid":442,"DN":2},"geometry":{"type":"Polygon","coordinates":[[[113.016308,-7.86509],[113.016308,-7.865907],[113.016579,-7.865907],[113.016579,-7.865635],[113.016849,-7.865635],[113.016849,-7.86509],[113.016308,-7.86509]]]}},{"type":"Feature","properties":{"fid":443,"DN":2},"geometry":{"type":"Polygon","coordinates":[[[113.035797,-7.865362],[113.035797,-7.865907],[113.036067,-7.865907],[113.036067,-7.865362],[113.035797,-7.865362]]]}},{"type":"Feature","properties":{"fid":444,"DN":2},"geometry":{"type":"Polygon","coordinates":[[[112.951887,-7.865635],[112.951887,-7.865907],[112.952158,-7.865907],[112.952158,-7.865635],[112.951887,-7.865635]]]}},{"type":"Feature","properties":{"fid":445,"DN":2},"geometry":{"type":"Polygon","coordinates":[[[112.954053,-7.86509],[112.954053,-7.865362],[112.954594,-7.865362],[112.954594,-7.86618],[112.954865,-7.86618],[112.954865,-7.86509],[112.954053,-7.86509]]]}},{"type":"Feature","properties":{"fid":446,"DN":2},"geometry":{"type":"Polygon","coordinates":[[[112.961902,-7.865362],[112.961902,-7.86618],[112.962173,-7.86618],[112.962173,-7.865635],[112.962444,-7.865635],[112.962444,-7.865362],[112.961902,-7.865362]]]}},{"type":"Feature","properties":{"fid":447,"DN":3},"geometry":{"type":"Polygon","coordinates":[[[113.038504,-7.865907],[113.038504,-7.86618],[113.039045,-7.86618],[113.039045,-7.865907],[113.038504,-7.865907]]]}},{"type":"Feature","properties":{"fid":448,"DN":1},"geometry":{"type":"Polygon","coordinates":[[[113.046624,-7.865362],[113.046624,-7.865907],[113.046353,-7.865907],[113.046353,-7.86618],[113.047165,-7.86618],[113.047165,-7.865362],[113.046624,-7.865362]]]}},{"type":"Feature","properties":{"fid":449,"DN":3},"geometry":{"type":"Polygon","coordinates":[[[112.927526,-7.865907],[112.927526,-7.866452],[112.927797,-7.866452],[112.927797,-7.865907],[112.927526,-7.865907]]]}},{"type":"Feature","properties":{"fid":450,"DN":2},"geometry":{"type":"Polygon","coordinates":[[[112.959466,-7.865907],[112.959466,-7.866452],[112.959737,-7.866452],[112.959737,-7.865907],[112.959466,-7.865907]]]}},{"type":"Feature","properties":{"fid":451,"DN":2},"geometry":{"type":"Polygon","coordinates":[[[112.969211,-7.865907],[112.969211,-7.866452],[112.969481,-7.866452],[112.969481,-7.865907],[112.969211,-7.865907]]]}},{"type":"Feature","properties":{"fid":452,"DN":1},"geometry":{"type":"Polygon","coordinates":[[[113.047977,-7.865907],[113.047977,-7.866452],[113.048248,-7.866452],[113.048248,-7.865907],[113.047977,-7.865907]]]}},{"type":"Feature","properties":{"fid":453,"DN":2},"geometry":{"type":"Polygon","coordinates":[[[112.964338,-7.86618],[112.964338,-7.866452],[112.964609,-7.866452],[112.964609,-7.86618],[112.964338,-7.86618]]]}},{"type":"Feature","properties":{"fid":454,"DN":2},"geometry":{"type":"Polygon","coordinates":[[[113.021451,-7.864545],[113.021451,-7.86509],[113.021722,-7.86509],[113.021722,-7.865362],[113.02118,-7.865362],[113.02118,-7.865907],[113.020639,-7.865907],[113.020639,-7.866725],[113.021451,-7.866725],[113.021451,-7.866452],[113.021722,-7.866452],[113.021722,-7.86618],[113.022263,-7.86618],[113.022263,-7.86509],[113.021992,-7.86509],[113.021992,-7.864545],[113.021451,-7.864545]]]}},{"type":"Feature","properties":{"fid":455,"DN":3},"geometry":{"type":"Polygon","coordinates":[[[112.931857,-7.86618],[112.931857,-7.866452],[112.932128,-7.866452],[112.932128,-7.866725],[112.932399,-7.866725],[112.932399,-7.86618],[112.931857,-7.86618]]]}},{"type":"Feature","properties":{"fid":456,"DN":3},"geometry":{"type":"Polygon","coordinates":[[[112.992218,-7.865907],[112.992218,-7.86618],[112.991947,-7.86618],[112.991947,-7.866725],[112.992218,-7.866725],[112.992218,-7.866452],[112.992489,-7.866452],[112.992489,-7.865907],[112.992218,-7.865907]]]}},{"type":"Feature","properties":{"fid":457,"DN":3},"geometry":{"type":"Polygon","coordinates":[[[113.037962,-7.865907],[113.037962,-7.86618],[113.037692,-7.86618],[113.037692,-7.866725],[113.038233,-7.866725],[113.038233,-7.866452],[113.038504,-7.866452],[113.038504,-7.86618],[113.038233,-7.86618],[113.038233,-7.865907],[113.037962,-7.865907]]]}},{"type":"Feature","properties":{"fid":458,"DN":2},"geometry":{"type":"Polygon","coordinates":[[[113.028489,-7.866452],[113.028489,-7.866725],[113.028759,-7.866725],[113.028759,-7.866452],[113.028489,-7.866452]]]}},{"type":"Feature","properties":{"fid":459,"DN":3},"geometry":{"type":"Polygon","coordinates":[[[112.936188,-7.866725],[112.936188,-7.866997],[112.936729,-7.866997],[112.936729,-7.866725],[112.936188,-7.866725]]]}},{"type":"Feature","properties":{"fid":460,"DN":3},"geometry":{"type":"Polygon","coordinates":[[[112.937812,-7.866725],[112.937812,-7.866997],[112.938083,-7.866997],[112.938083,-7.866725],[112.937812,-7.866725]]]}},{"type":"Feature","properties":{"fid":461,"DN":2},"geometry":{"type":"Polygon","coordinates":[[[113.027947,-7.866725],[113.027947,-7.866997],[113.028218,-7.866997],[113.028218,-7.866725],[113.027947,-7.866725]]]}},{"type":"Feature","properties":{"fid":462,"DN":2},"geometry":{"type":"Polygon","coordinates":[[[113.02524,-7.865635],[113.02524,-7.866997],[113.025511,-7.866997],[113.025511,-7.86727],[113.025782,-7.86727],[113.025782,-7.865635],[113.02524,-7.865635]]]}},{"type":"Feature","properties":{"fid":463,"DN":2},"geometry":{"type":"Polygon","coordinates":[[[112.957571,-7.866452],[112.957571,-7.86727],[112.958113,-7.86727],[112.958113,-7.866725],[112.957842,-7.866725],[112.957842,-7.866452],[112.957571,-7.866452]]]}},{"type":"Feature","properties":{"fid":464,"DN":2},"geometry":{"type":"Polygon","coordinates":[[[113.022263,-7.866452],[113.022263,-7.86727],[113.022804,-7.86727],[113.022804,-7.866452],[113.022263,-7.866452]]]}},{"type":"Feature","properties":{"fid":465,"DN":3},"geometry":{"type":"Polygon","coordinates":[[[112.949451,-7.866725],[112.949451,-7.86727],[112.949722,-7.86727],[112.949722,-7.866725],[112.949451,-7.866725]]]}},{"type":"Feature","properties":{"fid":466,"DN":3},"geometry":{"type":"Polygon","coordinates":[[[113.037421,-7.866725],[113.037421,-7.86727],[113.037692,-7.86727],[113.037692,-7.866725],[113.037421,-7.866725]]]}},{"type":"Feature","properties":{"fid":467,"DN":2},"geometry":{"type":"Polygon","coordinates":[[[112.954865,-7.866997],[112.954865,-7.86727],[112.955135,-7.86727],[112.955135,-7.866997],[112.954865,-7.866997]]]}},{"type":"Feature","properties":{"fid":468,"DN":2},"geometry":{"type":"Polygon","coordinates":[[[112.973812,-7.866997],[112.973812,-7.86727],[112.974083,-7.86727],[112.974083,-7.866997],[112.973812,-7.866997]]]}},{"type":"Feature","properties":{"fid":469,"DN":3},"geometry":{"type":"Polygon","coordinates":[[[112.927797,-7.866725],[112.927797,-7.867542],[112.928068,-7.867542],[112.928068,-7.866725],[112.927797,-7.866725]]]}},{"type":"Feature","properties":{"fid":470,"DN":2},"geometry":{"type":"Polygon","coordinates":[[[112.96082,-7.866997],[112.96082,-7.867542],[112.961361,-7.867542],[112.961361,-7.866997],[112.96082,-7.866997]]]}},{"type":"Feature","properties":{"fid":471,"DN":2},"geometry":{"type":"Polygon","coordinates":[[[113.034985,-7.865907],[113.034985,-7.866452],[113.034443,-7.866452],[113.034443,-7.866725],[113.033631,-7.866725],[113.033631,-7.866997],[113.033361,-7.866997],[113.033361,-7.867542],[113.033631,-7.867542],[113.033631,-7.86727],[113.034443,-7.86727],[113.034443,-7.866997],[113.034985,-7.866997],[113.034985,-7.866725],[113.035255,-7.866725],[113.035255,-7.866452],[113.035526,-7.866452],[113.035526,-7.865907],[113.034985,-7.865907]]]}},{"type":"Feature","properties":{"fid":472,"DN":2},"geometry":{"type":"Polygon","coordinates":[[[112.95297,-7.865635],[112.95297,-7.865907],[112.952429,-7.865907],[112.952429,-7.86618],[112.952158,-7.86618],[112.952158,-7.866452],[112.952699,-7.866452],[112.952699,-7.866997],[112.952429,-7.866997],[112.952429,-7.86727],[112.952158,-7.86727],[112.952158,-7.867542],[112.952699,-7.867542],[112.952699,-7.86727],[112.95297,-7.86727],[112.95297,-7.866725],[112.953241,-7.866725],[112.953241,-7.865635],[112.95297,-7.865635]]]}},{"type":"Feature","properties":{"fid":473,"DN":3},"geometry":{"type":"Polygon","coordinates":[[[112.983827,-7.866997],[112.983827,-7.86727],[112.983556,-7.86727],[112.983556,-7.867542],[112.984098,-7.867542],[112.984098,-7.866997],[112.983827,-7.866997]]]}},{"type":"Feature","properties":{"fid":474,"DN":1},"geometry":{"type":"Polygon","coordinates":[[[113.046082,-7.866452],[113.046082,-7.866725],[113.046353,-7.866725],[113.046353,-7.867542],[113.046624,-7.867542],[113.046624,-7.867815],[113.047436,-7.867815],[113.047436,-7.867542],[113.046894,-7.867542],[113.046894,-7.866452],[113.046082,-7.866452]]]}},{"type":"Feature","properties":{"fid":475,"DN":2},"geometry":{"type":"Polygon","coordinates":[[[112.955947,-7.866997],[112.955947,-7.867815],[112.956489,-7.867815],[112.956489,-7.867542],[112.956759,-7.867542],[112.956759,-7.86727],[112.95703,-7.86727],[112.95703,-7.866997],[112.955947,-7.866997]]]}},{"type":"Feature","properties":{"fid":476,"DN":3},"geometry":{"type":"Polygon","coordinates":[[[112.98491,-7.86727],[112.98491,-7.867815],[112.98518,-7.867815],[112.98518,-7.86727],[112.98491,-7.86727]]]}},{"type":"Feature","properties":{"fid":477,"DN":2},"geometry":{"type":"Polygon","coordinates":[[[112.951887,-7.867542],[112.951887,-7.867815],[112.952158,-7.867815],[112.952158,-7.867542],[112.951887,-7.867542]]]}},{"type":"Feature","properties":{"fid":478,"DN":2},"geometry":{"type":"Polygon","coordinates":[[[112.959737,-7.867542],[112.959737,-7.867815],[112.960008,-7.867815],[112.960008,-7.867542],[112.959737,-7.867542]]]}},{"type":"Feature","properties":{"fid":479,"DN":3},"geometry":{"type":"Polygon","coordinates":[[[112.986263,-7.867542],[112.986263,-7.867815],[112.986534,-7.867815],[112.986534,-7.867542],[112.986263,-7.867542]]]}},{"type":"Feature","properties":{"fid":480,"DN":2},"geometry":{"type":"Polygon","coordinates":[[[113.023075,-7.867542],[113.023075,-7.867815],[113.023346,-7.867815],[113.023346,-7.867542],[113.023075,-7.867542]]]}},{"type":"Feature","properties":{"fid":481,"DN":2},"geometry":{"type":"Polygon","coordinates":[[[113.027677,-7.867542],[113.027677,-7.867815],[113.028759,-7.867815],[113.028759,-7.867542],[113.027677,-7.867542]]]}},{"type":"Feature","properties":{"fid":482,"DN":3},"geometry":{"type":"Polygon","coordinates":[[[113.036879,-7.867542],[113.036879,-7.867815],[113.037421,-7.867815],[113.037421,-7.867542],[113.036879,-7.867542]]]}},{"type":"Feature","properties":{"fid":483,"DN":3},"geometry":{"type":"Polygon","coordinates":[[[112.969211,-7.867542],[112.969211,-7.868087],[112.969481,-7.868087],[112.969481,-7.867542],[112.969211,-7.867542]]]}},{"type":"Feature","properties":{"fid":484,"DN":3},"geometry":{"type":"Polygon","coordinates":[[[113.009,-7.867542],[113.009,-7.868087],[113.009812,-7.868087],[113.009812,-7.867542],[113.009,-7.867542]]]}},{"type":"Feature","properties":{"fid":485,"DN":2},"geometry":{"type":"Polygon","coordinates":[[[112.955406,-7.867815],[112.955406,-7.868087],[112.955947,-7.868087],[112.955947,-7.867815],[112.955406,-7.867815]]]}},{"type":"Feature","properties":{"fid":486,"DN":3},"geometry":{"type":"Polygon","coordinates":[[[112.983286,-7.867815],[112.983286,-7.868087],[112.983556,-7.868087],[112.983556,-7.867815],[112.983286,-7.867815]]]}},{"type":"Feature","properties":{"fid":487,"DN":3},"geometry":{"type":"Polygon","coordinates":[[[112.990053,-7.867815],[112.990053,-7.868087],[112.990323,-7.868087],[112.990323,-7.867815],[112.990053,-7.867815]]]}},{"type":"Feature","properties":{"fid":488,"DN":2},"geometry":{"type":"Polygon","coordinates":[[[113.023616,-7.867815],[113.023616,-7.868087],[113.023887,-7.868087],[113.023887,-7.867815],[113.023616,-7.867815]]]}},{"type":"Feature","properties":{"fid":489,"DN":3},"geometry":{"type":"Polygon","coordinates":[[[113.036609,-7.867815],[113.036609,-7.868087],[113.036879,-7.868087],[113.036879,-7.867815],[113.036609,-7.867815]]]}},{"type":"Feature","properties":{"fid":490,"DN":2},"geometry":{"type":"Polygon","coordinates":[[[112.950805,-7.86727],[112.950805,-7.867542],[112.950263,-7.867542],[112.950263,-7.867815],[112.950805,-7.867815],[112.950805,-7.86836],[112.951346,-7.86836],[112.951346,-7.867815],[112.951617,-7.867815],[112.951617,-7.867542],[112.951075,-7.867542],[112.951075,-7.86727],[112.950805,-7.86727]]]}},{"type":"Feature","properties":{"fid":491,"DN":2},"geometry":{"type":"Polygon","coordinates":[[[112.964068,-7.867815],[112.964068,-7.86836],[112.964609,-7.86836],[112.964609,-7.868087],[112.964338,-7.868087],[112.964338,-7.867815],[112.964068,-7.867815]]]}},{"type":"Feature","properties":{"fid":492,"DN":2},"geometry":{"type":"Polygon","coordinates":[[[113.032549,-7.867815],[113.032549,-7.86836],[113.032819,-7.86836],[113.032819,-7.868087],[113.03309,-7.868087],[113.03309,-7.867815],[113.032549,-7.867815]]]}},{"type":"Feature","properties":{"fid":493,"DN":3},"geometry":{"type":"Polygon","coordinates":[[[112.939436,-7.868087],[112.939436,-7.86836],[112.939978,-7.86836],[112.939978,-7.868087],[112.939436,-7.868087]]]}},{"type":"Feature","properties":{"fid":494,"DN":2},"geometry":{"type":"Polygon","coordinates":[[[112.977331,-7.868087],[112.977331,-7.86836],[112.978414,-7.86836],[112.978414,-7.868087],[112.977331,-7.868087]]]}},{"type":"Feature","properties":{"fid":495,"DN":3},"geometry":{"type":"Polygon","coordinates":[[[112.986534,-7.868087],[112.986534,-7.86836],[112.987075,-7.86836],[112.987075,-7.868087],[112.986534,-7.868087]]]}},{"type":"Feature","properties":{"fid":496,"DN":3},"geometry":{"type":"Polygon","coordinates":[[[112.988429,-7.867815],[112.988429,-7.868087],[112.987887,-7.868087],[112.987887,-7.86836],[112.988699,-7.86836],[112.988699,-7.867815],[112.988429,-7.867815]]]}},{"type":"Feature","properties":{"fid":497,"DN":3},"geometry":{"type":"Polygon","coordinates":[[[113.041481,-7.868087],[113.041481,-7.86836],[113.041752,-7.86836],[113.041752,-7.868087],[113.041481,-7.868087]]]}},{"type":"Feature","properties":{"fid":498,"DN":2},"geometry":{"type":"Polygon","coordinates":[[[112.958113,-7.868087],[112.958113,-7.868632],[112.958925,-7.868632],[112.958925,-7.868087],[112.958113,-7.868087]]]}},{"type":"Feature","properties":{"fid":499,"DN":3},"geometry":{"type":"Polygon","coordinates":[[[112.984368,-7.867815],[112.984368,-7.868087],[112.984098,-7.868087],[112.984098,-7.868632],[112.984639,-7.868632],[112.984639,-7.868087],[112.98491,-7.868087],[112.98491,-7.867815],[112.984368,-7.867815]]]}},{"type":"Feature","properties":{"fid":500,"DN":2},"geometry":{"type":"Polygon","coordinates":[[[113.023346,-7.868087],[113.023346,-7.868632],[113.023616,-7.868632],[113.023616,-7.868087],[113.023346,-7.868087]]]}},{"type":"Feature","properties":{"fid":501,"DN":3},"geometry":{"type":"Polygon","coordinates":[[[112.937541,-7.86836],[112.937541,-7.868632],[112.937812,-7.868632],[112.937812,-7.86836],[112.937541,-7.86836]]]}},{"type":"Feature","properties":{"fid":502,"DN":3},"geometry":{"type":"Polygon","coordinates":[[[112.969752,-7.86836],[112.969752,-7.868632],[112.970293,-7.868632],[112.970293,-7.86836],[112.969752,-7.86836]]]}},{"type":"Feature","properties":{"fid":503,"DN":2},"geometry":{"type":"Polygon","coordinates":[[[112.976789,-7.86836],[112.976789,-7.868632],[112.977331,-7.868632],[112.977331,-7.86836],[112.976789,-7.86836]]]}},{"type":"Feature","properties":{"fid":504,"DN":3},"geometry":{"type":"Polygon","coordinates":[[[112.983556,-7.86836],[112.983556,-7.868632],[112.983827,-7.868632],[112.983827,-7.86836],[112.983556,-7.86836]]]}},{"type":"Feature","properties":{"fid":505,"DN":3},"geometry":{"type":"Polygon","coordinates":[[[112.986263,-7.86836],[112.986263,-7.868632],[112.986534,-7.868632],[112.986534,-7.86836],[112.986263,-7.86836]]]}},{"type":"Feature","properties":{"fid":506,"DN":3},"geometry":{"type":"Polygon","coordinates":[[[112.989511,-7.86836],[112.989511,-7.868632],[112.990053,-7.868632],[112.990053,-7.86836],[112.989511,-7.86836]]]}},{"type":"Feature","properties":{"fid":507,"DN":2},"geometry":{"type":"Polygon","coordinates":[[[112.95703,-7.867542],[112.95703,-7.868087],[112.956489,-7.868087],[112.956489,-7.868905],[112.95703,-7.868905],[112.95703,-7.868632],[112.957301,-7.868632],[112.957301,-7.867542],[112.95703,-7.867542]]]}},{"type":"Feature","properties":{"fid":508,"DN":2},"geometry":{"type":"Polygon","coordinates":[[[112.962985,-7.865362],[112.962985,-7.865635],[112.962714,-7.865635],[112.962714,-7.866452],[112.962444,-7.866452],[112.962444,-7.866725],[112.962173,-7.866725],[112.962173,-7.868087],[112.961902,-7.868087],[112.961902,-7.868905],[112.962173,-7.868905],[112.962173,-7.86836],[112.962444,-7.86836],[112.962444,-7.868087],[112.962714,-7.868087],[112.962714,-7.868905],[112.962985,-7.868905],[112.962985,-7.868087],[112.963256,-7.868087],[112.963256,-7.867815],[112.962714,-7.867815],[112.962714,-7.86727],[112.962985,-7.86727],[112.962985,-7.867542],[112.964068,-7.867542],[112.964068,-7.866997],[112.963256,-7.866997],[112.963256,-7.866725],[112.962985,-7.866725],[112.962985,-7.86618],[112.963256,-7.86618],[112.963256,-7.865635],[112.963797,-7.865635],[112.963797,-7.865362],[112.962985,-7.865362]]]}},{"type":"Feature","properties":{"fid":509,"DN":3},"geometry":{"type":"Polygon","coordinates":[[[112.928068,-7.86836],[112.928068,-7.868905],[112.928339,-7.868905],[112.928339,-7.86836],[112.928068,-7.86836]]]}},{"type":"Feature","properties":{"fid":510,"DN":3},"geometry":{"type":"Polygon","coordinates":[[[112.939978,-7.86836],[112.939978,-7.868905],[112.940248,-7.868905],[112.940248,-7.86836],[112.939978,-7.86836]]]}},{"type":"Feature","properties":{"fid":511,"DN":2},"geometry":{"type":"Polygon","coordinates":[[[112.949993,-7.86836],[112.949993,-7.868905],[112.950263,-7.868905],[112.950263,-7.86836],[112.949993,-7.86836]]]}},{"type":"Feature","properties":{"fid":512,"DN":2},"geometry":{"type":"Polygon","coordinates":[[[112.965421,-7.86836],[112.965421,-7.868905],[112.965692,-7.868905],[112.965692,-7.86836],[112.965421,-7.86836]]]}},{"type":"Feature","properties":{"fid":513,"DN":2},"geometry":{"type":"Polygon","coordinates":[[[113.032007,-7.86836],[113.032007,-7.868905],[113.032549,-7.868905],[113.032549,-7.86836],[113.032007,-7.86836]]]}},{"type":"Feature","properties":{"fid":514,"DN":3},"geometry":{"type":"Polygon","coordinates":[[[112.929692,-7.868632],[112.929692,-7.868905],[112.929963,-7.868905],[112.929963,-7.868632],[112.929692,-7.868632]]]}},{"type":"Feature","properties":{"fid":515,"DN":3},"geometry":{"type":"Polygon","coordinates":[[[112.937,-7.868632],[112.937,-7.868905],[112.937271,-7.868905],[112.937271,-7.868632],[112.937,-7.868632]]]}},{"type":"Feature","properties":{"fid":516,"DN":2},"geometry":{"type":"Polygon","coordinates":[[[112.960549,-7.868087],[112.960549,-7.869177],[112.96082,-7.869177],[112.96082,-7.868087],[112.960549,-7.868087]]]}},{"type":"Feature","properties":{"fid":517,"DN":3},"geometry":{"type":"Polygon","coordinates":[[[113.036338,-7.86836],[113.036338,-7.869177],[113.036609,-7.869177],[113.036609,-7.86836],[113.036338,-7.86836]]]}},{"type":"Feature","properties":{"fid":518,"DN":2},"geometry":{"type":"Polygon","coordinates":[[[113.033361,-7.868632],[113.033361,-7.869177],[113.033631,-7.869177],[113.033631,-7.868632],[113.033361,-7.868632]]]}},{"type":"Feature","properties":{"fid":519,"DN":3},"geometry":{"type":"Polygon","coordinates":[[[113.036879,-7.868632],[113.036879,-7.869177],[113.037421,-7.869177],[113.037421,-7.868632],[113.036879,-7.868632]]]}},{"type":"Feature","properties":{"fid":520,"DN":3},"geometry":{"type":"Polygon","coordinates":[[[113.043376,-7.868632],[113.043376,-7.869177],[113.043646,-7.869177],[113.043646,-7.868905],[113.043917,-7.868905],[113.043917,-7.868632],[113.043376,-7.868632]]]}},{"type":"Feature","properties":{"fid":521,"DN":3},"geometry":{"type":"Polygon","coordinates":[[[113.006293,-7.868905],[113.006293,-7.869177],[113.006564,-7.869177],[113.006564,-7.868905],[113.006293,-7.868905]]]}},{"type":"Feature","properties":{"fid":522,"DN":2},"geometry":{"type":"Polygon","coordinates":[[[112.967316,-7.864272],[112.967316,-7.86509],[112.966774,-7.86509],[112.966774,-7.866452],[112.966504,-7.866452],[112.966504,-7.866997],[112.967045,-7.866997],[112.967045,-7.867542],[112.966774,-7.867542],[112.966774,-7.868087],[112.967045,-7.868087],[112.967045,-7.868905],[112.967316,-7.868905],[112.967316,-7.869177],[112.967857,-7.869177],[112.967857,-7.86945],[112.968669,-7.86945],[112.968669,-7.869177],[112.968128,-7.869177],[112.968128,-7.86727],[112.967857,-7.86727],[112.967857,-7.866997],[112.967586,-7.866997],[112.967586,-7.86727],[112.967316,-7.86727],[112.967316,-7.865635],[112.967857,-7.865635],[112.967857,-7.864817],[112.967586,-7.864817],[112.967586,-7.864272],[112.967316,-7.864272]]]}},{"type":"Feature","properties":{"fid":523,"DN":3},"geometry":{"type":"Polygon","coordinates":[[[112.937271,-7.868905],[112.937271,-7.86945],[112.937541,-7.86945],[112.937541,-7.868905],[112.937271,-7.868905]]]}},{"type":"Feature","properties":{"fid":524,"DN":2},"geometry":{"type":"Polygon","coordinates":[[[112.954323,-7.869177],[112.954323,-7.86945],[112.954594,-7.86945],[112.954594,-7.869177],[112.954323,-7.869177]]]}},{"type":"Feature","properties":{"fid":525,"DN":2},"geometry":{"type":"Polygon","coordinates":[[[112.962714,-7.869177],[112.962714,-7.86945],[112.962985,-7.86945],[112.962985,-7.869177],[112.962714,-7.869177]]]}},{"type":"Feature","properties":{"fid":526,"DN":2},"geometry":{"type":"Polygon","coordinates":[[[113.00115,-7.869177],[113.00115,-7.86945],[113.001421,-7.86945],[113.001421,-7.869177],[113.00115,-7.869177]]]}},{"type":"Feature","properties":{"fid":527,"DN":2},"geometry":{"type":"Polygon","coordinates":[[[113.009541,-7.86291],[113.009541,-7.863182],[113.009,-7.863182],[113.009,-7.864],[113.008729,-7.864],[113.008729,-7.864817],[113.008188,-7.864817],[113.008188,-7.865362],[113.007647,-7.865362],[113.007647,-7.865907],[113.007376,-7.865907],[113.007376,-7.866452],[113.007105,-7.866452],[113.007105,-7.866997],[113.007376,-7.866997],[113.007376,-7.86727],[113.007105,-7.86727],[113.007105,-7.867542],[113.006834,-7.867542],[113.006834,-7.868087],[113.006564,-7.868087],[113.006564,-7.86836],[113.006293,-7.86836],[113.006293,-7.868632],[113.006022,-7.868632],[113.006022,-7.869177],[113.006293,-7.869177],[113.006293,-7.86945],[113.007105,-7.86945],[113.007105,-7.869177],[113.007376,-7.869177],[113.007376,-7.86945],[113.009541,-7.86945],[113.009541,-7.868905],[113.010353,-7.868905],[113.010353,-7.866997],[113.010083,-7.866997],[113.010083,-7.86618],[113.010624,-7.86618],[113.010624,-7.865362],[113.010895,-7.865362],[113.010895,-7.864817],[113.011165,-7.864817],[113.011165,-7.864272],[113.010895,-7.864272],[113.010895,-7.864],[113.011165,-7.864],[113.011165,-7.863455],[113.011436,-7.863455],[113.011436,-7.86291],[113.009541,-7.86291]],[[113.010083,-7.863182],[113.010624,-7.863182],[113.010624,-7.864],[113.010083,-7.864],[113.010083,-7.864272],[113.009812,-7.864272],[113.009812,-7.864545],[113.009541,-7.864545],[113.009541,-7.864],[113.009812,-7.864],[113.009812,-7.863455],[113.010083,-7.863455],[113.010083,-7.863182]],[[113.009,-7.864545],[113.009271,-7.864545],[113.009271,-7.864817],[113.009,-7.864817],[113.009,-7.864545]],[[113.009,-7.867542],[113.009812,-7.867542],[113.009812,-7.868087],[113.009,-7.868087],[113.009,-7.867542]],[[113.006293,-7.868905],[113.006564,-7.868905],[113.006564,-7.869177],[113.006293,-7.869177],[113.006293,-7.868905]]]}},{"type":"Feature","properties":{"fid":528,"DN":3},"geometry":{"type":"Polygon","coordinates":[[[113.036067,-7.869177],[113.036067,-7.86945],[113.036338,-7.86945],[113.036338,-7.869177],[113.036067,-7.869177]]]}},{"type":"Feature","properties":{"fid":529,"DN":2},"geometry":{"type":"Polygon","coordinates":[[[112.956489,-7.869177],[112.956489,-7.869722],[112.956759,-7.869722],[112.956759,-7.86945],[112.95703,-7.86945],[112.95703,-7.869177],[112.956489,-7.869177]]]}},{"type":"Feature","properties":{"fid":530,"DN":2},"geometry":{"type":"Polygon","coordinates":[[[112.962173,-7.869177],[112.962173,-7.869722],[112.962444,-7.869722],[112.962444,-7.869177],[112.962173,-7.869177]]]}},{"type":"Feature","properties":{"fid":531,"DN":2},"geometry":{"type":"Polygon","coordinates":[[[113.023887,-7.868905],[113.023887,-7.869177],[113.023616,-7.869177],[113.023616,-7.869722],[113.023887,-7.869722],[113.023887,-7.86945],[113.024158,-7.86945],[113.024158,-7.869177],[113.024428,-7.869177],[113.024428,-7.868905],[113.023887,-7.868905]]]}},{"type":"Feature","properties":{"fid":532,"DN":3},"geometry":{"type":"Polygon","coordinates":[[[112.935376,-7.86945],[112.935376,-7.869722],[112.935917,-7.869722],[112.935917,-7.86945],[112.935376,-7.86945]]]}},{"type":"Feature","properties":{"fid":533,"DN":2},"geometry":{"type":"Polygon","coordinates":[[[112.960008,-7.86945],[112.960008,-7.869722],[112.960278,-7.869722],[112.960278,-7.86945],[112.960008,-7.86945]]]}},{"type":"Feature","properties":{"fid":534,"DN":3},"geometry":{"type":"Polygon","coordinates":[[[112.994654,-7.869177],[112.994654,-7.869995],[112.994925,-7.869995],[112.994925,-7.869177],[112.994654,-7.869177]]]}},{"type":"Feature","properties":{"fid":535,"DN":2},"geometry":{"type":"Polygon","coordinates":[[[112.970023,-7.865635],[112.970023,-7.865907],[112.969752,-7.865907],[112.969752,-7.866452],[112.970023,-7.866452],[112.970023,-7.867542],[112.970293,-7.867542],[112.970293,-7.868087],[112.969752,-7.868087],[112.969752,-7.86727],[112.969481,-7.86727],[112.969481,-7.866997],[112.969211,-7.866997],[112.969211,-7.866725],[112.96894,-7.866725],[112.96894,-7.866997],[112.968669,-7.866997],[112.968669,-7.86727],[112.96894,-7.86727],[112.96894,-7.868087],[112.969211,-7.868087],[112.969211,-7.868632],[112.969481,-7.868632],[112.969481,-7.869177],[112.969211,-7.869177],[112.969211,-7.86945],[112.96894,-7.86945],[112.96894,-7.869722],[112.969752,-7.869722],[112.969752,-7.869995],[112.970023,-7.869995],[112.970023,-7.869722],[112.970293,-7.869722],[112.970293,-7.86945],[112.970564,-7.86945],[112.970564,-7.868632],[112.971105,-7.868632],[112.971105,-7.868087],[112.971376,-7.868087],[112.971376,-7.866452],[112.971105,-7.866452],[112.971105,-7.865907],[112.970564,-7.865907],[112.970564,-7.865635],[112.970023,-7.865635]],[[112.969211,-7.867542],[112.969481,-7.867542],[112.969481,-7.868087],[112.969211,-7.868087],[112.969211,-7.867542]],[[112.969752,-7.86836],[112.970293,-7.86836],[112.970293,-7.868632],[112.969752,-7.868632],[112.969752,-7.86836]]]}},{"type":"Feature","properties":{"fid":536,"DN":3},"geometry":{"type":"Polygon","coordinates":[[[112.992759,-7.86945],[112.992759,-7.869995],[112.993301,-7.869995],[112.993301,-7.86945],[112.992759,-7.86945]]]}},{"type":"Feature","properties":{"fid":537,"DN":3},"geometry":{"type":"Polygon","coordinates":[[[112.937541,-7.869722],[112.937541,-7.869995],[112.937812,-7.869995],[112.937812,-7.869722],[112.937541,-7.869722]]]}},{"type":"Feature","properties":{"fid":538,"DN":2},"geometry":{"type":"Polygon","coordinates":[[[112.962985,-7.869722],[112.962985,-7.869995],[112.963256,-7.869995],[112.963256,-7.869722],[112.962985,-7.869722]]]}},{"type":"Feature","properties":{"fid":539,"DN":3},"geometry":{"type":"Polygon","coordinates":[[[112.98491,-7.869722],[112.98491,-7.869995],[112.98518,-7.869995],[112.98518,-7.869722],[112.98491,-7.869722]]]}},{"type":"Feature","properties":{"fid":540,"DN":3},"geometry":{"type":"Polygon","coordinates":[[[112.986534,-7.869722],[112.986534,-7.869995],[112.986804,-7.869995],[112.986804,-7.869722],[112.986534,-7.869722]]]}},{"type":"Feature","properties":{"fid":541,"DN":2},"geometry":{"type":"Polygon","coordinates":[[[113.002233,-7.869722],[113.002233,-7.869995],[113.002504,-7.869995],[113.002504,-7.869722],[113.002233,-7.869722]]]}},{"type":"Feature","properties":{"fid":542,"DN":2},"geometry":{"type":"Polygon","coordinates":[[[113.005752,-7.869177],[113.005752,-7.86945],[113.005481,-7.86945],[113.005481,-7.869722],[113.00494,-7.869722],[113.00494,-7.869995],[113.005752,-7.869995],[113.005752,-7.869722],[113.006022,-7.869722],[113.006022,-7.869177],[113.005752,-7.869177]]]}},{"type":"Feature","properties":{"fid":543,"DN":2},"geometry":{"type":"Polygon","coordinates":[[[113.032819,-7.86945],[113.032819,-7.869722],[113.032549,-7.869722],[113.032549,-7.869995],[113.03309,-7.869995],[113.03309,-7.86945],[113.032819,-7.86945]]]}},{"type":"Feature","properties":{"fid":544,"DN":2},"geometry":{"type":"Polygon","coordinates":[[[112.957842,-7.868905],[112.957842,-7.869995],[112.958113,-7.869995],[112.958113,-7.870267],[112.958925,-7.870267],[112.958925,-7.869722],[112.958113,-7.869722],[112.958113,-7.869177],[112.958384,-7.869177],[112.958384,-7.868905],[112.957842,-7.868905]]]}},{"type":"Feature","properties":{"fid":545,"DN":2},"geometry":{"type":"Polygon","coordinates":[[[112.96488,-7.868905],[112.96488,-7.869177],[112.963256,-7.869177],[112.963256,-7.86945],[112.963797,-7.86945],[112.963797,-7.869722],[112.964068,-7.869722],[112.964068,-7.870267],[112.96488,-7.870267],[112.96488,-7.869722],[112.96515,-7.869722],[112.96515,-7.868905],[112.96488,-7.868905]]]}},{"type":"Feature","properties":{"fid":546,"DN":3},"geometry":{"type":"Polygon","coordinates":[[[113.041752,-7.869177],[113.041752,-7.870267],[113.042564,-7.870267],[113.042564,-7.869995],[113.043105,-7.869995],[113.043105,-7.869177],[113.041752,-7.869177]]]}},{"type":"Feature","properties":{"fid":547,"DN":3},"geometry":{"type":"Polygon","coordinates":[[[112.93294,-7.869722],[112.93294,-7.870267],[112.933211,-7.870267],[112.933211,-7.869722],[112.93294,-7.869722]]]}},{"type":"Feature","properties":{"fid":548,"DN":3},"geometry":{"type":"Polygon","coordinates":[[[112.935917,-7.869722],[112.935917,-7.870267],[112.936188,-7.870267],[112.936188,-7.869722],[112.935917,-7.869722]]]}},{"type":"Feature","properties":{"fid":549,"DN":3},"geometry":{"type":"Polygon","coordinates":[[[112.970293,-7.86945],[112.970293,-7.869722],[112.970023,-7.869722],[112.970023,-7.869995],[112.969752,-7.869995],[112.969752,-7.870267],[112.970293,-7.870267],[112.970293,-7.869995],[112.970564,-7.869995],[112.970564,-7.86945],[112.970293,-7.86945]]]}},{"type":"Feature","properties":{"fid":550,"DN":2},"geometry":{"type":"Polygon","coordinates":[[[112.973541,-7.869995],[112.973541,-7.870267],[112.973812,-7.870267],[112.973812,-7.869995],[112.973541,-7.869995]]]}},{"type":"Feature","properties":{"fid":551,"DN":3},"geometry":{"type":"Polygon","coordinates":[[[112.983827,-7.869995],[112.983827,-7.870267],[112.984098,-7.870267],[112.984098,-7.869995],[112.983827,-7.869995]]]}},{"type":"Feature","properties":{"fid":552,"DN":3},"geometry":{"type":"Polygon","coordinates":[[[112.994383,-7.869995],[112.994383,-7.870267],[112.994654,-7.870267],[112.994654,-7.869995],[112.994383,-7.869995]]]}},{"type":"Feature","properties":{"fid":553,"DN":2},"geometry":{"type":"Polygon","coordinates":[[[113.008459,-7.869995],[113.008459,-7.870267],[113.009,-7.870267],[113.009,-7.869995],[113.008459,-7.869995]]]}},{"type":"Feature","properties":{"fid":554,"DN":2},"geometry":{"type":"Polygon","coordinates":[[[113.031466,-7.868905],[113.031466,-7.869177],[113.031195,-7.869177],[113.031195,-7.86945],[113.030925,-7.86945],[113.030925,-7.869722],[113.030654,-7.869722],[113.030654,-7.869995],[113.030383,-7.869995],[113.030383,-7.870267],[113.030925,-7.870267],[113.030925,-7.869995],[113.031466,-7.869995],[113.031466,-7.869722],[113.031737,-7.869722],[113.031737,-7.869177],[113.032007,-7.869177],[113.032007,-7.868905],[113.031466,-7.868905]]]}},{"type":"Feature","properties":{"fid":555,"DN":2},"geometry":{"type":"Polygon","coordinates":[[[112.951346,-7.86836],[112.951346,-7.868905],[112.951617,-7.868905],[112.951617,-7.86945],[112.951346,-7.86945],[112.951346,-7.869995],[112.951617,-7.869995],[112.951617,-7.87054],[112.952429,-7.87054],[112.952429,-7.869995],[112.952158,-7.869995],[112.952158,-7.868905],[112.952429,-7.868905],[112.952429,-7.868632],[112.952158,-7.868632],[112.952158,-7.86836],[112.951346,-7.86836]]]}},{"type":"Feature","properties":{"fid":556,"DN":2},"geometry":{"type":"Polygon","coordinates":[[[113.054203,-7.869995],[113.054203,-7.87054],[113.055015,-7.87054],[113.055015,-7.869995],[113.054203,-7.869995]]]}},{"type":"Feature","properties":{"fid":557,"DN":3},"geometry":{"type":"Polygon","coordinates":[[[112.929421,-7.870267],[112.929421,-7.87054],[112.929692,-7.87054],[112.929692,-7.870267],[112.929421,-7.870267]]]}},{"type":"Feature","properties":{"fid":558,"DN":3},"geometry":{"type":"Polygon","coordinates":[[[112.933211,-7.870267],[112.933211,-7.87054],[112.933752,-7.87054],[112.933752,-7.870267],[112.933211,-7.870267]]]}},{"type":"Feature","properties":{"fid":559,"DN":2},"geometry":{"type":"Polygon","coordinates":[[[112.957842,-7.870267],[112.957842,-7.87054],[112.958113,-7.87054],[112.958113,-7.870267],[112.957842,-7.870267]]]}},{"type":"Feature","properties":{"fid":560,"DN":2},"geometry":{"type":"Polygon","coordinates":[[[112.962173,-7.870267],[112.962173,-7.87054],[112.962444,-7.87054],[112.962444,-7.870267],[112.962173,-7.870267]]]}},{"type":"Feature","properties":{"fid":561,"DN":2},"geometry":{"type":"Polygon","coordinates":[[[112.974895,-7.867542],[112.974895,-7.868087],[112.974353,-7.868087],[112.974353,-7.869177],[112.974624,-7.869177],[112.974624,-7.86945],[112.974353,-7.86945],[112.974353,-7.869722],[112.974083,-7.869722],[112.974083,-7.870267],[112.973812,-7.870267],[112.973812,-7.87054],[112.974895,-7.87054],[112.974895,-7.869995],[112.975165,-7.869995],[112.975165,-7.870267],[112.975977,-7.870267],[112.975977,-7.869995],[112.975436,-7.869995],[112.975436,-7.869722],[112.976248,-7.869722],[112.976248,-7.86945],[112.975977,-7.86945],[112.975977,-7.868632],[112.975436,-7.868632],[112.975436,-7.867815],[112.975165,-7.867815],[112.975165,-7.867542],[112.974895,-7.867542]]]}},{"type":"Feature","properties":{"fid":562,"DN":3},"geometry":{"type":"Polygon","coordinates":[[[112.98085,-7.870267],[112.98085,-7.87054],[112.98112,-7.87054],[112.98112,-7.870267],[112.98085,-7.870267]]]}},{"type":"Feature","properties":{"fid":563,"DN":3},"geometry":{"type":"Polygon","coordinates":[[[113.04094,-7.870267],[113.04094,-7.87054],[113.04121,-7.87054],[113.04121,-7.870267],[113.04094,-7.870267]]]}},{"type":"Feature","properties":{"fid":564,"DN":3},"geometry":{"type":"Polygon","coordinates":[[[112.940248,-7.868905],[112.940248,-7.869722],[112.940519,-7.869722],[112.940519,-7.87054],[112.94079,-7.87054],[112.94079,-7.870812],[112.94106,-7.870812],[112.94106,-7.87054],[112.941872,-7.87054],[112.941872,-7.869995],[112.941602,-7.869995],[112.941602,-7.869722],[112.94079,-7.869722],[112.94079,-7.86945],[112.940519,-7.86945],[112.940519,-7.868905],[112.940248,-7.868905]]]}},{"type":"Feature","properties":{"fid":565,"DN":2},"geometry":{"type":"Polygon","coordinates":[[[112.961632,-7.86945],[112.961632,-7.869995],[112.961361,-7.869995],[112.961361,-7.870812],[112.961632,-7.870812],[112.961632,-7.870267],[112.961902,-7.870267],[112.961902,-7.869995],[112.962173,-7.869995],[112.962173,-7.869722],[112.961902,-7.869722],[112.961902,-7.86945],[112.961632,-7.86945]]]}},{"type":"Feature","properties":{"fid":566,"DN":2},"geometry":{"type":"Polygon","coordinates":[[[112.962444,-7.869995],[112.962444,-7.870267],[112.962714,-7.870267],[112.962714,-7.870812],[112.962985,-7.870812],[112.962985,-7.869995],[112.962444,-7.869995]]]}},{"type":"Feature","properties":{"fid":567,"DN":3},"geometry":{"type":"Polygon","coordinates":[[[112.983286,-7.868632],[112.983286,-7.869722],[112.982474,-7.869722],[112.982474,-7.869995],[112.981932,-7.869995],[112.981932,-7.870812],[112.982203,-7.870812],[112.982203,-7.87054],[112.983286,-7.87054],[112.983286,-7.869995],[112.983556,-7.869995],[112.983556,-7.868632],[112.983286,-7.868632]]]}},{"type":"Feature","properties":{"fid":568,"DN":2},"geometry":{"type":"Polygon","coordinates":[[[113.053661,-7.869722],[113.053661,-7.869995],[113.053391,-7.869995],[113.053391,-7.87054],[113.053661,-7.87054],[113.053661,-7.870812],[113.053932,-7.870812],[113.053932,-7.869995],[113.054203,-7.869995],[113.054203,-7.869722],[113.053661,-7.869722]]]}},{"type":"Feature","properties":{"fid":569,"DN":2},"geometry":{"type":"Polygon","coordinates":[[[113.008188,-7.870267],[113.008188,-7.870812],[113.008459,-7.870812],[113.008459,-7.870267],[113.008188,-7.870267]]]}},{"type":"Feature","properties":{"fid":570,"DN":3},"geometry":{"type":"Polygon","coordinates":[[[112.929692,-7.87054],[112.929692,-7.870812],[112.929963,-7.870812],[112.929963,-7.87054],[112.929692,-7.87054]]]}},{"type":"Feature","properties":{"fid":571,"DN":3},"geometry":{"type":"Polygon","coordinates":[[[112.930775,-7.87054],[112.930775,-7.870812],[112.931045,-7.870812],[112.931045,-7.87054],[112.930775,-7.87054]]]}},{"type":"Feature","properties":{"fid":572,"DN":3},"geometry":{"type":"Polygon","coordinates":[[[112.942143,-7.87054],[112.942143,-7.870812],[112.942414,-7.870812],[112.942414,-7.87054],[112.942143,-7.87054]]]}},{"type":"Feature","properties":{"fid":573,"DN":2},"geometry":{"type":"Polygon","coordinates":[[[112.971917,-7.87054],[112.971917,-7.870812],[112.972188,-7.870812],[112.972188,-7.87054],[112.971917,-7.87054]]]}},{"type":"Feature","properties":{"fid":574,"DN":3},"geometry":{"type":"Polygon","coordinates":[[[113.042834,-7.87054],[113.042834,-7.870812],[113.043105,-7.870812],[113.043105,-7.87054],[113.042834,-7.87054]]]}},{"type":"Feature","properties":{"fid":575,"DN":3},"geometry":{"type":"Polygon","coordinates":[[[112.944308,-7.870812],[112.944308,-7.871085],[112.944579,-7.871085],[112.944579,-7.870812],[112.944308,-7.870812]]]}},{"type":"Feature","properties":{"fid":576,"DN":2},"geometry":{"type":"Polygon","coordinates":[[[112.971647,-7.870812],[112.971647,-7.871085],[112.971917,-7.871085],[112.971917,-7.870812],[112.971647,-7.870812]]]}},{"type":"Feature","properties":{"fid":577,"DN":3},"geometry":{"type":"Polygon","coordinates":[[[112.998173,-7.870812],[112.998173,-7.871085],[112.998444,-7.871085],[112.998444,-7.870812],[112.998173,-7.870812]]]}},{"type":"Feature","properties":{"fid":578,"DN":2},"geometry":{"type":"Polygon","coordinates":[[[113.007917,-7.870812],[113.007917,-7.871085],[113.008188,-7.871085],[113.008188,-7.870812],[113.007917,-7.870812]]]}},{"type":"Feature","properties":{"fid":579,"DN":3},"geometry":{"type":"Polygon","coordinates":[[[113.04121,-7.870812],[113.04121,-7.871085],[113.041481,-7.871085],[113.041481,-7.870812],[113.04121,-7.870812]]]}},{"type":"Feature","properties":{"fid":580,"DN":3},"geometry":{"type":"Polygon","coordinates":[[[112.994925,-7.870812],[112.994925,-7.871357],[112.995737,-7.871357],[112.995737,-7.870812],[112.994925,-7.870812]]]}},{"type":"Feature","properties":{"fid":581,"DN":3},"geometry":{"type":"Polygon","coordinates":[[[112.930233,-7.871085],[112.930233,-7.871357],[112.930504,-7.871357],[112.930504,-7.871085],[112.930233,-7.871085]]]}},{"type":"Feature","properties":{"fid":582,"DN":3},"geometry":{"type":"Polygon","coordinates":[[[112.934835,-7.871085],[112.934835,-7.871357],[112.935105,-7.871357],[112.935105,-7.871085],[112.934835,-7.871085]]]}},{"type":"Feature","properties":{"fid":583,"DN":3},"geometry":{"type":"Polygon","coordinates":[[[112.937541,-7.871085],[112.937541,-7.871357],[112.937812,-7.871357],[112.937812,-7.871085],[112.937541,-7.871085]]]}},{"type":"Feature","properties":{"fid":584,"DN":3},"geometry":{"type":"Polygon","coordinates":[[[112.942955,-7.871085],[112.942955,-7.871357],[112.943496,-7.871357],[112.943496,-7.871085],[112.942955,-7.871085]]]}},{"type":"Feature","properties":{"fid":585,"DN":2},"geometry":{"type":"Polygon","coordinates":[[[112.954594,-7.871085],[112.954594,-7.871357],[112.954865,-7.871357],[112.954865,-7.871085],[112.954594,-7.871085]]]}},{"type":"Feature","properties":{"fid":586,"DN":3},"geometry":{"type":"Polygon","coordinates":[[[112.983286,-7.871085],[112.983286,-7.871357],[112.983556,-7.871357],[112.983556,-7.871085],[112.983286,-7.871085]]]}},{"type":"Feature","properties":{"fid":587,"DN":3},"geometry":{"type":"Polygon","coordinates":[[[112.989241,-7.871085],[112.989241,-7.871357],[112.989511,-7.871357],[112.989511,-7.871085],[112.989241,-7.871085]]]}},{"type":"Feature","properties":{"fid":588,"DN":3},"geometry":{"type":"Polygon","coordinates":[[[112.997902,-7.871085],[112.997902,-7.871357],[112.998173,-7.871357],[112.998173,-7.871085],[112.997902,-7.871085]]]}},{"type":"Feature","properties":{"fid":589,"DN":3},"geometry":{"type":"Polygon","coordinates":[[[112.939166,-7.870812],[112.939166,-7.871085],[112.939436,-7.871085],[112.939436,-7.871357],[112.939978,-7.871357],[112.939978,-7.87163],[112.940248,-7.87163],[112.940248,-7.871357],[112.940519,-7.871357],[112.940519,-7.871085],[112.939707,-7.871085],[112.939707,-7.870812],[112.939166,-7.870812]]]}},{"type":"Feature","properties":{"fid":590,"DN":2},"geometry":{"type":"Polygon","coordinates":[[[112.958113,-7.870812],[112.958113,-7.87163],[112.958925,-7.87163],[112.958925,-7.870812],[112.958113,-7.870812]]]}},{"type":"Feature","properties":{"fid":591,"DN":2},"geometry":{"type":"Polygon","coordinates":[[[112.965692,-7.86945],[112.965692,-7.869722],[112.965421,-7.869722],[112.965421,-7.869995],[112.96515,-7.869995],[112.96515,-7.870267],[112.96488,-7.870267],[112.96488,-7.870812],[112.96515,-7.870812],[112.96515,-7.87054],[112.965421,-7.87054],[112.965421,-7.870267],[112.965692,-7.870267],[112.965692,-7.87054],[112.966504,-7.87054],[112.966504,-7.871085],[112.966233,-7.871085],[112.966233,-7.87163],[112.966774,-7.87163],[112.966774,-7.870812],[112.967586,-7.870812],[112.967586,-7.87054],[112.966774,-7.87054],[112.966774,-7.870267],[112.967316,-7.870267],[112.967316,-7.869722],[112.967045,-7.869722],[112.967045,-7.86945],[112.966774,-7.86945],[112.966774,-7.869995],[112.966504,-7.869995],[112.966504,-7.869722],[112.966233,-7.869722],[112.966233,-7.86945],[112.965692,-7.86945]]]}},{"type":"Feature","properties":{"fid":592,"DN":2},"geometry":{"type":"Polygon","coordinates":[[[113.004669,-7.871357],[113.004669,-7.87163],[113.00494,-7.87163],[113.00494,-7.871357],[113.004669,-7.871357]]]}},{"type":"Feature","properties":{"fid":593,"DN":2},"geometry":{"type":"Polygon","coordinates":[[[113.017932,-7.871357],[113.017932,-7.87163],[113.018744,-7.87163],[113.018744,-7.871357],[113.017932,-7.871357]]]}},{"type":"Feature","properties":{"fid":594,"DN":2},"geometry":{"type":"Polygon","coordinates":[[[112.95703,-7.869722],[112.95703,-7.870267],[112.956759,-7.870267],[112.956759,-7.871085],[112.956489,-7.871085],[112.956489,-7.870267],[112.955406,-7.870267],[112.955406,-7.87054],[112.956218,-7.87054],[112.956218,-7.87163],[112.956759,-7.87163],[112.956759,-7.871902],[112.957571,-7.871902],[112.957571,-7.871357],[112.95703,-7.871357],[112.95703,-7.87054],[112.957301,-7.87054],[112.957301,-7.869722],[112.95703,-7.869722]]]}},{"type":"Feature","properties":{"fid":595,"DN":2},"geometry":{"type":"Polygon","coordinates":[[[112.949993,-7.871085],[112.949993,-7.871357],[112.950263,-7.871357],[112.950263,-7.87163],[112.950534,-7.87163],[112.950534,-7.871902],[112.950805,-7.871902],[112.950805,-7.871357],[112.950534,-7.871357],[112.950534,-7.871085],[112.949993,-7.871085]]]}},{"type":"Feature","properties":{"fid":596,"DN":3},"geometry":{"type":"Polygon","coordinates":[[[112.930504,-7.871357],[112.930504,-7.871902],[112.931045,-7.871902],[112.931045,-7.87163],[112.930775,-7.87163],[112.930775,-7.871357],[112.930504,-7.871357]]]}},{"type":"Feature","properties":{"fid":597,"DN":2},"geometry":{"type":"Polygon","coordinates":[[[112.96515,-7.871085],[112.96515,-7.87163],[112.96488,-7.87163],[112.96488,-7.871902],[112.965421,-7.871902],[112.965421,-7.871085],[112.96515,-7.871085]]]}},{"type":"Feature","properties":{"fid":598,"DN":3},"geometry":{"type":"Polygon","coordinates":[[[112.994113,-7.87163],[112.994113,-7.871902],[112.994383,-7.871902],[112.994383,-7.87163],[112.994113,-7.87163]]]}},{"type":"Feature","properties":{"fid":599,"DN":2},"geometry":{"type":"Polygon","coordinates":[[[113.033361,-7.870812],[113.033361,-7.871085],[113.03309,-7.871085],[113.03309,-7.872175],[113.033361,-7.872175],[113.033361,-7.871902],[113.033631,-7.871902],[113.033631,-7.87163],[113.033902,-7.87163],[113.033902,-7.871085],[113.033631,-7.871085],[113.033631,-7.870812],[113.033361,-7.870812]]]}},{"type":"Feature","properties":{"fid":600,"DN":2},"geometry":{"type":"Polygon","coordinates":[[[112.955135,-7.871357],[112.955135,-7.87163],[112.954865,-7.87163],[112.954865,-7.872175],[112.955135,-7.872175],[112.955135,-7.871902],[112.955677,-7.871902],[112.955677,-7.871357],[112.955135,-7.871357]]]}},{"type":"Feature","properties":{"fid":601,"DN":2},"geometry":{"type":"Polygon","coordinates":[[[112.957842,-7.87163],[112.957842,-7.872175],[112.958113,-7.872175],[112.958113,-7.87163],[112.957842,-7.87163]]]}},{"type":"Feature","properties":{"fid":602,"DN":2},"geometry":{"type":"Polygon","coordinates":[[[112.963526,-7.87163],[112.963526,-7.871902],[112.963797,-7.871902],[112.963797,-7.872175],[112.964338,-7.872175],[112.964338,-7.871902],[112.964068,-7.871902],[112.964068,-7.87163],[112.963526,-7.87163]]]}},{"type":"Feature","properties":{"fid":603,"DN":3},"geometry":{"type":"Polygon","coordinates":[[[113.04527,-7.87163],[113.04527,-7.872175],[113.045812,-7.872175],[113.045812,-7.87163],[113.04527,-7.87163]]]}},{"type":"Feature","properties":{"fid":604,"DN":3},"geometry":{"type":"Polygon","coordinates":[[[112.931045,-7.871902],[112.931045,-7.872175],[112.931587,-7.872175],[112.931587,-7.871902],[112.931045,-7.871902]]]}},{"type":"Feature","properties":{"fid":605,"DN":3},"geometry":{"type":"Polygon","coordinates":[[[112.936459,-7.871902],[112.936459,-7.872175],[112.937,-7.872175],[112.937,-7.871902],[112.936459,-7.871902]]]}},{"type":"Feature","properties":{"fid":606,"DN":2},"geometry":{"type":"Polygon","coordinates":[[[112.962985,-7.871902],[112.962985,-7.872175],[112.963526,-7.872175],[112.963526,-7.871902],[112.962985,-7.871902]]]}},{"type":"Feature","properties":{"fid":607,"DN":2},"geometry":{"type":"Polygon","coordinates":[[[112.967857,-7.871902],[112.967857,-7.872175],[112.968399,-7.872175],[112.968399,-7.871902],[112.967857,-7.871902]]]}},{"type":"Feature","properties":{"fid":608,"DN":3},"geometry":{"type":"Polygon","coordinates":[[[112.993842,-7.871902],[112.993842,-7.872175],[112.994113,-7.872175],[112.994113,-7.871902],[112.993842,-7.871902]]]}},{"type":"Feature","properties":{"fid":609,"DN":2},"geometry":{"type":"Polygon","coordinates":[[[113.000609,-7.871902],[113.000609,-7.872175],[113.00088,-7.872175],[113.00088,-7.871902],[113.000609,-7.871902]]]}},{"type":"Feature","properties":{"fid":610,"DN":3},"geometry":{"type":"Polygon","coordinates":[[[112.95297,-7.87163],[112.95297,-7.872447],[112.953241,-7.872447],[112.953241,-7.87163],[112.95297,-7.87163]]]}},{"type":"Feature","properties":{"fid":611,"DN":3},"geometry":{"type":"Polygon","coordinates":[[[112.987346,-7.871902],[112.987346,-7.872447],[112.987617,-7.872447],[112.987617,-7.871902],[112.987346,-7.871902]]]}},{"type":"Feature","properties":{"fid":612,"DN":2},"geometry":{"type":"Polygon","coordinates":[[[113.002774,-7.872175],[113.002774,-7.872447],[113.003045,-7.872447],[113.003045,-7.872175],[113.002774,-7.872175]]]}},{"type":"Feature","properties":{"fid":613,"DN":2},"geometry":{"type":"Polygon","coordinates":[[[112.96894,-7.871085],[112.96894,-7.872175],[112.969211,-7.872175],[112.969211,-7.87272],[112.969481,-7.87272],[112.969481,-7.871902],[112.969211,-7.871902],[112.969211,-7.87163],[112.969481,-7.87163],[112.969481,-7.871085],[112.96894,-7.871085]]]}},{"type":"Feature","properties":{"fid":614,"DN":3},"geometry":{"type":"Polygon","coordinates":[[[112.931587,-7.872175],[112.931587,-7.87272],[112.931857,-7.87272],[112.931857,-7.872175],[112.931587,-7.872175]]]}},{"type":"Feature","properties":{"fid":615,"DN":2},"geometry":{"type":"Polygon","coordinates":[[[112.967045,-7.872447],[112.967045,-7.87272],[112.967316,-7.87272],[112.967316,-7.872447],[112.967045,-7.872447]]]}},{"type":"Feature","properties":{"fid":616,"DN":3},"geometry":{"type":"Polygon","coordinates":[[[112.981932,-7.872447],[112.981932,-7.87272],[112.982203,-7.87272],[112.982203,-7.872447],[112.981932,-7.872447]]]}},{"type":"Feature","properties":{"fid":617,"DN":3},"geometry":{"type":"Polygon","coordinates":[[[112.983556,-7.872447],[112.983556,-7.87272],[112.983827,-7.87272],[112.983827,-7.872447],[112.983556,-7.872447]]]}},{"type":"Feature","properties":{"fid":618,"DN":3},"geometry":{"type":"Polygon","coordinates":[[[112.984098,-7.872447],[112.984098,-7.87272],[112.984368,-7.87272],[112.984368,-7.872447],[112.984098,-7.872447]]]}},{"type":"Feature","properties":{"fid":619,"DN":2},"geometry":{"type":"Polygon","coordinates":[[[113.032278,-7.872175],[113.032278,-7.872447],[113.031737,-7.872447],[113.031737,-7.87272],[113.032549,-7.87272],[113.032549,-7.872175],[113.032278,-7.872175]]]}},{"type":"Feature","properties":{"fid":620,"DN":3},"geometry":{"type":"Polygon","coordinates":[[[112.937,-7.872175],[112.937,-7.872447],[112.937271,-7.872447],[112.937271,-7.872992],[112.937541,-7.872992],[112.937541,-7.872175],[112.937,-7.872175]]]}},{"type":"Feature","properties":{"fid":621,"DN":2},"geometry":{"type":"Polygon","coordinates":[[[112.952158,-7.872175],[112.952158,-7.872992],[112.952429,-7.872992],[112.952429,-7.872175],[112.952158,-7.872175]]]}},{"type":"Feature","properties":{"fid":622,"DN":2},"geometry":{"type":"Polygon","coordinates":[[[112.953241,-7.868632],[112.953241,-7.868905],[112.95297,-7.868905],[112.95297,-7.870267],[112.952699,-7.870267],[112.952699,-7.87054],[112.952429,-7.87054],[112.952429,-7.871085],[112.952158,-7.871085],[112.952158,-7.871357],[112.952429,-7.871357],[112.952429,-7.871902],[112.952699,-7.871902],[112.952699,-7.872447],[112.95297,-7.872447],[112.95297,-7.87272],[112.953241,-7.87272],[112.953241,-7.872992],[112.953782,-7.872992],[112.953782,-7.87272],[112.954053,-7.87272],[112.954053,-7.872175],[112.953782,-7.872175],[112.953782,-7.871085],[112.953241,-7.871085],[112.953241,-7.871357],[112.95297,-7.871357],[112.95297,-7.87054],[112.954323,-7.87054],[112.954323,-7.870267],[112.953782,-7.870267],[112.953782,-7.869995],[112.953241,-7.869995],[112.953241,-7.869722],[112.953782,-7.869722],[112.953782,-7.86945],[112.953241,-7.86945],[112.953241,-7.869177],[112.953782,-7.869177],[112.953782,-7.868905],[112.954053,-7.868905],[112.954053,-7.868632],[112.953241,-7.868632]],[[112.95297,-7.87163],[112.953241,-7.87163],[112.953241,-7.872447],[112.95297,-7.872447],[112.95297,-7.87163]]]}},{"type":"Feature","properties":{"fid":623,"DN":2},"geometry":{"type":"Polygon","coordinates":[[[112.955677,-7.87272],[112.955677,-7.872992],[112.956218,-7.872992],[112.956218,-7.87272],[112.955677,-7.87272]]]}},{"type":"Feature","properties":{"fid":624,"DN":2},"geometry":{"type":"Polygon","coordinates":[[[112.962173,-7.87272],[112.962173,-7.872992],[112.962444,-7.872992],[112.962444,-7.87272],[112.962173,-7.87272]]]}},{"type":"Feature","properties":{"fid":625,"DN":2},"geometry":{"type":"Polygon","coordinates":[[[112.962985,-7.87272],[112.962985,-7.872992],[112.963797,-7.872992],[112.963797,-7.87272],[112.962985,-7.87272]]]}},{"type":"Feature","properties":{"fid":626,"DN":3},"geometry":{"type":"Polygon","coordinates":[[[112.94079,-7.871357],[112.94079,-7.87163],[112.940248,-7.87163],[112.940248,-7.872175],[112.94079,-7.872175],[112.94079,-7.872447],[112.940519,-7.872447],[112.940519,-7.87272],[112.94079,-7.87272],[112.94079,-7.873265],[112.941602,-7.873265],[112.941602,-7.872447],[112.942143,-7.872447],[112.942143,-7.872175],[112.941872,-7.872175],[112.941872,-7.87163],[112.941602,-7.87163],[112.941602,-7.871357],[112.94079,-7.871357]]]}},{"type":"Feature","properties":{"fid":627,"DN":2},"geometry":{"type":"Polygon","coordinates":[[[112.941602,-7.872447],[112.941602,-7.873265],[112.942143,-7.873265],[112.942143,-7.872447],[112.941602,-7.872447]]]}},{"type":"Feature","properties":{"fid":628,"DN":3},"geometry":{"type":"Polygon","coordinates":[[[112.939978,-7.87272],[112.939978,-7.873265],[112.940248,-7.873265],[112.940248,-7.87272],[112.939978,-7.87272]]]}},{"type":"Feature","properties":{"fid":629,"DN":1},"geometry":{"type":"Polygon","coordinates":[[[113.047436,-7.872175],[113.047436,-7.87272],[113.046894,-7.87272],[113.046894,-7.873265],[113.047707,-7.873265],[113.047707,-7.87272],[113.047977,-7.87272],[113.047977,-7.872175],[113.047436,-7.872175]]]}},{"type":"Feature","properties":{"fid":630,"DN":3},"geometry":{"type":"Polygon","coordinates":[[[112.937541,-7.872992],[112.937541,-7.873265],[112.937812,-7.873265],[112.937812,-7.872992],[112.937541,-7.872992]]]}},{"type":"Feature","properties":{"fid":631,"DN":2},"geometry":{"type":"Polygon","coordinates":[[[112.968669,-7.872992],[112.968669,-7.873265],[112.96894,-7.873265],[112.96894,-7.872992],[112.968669,-7.872992]]]}},{"type":"Feature","properties":{"fid":632,"DN":3},"geometry":{"type":"Polygon","coordinates":[[[112.986263,-7.872992],[112.986263,-7.873265],[112.986534,-7.873265],[112.986534,-7.872992],[112.986263,-7.872992]]]}},{"type":"Feature","properties":{"fid":633,"DN":3},"geometry":{"type":"Polygon","coordinates":[[[113.04527,-7.872992],[113.04527,-7.873265],[113.045541,-7.873265],[113.045541,-7.872992],[113.04527,-7.872992]]]}},{"type":"Feature","properties":{"fid":634,"DN":2},"geometry":{"type":"Polygon","coordinates":[[[112.959737,-7.870267],[112.959737,-7.871357],[112.960008,-7.871357],[112.960008,-7.87163],[112.959466,-7.87163],[112.959466,-7.872175],[112.959737,-7.872175],[112.959737,-7.87272],[112.960008,-7.87272],[112.960008,-7.873265],[112.960549,-7.873265],[112.960549,-7.873537],[112.961361,-7.873537],[112.961361,-7.873265],[112.961632,-7.873265],[112.961632,-7.872447],[112.961902,-7.872447],[112.961902,-7.872175],[112.962173,-7.872175],[112.962173,-7.871902],[112.962714,-7.871902],[112.962714,-7.871357],[112.962173,-7.871357],[112.962173,-7.870812],[112.961632,-7.870812],[112.961632,-7.871902],[112.961361,-7.871902],[112.961361,-7.87272],[112.96109,-7.87272],[112.96109,-7.872992],[112.960549,-7.872992],[112.960549,-7.871902],[112.96109,-7.871902],[112.96109,-7.87163],[112.960549,-7.87163],[112.960549,-7.87054],[112.960278,-7.87054],[112.960278,-7.870267],[112.959737,-7.870267]]]}},{"type":"Feature","properties":{"fid":635,"DN":2},"geometry":{"type":"Polygon","coordinates":[[[113.052579,-7.872447],[113.052579,-7.872992],[113.052849,-7.872992],[113.052849,-7.873265],[113.05312,-7.873265],[113.05312,-7.873537],[113.053391,-7.873537],[113.053391,-7.873265],[113.053661,-7.873265],[113.053661,-7.872992],[113.053391,-7.872992],[113.053391,-7.872447],[113.052579,-7.872447]]]}},{"type":"Feature","properties":{"fid":636,"DN":2},"geometry":{"type":"Polygon","coordinates":[[[112.966233,-7.87272],[112.966233,-7.872992],[112.966504,-7.872992],[112.966504,-7.873265],[112.966774,-7.873265],[112.966774,-7.873537],[112.967316,-7.873537],[112.967316,-7.873265],[112.967045,-7.873265],[112.967045,-7.87272],[112.966233,-7.87272]]]}},{"type":"Feature","properties":{"fid":637,"DN":2},"geometry":{"type":"Polygon","coordinates":[[[112.962444,-7.872992],[112.962444,-7.873537],[112.962714,-7.873537],[112.962714,-7.873265],[112.962985,-7.873265],[112.962985,-7.872992],[112.962444,-7.872992]]]}},{"type":"Feature","properties":{"fid":638,"DN":3},"geometry":{"type":"Polygon","coordinates":[[[113.045,-7.873265],[113.045,-7.873537],[113.04527,-7.873537],[113.04527,-7.873265],[113.045,-7.873265]]]}},{"type":"Feature","properties":{"fid":639,"DN":3},"geometry":{"type":"Polygon","coordinates":[[[112.982744,-7.872992],[112.982744,-7.873537],[112.983286,-7.873537],[112.983286,-7.87381],[112.983556,-7.87381],[112.983556,-7.873265],[112.983286,-7.873265],[112.983286,-7.872992],[112.982744,-7.872992]]]}},{"type":"Feature","properties":{"fid":640,"DN":2},"geometry":{"type":"Polygon","coordinates":[[[113.030113,-7.87272],[113.030113,-7.872992],[113.029842,-7.872992],[113.029842,-7.87381],[113.030113,-7.87381],[113.030113,-7.873537],[113.030383,-7.873537],[113.030383,-7.873265],[113.030654,-7.873265],[113.030654,-7.872992],[113.031195,-7.872992],[113.031195,-7.87272],[113.030113,-7.87272]]]}},{"type":"Feature","properties":{"fid":641,"DN":3},"geometry":{"type":"Polygon","coordinates":[[[112.938354,-7.873537],[112.938354,-7.87381],[112.938895,-7.87381],[112.938895,-7.873537],[112.938354,-7.873537]]]}},{"type":"Feature","properties":{"fid":642,"DN":2},"geometry":{"type":"Polygon","coordinates":[[[112.965962,-7.873537],[112.965962,-7.87381],[112.966233,-7.87381],[112.966233,-7.873537],[112.965962,-7.873537]]]}},{"type":"Feature","properties":{"fid":643,"DN":2},"geometry":{"type":"Polygon","coordinates":[[[113.031195,-7.873265],[113.031195,-7.873537],[113.030925,-7.873537],[113.030925,-7.87381],[113.031466,-7.87381],[113.031466,-7.873537],[113.031737,-7.873537],[113.031737,-7.873265],[113.031195,-7.873265]]]}},{"type":"Feature","properties":{"fid":644,"DN":3},"geometry":{"type":"Polygon","coordinates":[[[112.942143,-7.872447],[112.942143,-7.873265],[112.941602,-7.873265],[112.941602,-7.873537],[112.941872,-7.873537],[112.941872,-7.874082],[112.942414,-7.874082],[112.942414,-7.87381],[112.942684,-7.87381],[112.942684,-7.87272],[112.942414,-7.87272],[112.942414,-7.872447],[112.942143,-7.872447]]]}},{"type":"Feature","properties":{"fid":645,"DN":2},"geometry":{"type":"Polygon","coordinates":[[[112.959196,-7.87272],[112.959196,-7.873265],[112.958654,-7.873265],[112.958654,-7.874082],[112.959196,-7.874082],[112.959196,-7.873537],[112.959466,-7.873537],[112.959466,-7.87272],[112.959196,-7.87272]]]}},{"type":"Feature","properties":{"fid":646,"DN":2},"geometry":{"type":"Polygon","coordinates":[[[113.022534,-7.872992],[113.022534,-7.873265],[113.021992,-7.873265],[113.021992,-7.874082],[113.022534,-7.874082],[113.022534,-7.87381],[113.022804,-7.87381],[113.022804,-7.872992],[113.022534,-7.872992]]]}},{"type":"Feature","properties":{"fid":647,"DN":3},"geometry":{"type":"Polygon","coordinates":[[[112.986534,-7.873265],[112.986534,-7.873537],[112.986263,-7.873537],[112.986263,-7.874082],[112.986804,-7.874082],[112.986804,-7.87381],[112.987075,-7.87381],[112.987075,-7.873537],[112.987346,-7.873537],[112.987346,-7.873265],[112.986534,-7.873265]]]}},{"type":"Feature","properties":{"fid":648,"DN":3},"geometry":{"type":"Polygon","coordinates":[[[112.987617,-7.873537],[112.987617,-7.87381],[112.988158,-7.87381],[112.988158,-7.874082],[112.988699,-7.874082],[112.988699,-7.87381],[112.988429,-7.87381],[112.988429,-7.873537],[112.987617,-7.873537]]]}},{"type":"Feature","properties":{"fid":649,"DN":2},"geometry":{"type":"Polygon","coordinates":[[[112.955406,-7.87381],[112.955406,-7.874082],[112.955677,-7.874082],[112.955677,-7.87381],[112.955406,-7.87381]]]}},{"type":"Feature","properties":{"fid":650,"DN":3},"geometry":{"type":"Polygon","coordinates":[[[112.995737,-7.87381],[112.995737,-7.874082],[112.996007,-7.874082],[112.996007,-7.87381],[112.995737,-7.87381]]]}},{"type":"Feature","properties":{"fid":651,"DN":2},"geometry":{"type":"Polygon","coordinates":[[[112.966504,-7.87381],[112.966504,-7.874355],[112.966774,-7.874355],[112.966774,-7.87381],[112.966504,-7.87381]]]}},{"type":"Feature","properties":{"fid":652,"DN":3},"geometry":{"type":"Polygon","coordinates":[[[112.995466,-7.874082],[112.995466,-7.874355],[112.995737,-7.874355],[112.995737,-7.874082],[112.995466,-7.874082]]]}},{"type":"Feature","properties":{"fid":653,"DN":2},"geometry":{"type":"Polygon","coordinates":[[[112.954053,-7.872992],[112.954053,-7.874355],[112.954323,-7.874355],[112.954323,-7.874627],[112.954594,-7.874627],[112.954594,-7.873265],[112.954323,-7.873265],[112.954323,-7.872992],[112.954053,-7.872992]]]}},{"type":"Feature","properties":{"fid":654,"DN":2},"geometry":{"type":"Polygon","coordinates":[[[112.958113,-7.874082],[112.958113,-7.874627],[112.958654,-7.874627],[112.958654,-7.874082],[112.958113,-7.874082]]]}},{"type":"Feature","properties":{"fid":655,"DN":3},"geometry":{"type":"Polygon","coordinates":[[[112.987346,-7.874082],[112.987346,-7.874627],[112.987617,-7.874627],[112.987617,-7.874082],[112.987346,-7.874082]]]}},{"type":"Feature","properties":{"fid":656,"DN":2},"geometry":{"type":"Polygon","coordinates":[[[113.020639,-7.874082],[113.020639,-7.874627],[113.02091,-7.874627],[113.02091,-7.874082],[113.020639,-7.874082]]]}},{"type":"Feature","properties":{"fid":657,"DN":2},"geometry":{"type":"Polygon","coordinates":[[[113.029301,-7.874082],[113.029301,-7.874627],[113.029842,-7.874627],[113.029842,-7.874082],[113.029301,-7.874082]]]}},{"type":"Feature","properties":{"fid":658,"DN":1},"geometry":{"type":"Polygon","coordinates":[[[113.047165,-7.874082],[113.047165,-7.874627],[113.047436,-7.874627],[113.047436,-7.874355],[113.047977,-7.874355],[113.047977,-7.874082],[113.047165,-7.874082]]]}},{"type":"Feature","properties":{"fid":659,"DN":2},"geometry":{"type":"Polygon","coordinates":[[[112.967857,-7.87381],[112.967857,-7.874355],[112.967586,-7.874355],[112.967586,-7.874627],[112.968399,-7.874627],[112.968399,-7.87381],[112.967857,-7.87381]]]}},{"type":"Feature","properties":{"fid":660,"DN":3},"geometry":{"type":"Polygon","coordinates":[[[113.045812,-7.874355],[113.045812,-7.874627],[113.046082,-7.874627],[113.046082,-7.874355],[113.045812,-7.874355]]]}},{"type":"Feature","properties":{"fid":661,"DN":2},"geometry":{"type":"Polygon","coordinates":[[[112.969211,-7.87381],[112.969211,-7.874627],[112.969481,-7.874627],[112.969481,-7.8749],[112.969752,-7.8749],[112.969752,-7.874355],[112.969481,-7.874355],[112.969481,-7.87381],[112.969211,-7.87381]]]}},{"type":"Feature","properties":{"fid":662,"DN":2},"geometry":{"type":"Polygon","coordinates":[[[112.955406,-7.874627],[112.955406,-7.8749],[112.955677,-7.8749],[112.955677,-7.874627],[112.955406,-7.874627]]]}},{"type":"Feature","properties":{"fid":663,"DN":2},"geometry":{"type":"Polygon","coordinates":[[[112.965962,-7.874627],[112.965962,-7.8749],[112.966233,-7.8749],[112.966233,-7.874627],[112.965962,-7.874627]]]}},{"type":"Feature","properties":{"fid":664,"DN":2},"geometry":{"type":"Polygon","coordinates":[[[112.966774,-7.874627],[112.966774,-7.8749],[112.967045,-7.8749],[112.967045,-7.874627],[112.966774,-7.874627]]]}},{"type":"Feature","properties":{"fid":665,"DN":2},"geometry":{"type":"Polygon","coordinates":[[[112.96894,-7.874627],[112.96894,-7.8749],[112.969211,-7.8749],[112.969211,-7.874627],[112.96894,-7.874627]]]}},{"type":"Feature","properties":{"fid":666,"DN":2},"geometry":{"type":"Polygon","coordinates":[[[113.020368,-7.874627],[113.020368,-7.8749],[113.020639,-7.8749],[113.020639,-7.874627],[113.020368,-7.874627]]]}},{"type":"Feature","properties":{"fid":667,"DN":3},"geometry":{"type":"Polygon","coordinates":[[[112.935917,-7.874082],[112.935917,-7.874355],[112.936459,-7.874355],[112.936459,-7.874627],[112.937,-7.874627],[112.937,-7.8749],[112.937271,-7.8749],[112.937271,-7.875172],[112.937541,-7.875172],[112.937541,-7.874627],[112.937271,-7.874627],[112.937271,-7.874355],[112.937,-7.874355],[112.937,-7.874082],[112.935917,-7.874082]]]}},{"type":"Feature","properties":{"fid":668,"DN":2},"geometry":{"type":"Polygon","coordinates":[[[112.961902,-7.8749],[112.961902,-7.875172],[112.962173,-7.875172],[112.962173,-7.8749],[112.961902,-7.8749]]]}},{"type":"Feature","properties":{"fid":669,"DN":2},"geometry":{"type":"Polygon","coordinates":[[[112.966504,-7.8749],[112.966504,-7.875172],[112.966774,-7.875172],[112.966774,-7.8749],[112.966504,-7.8749]]]}},{"type":"Feature","properties":{"fid":670,"DN":3},"geometry":{"type":"Polygon","coordinates":[[[112.98085,-7.8749],[112.98085,-7.875172],[112.98112,-7.875172],[112.98112,-7.8749],[112.98085,-7.8749]]]}},{"type":"Feature","properties":{"fid":671,"DN":2},"geometry":{"type":"Polygon","coordinates":[[[113.027677,-7.874627],[113.027677,-7.8749],[113.027406,-7.8749],[113.027406,-7.875172],[113.027947,-7.875172],[113.027947,-7.8749],[113.028218,-7.8749],[113.028218,-7.875172],[113.028759,-7.875172],[113.028759,-7.8749],[113.028489,-7.8749],[113.028489,-7.874627],[113.027677,-7.874627]]]}},{"type":"Feature","properties":{"fid":672,"DN":3},"geometry":{"type":"Polygon","coordinates":[[[113.027947,-7.8749],[113.027947,-7.875172],[113.028218,-7.875172],[113.028218,-7.8749],[113.027947,-7.8749]]]}},{"type":"Feature","properties":{"fid":673,"DN":2},"geometry":{"type":"Polygon","coordinates":[[[112.954594,-7.874627],[112.954594,-7.875445],[112.955406,-7.875445],[112.955406,-7.8749],[112.954865,-7.8749],[112.954865,-7.874627],[112.954594,-7.874627]]]}},{"type":"Feature","properties":{"fid":674,"DN":2},"geometry":{"type":"Polygon","coordinates":[[[112.967316,-7.874627],[112.967316,-7.875172],[112.967586,-7.875172],[112.967586,-7.875445],[112.967857,-7.875445],[112.967857,-7.8749],[112.967586,-7.8749],[112.967586,-7.874627],[112.967316,-7.874627]]]}},{"type":"Feature","properties":{"fid":675,"DN":3},"geometry":{"type":"Polygon","coordinates":[[[112.928609,-7.8749],[112.928609,-7.875445],[112.929151,-7.875445],[112.929151,-7.8749],[112.928609,-7.8749]]]}},{"type":"Feature","properties":{"fid":676,"DN":3},"geometry":{"type":"Polygon","coordinates":[[[112.963797,-7.8749],[112.963797,-7.875445],[112.964068,-7.875445],[112.964068,-7.8749],[112.963797,-7.8749]]]}},{"type":"Feature","properties":{"fid":677,"DN":3},"geometry":{"type":"Polygon","coordinates":[[[112.926714,-7.875172],[112.926714,-7.875445],[112.926985,-7.875445],[112.926985,-7.875172],[112.926714,-7.875172]]]}},{"type":"Feature","properties":{"fid":678,"DN":2},"geometry":{"type":"Polygon","coordinates":[[[112.952429,-7.875172],[112.952429,-7.875445],[112.952699,-7.875445],[112.952699,-7.875172],[112.952429,-7.875172]]]}},{"type":"Feature","properties":{"fid":679,"DN":3},"geometry":{"type":"Polygon","coordinates":[[[112.987075,-7.875172],[112.987075,-7.875445],[112.987346,-7.875445],[112.987346,-7.875172],[112.987075,-7.875172]]]}},{"type":"Feature","properties":{"fid":680,"DN":3},"geometry":{"type":"Polygon","coordinates":[[[112.939436,-7.874082],[112.939436,-7.874627],[112.939707,-7.874627],[112.939707,-7.875172],[112.939978,-7.875172],[112.939978,-7.875717],[112.940248,-7.875717],[112.940248,-7.8749],[112.939978,-7.8749],[112.939978,-7.874355],[112.939707,-7.874355],[112.939707,-7.874082],[112.939436,-7.874082]]]}},{"type":"Feature","properties":{"fid":681,"DN":2},"geometry":{"type":"Polygon","coordinates":[[[113.054744,-7.8749],[113.054744,-7.875717],[113.055015,-7.875717],[113.055015,-7.8749],[113.054744,-7.8749]]]}},{"type":"Feature","properties":{"fid":682,"DN":2},"geometry":{"type":"Polygon","coordinates":[[[112.958654,-7.875445],[112.958654,-7.875717],[112.959196,-7.875717],[112.959196,-7.875445],[112.958654,-7.875445]]]}},{"type":"Feature","properties":{"fid":683,"DN":3},"geometry":{"type":"Polygon","coordinates":[[[112.964068,-7.875445],[112.964068,-7.875717],[112.964338,-7.875717],[112.964338,-7.875445],[112.964068,-7.875445]]]}},{"type":"Feature","properties":{"fid":684,"DN":2},"geometry":{"type":"Polygon","coordinates":[[[112.966233,-7.875445],[112.966233,-7.875717],[112.966504,-7.875717],[112.966504,-7.875445],[112.966233,-7.875445]]]}},{"type":"Feature","properties":{"fid":685,"DN":2},"geometry":{"type":"Polygon","coordinates":[[[112.976519,-7.875445],[112.976519,-7.875717],[112.976789,-7.875717],[112.976789,-7.875445],[112.976519,-7.875445]]]}},{"type":"Feature","properties":{"fid":686,"DN":2},"geometry":{"type":"Polygon","coordinates":[[[112.96515,-7.8749],[112.96515,-7.875445],[112.965421,-7.875445],[112.965421,-7.87599],[112.965962,-7.87599],[112.965962,-7.8749],[112.96515,-7.8749]]]}},{"type":"Feature","properties":{"fid":687,"DN":2},"geometry":{"type":"Polygon","coordinates":[[[113.027947,-7.875172],[113.027947,-7.875445],[113.027406,-7.875445],[113.027406,-7.87599],[113.028489,-7.87599],[113.028489,-7.875717],[113.028759,-7.875717],[113.028759,-7.875445],[113.028218,-7.875445],[113.028218,-7.875172],[113.027947,-7.875172]]]}},{"type":"Feature","properties":{"fid":688,"DN":3},"geometry":{"type":"Polygon","coordinates":[[[112.927526,-7.875717],[112.927526,-7.87599],[112.927797,-7.87599],[112.927797,-7.875717],[112.927526,-7.875717]]]}},{"type":"Feature","properties":{"fid":689,"DN":3},"geometry":{"type":"Polygon","coordinates":[[[112.937541,-7.875717],[112.937541,-7.87599],[112.937812,-7.87599],[112.937812,-7.875717],[112.937541,-7.875717]]]}},{"type":"Feature","properties":{"fid":690,"DN":3},"geometry":{"type":"Polygon","coordinates":[[[112.971105,-7.875717],[112.971105,-7.87599],[112.971376,-7.87599],[112.971376,-7.875717],[112.971105,-7.875717]]]}},{"type":"Feature","properties":{"fid":691,"DN":2},"geometry":{"type":"Polygon","coordinates":[[[112.976789,-7.875717],[112.976789,-7.87599],[112.97706,-7.87599],[112.97706,-7.875717],[112.976789,-7.875717]]]}},{"type":"Feature","properties":{"fid":692,"DN":3},"geometry":{"type":"Polygon","coordinates":[[[112.982474,-7.875717],[112.982474,-7.87599],[112.983015,-7.87599],[112.983015,-7.875717],[112.982474,-7.875717]]]}},{"type":"Feature","properties":{"fid":693,"DN":3},"geometry":{"type":"Polygon","coordinates":[[[112.983286,-7.875717],[112.983286,-7.87599],[112.983556,-7.87599],[112.983556,-7.875717],[112.983286,-7.875717]]]}},{"type":"Feature","properties":{"fid":694,"DN":2},"geometry":{"type":"Polygon","coordinates":[[[113.020639,-7.875717],[113.020639,-7.87599],[113.02091,-7.87599],[113.02091,-7.875717],[113.020639,-7.875717]]]}},{"type":"Feature","properties":{"fid":695,"DN":2},"geometry":{"type":"Polygon","coordinates":[[[112.950263,-7.872447],[112.950263,-7.872992],[112.950534,-7.872992],[112.950534,-7.873537],[112.950805,-7.873537],[112.950805,-7.874082],[112.951346,-7.874082],[112.951346,-7.874627],[112.951075,-7.874627],[112.951075,-7.8749],[112.951346,-7.8749],[112.951346,-7.875445],[112.951617,-7.875445],[112.951617,-7.875717],[112.952158,-7.875717],[112.952158,-7.876263],[112.952429,-7.876263],[112.952429,-7.875445],[112.951887,-7.875445],[112.951887,-7.8749],[112.952158,-7.8749],[112.952158,-7.874627],[112.951617,-7.874627],[112.951617,-7.873537],[112.951887,-7.873537],[112.951887,-7.872992],[112.951346,-7.872992],[112.951346,-7.872447],[112.950805,-7.872447],[112.950805,-7.87272],[112.950534,-7.87272],[112.950534,-7.872447],[112.950263,-7.872447]]]}},{"type":"Feature","properties":{"fid":696,"DN":3},"geometry":{"type":"Polygon","coordinates":[[[112.986804,-7.875445],[112.986804,-7.876263],[112.987075,-7.876263],[112.987075,-7.875445],[112.986804,-7.875445]]]}},{"type":"Feature","properties":{"fid":697,"DN":3},"geometry":{"type":"Polygon","coordinates":[[[112.985992,-7.875717],[112.985992,-7.876263],[112.986263,-7.876263],[112.986263,-7.875717],[112.985992,-7.875717]]]}},{"type":"Feature","properties":{"fid":698,"DN":3},"geometry":{"type":"Polygon","coordinates":[[[113.046624,-7.8749],[113.046624,-7.875445],[113.046353,-7.875445],[113.046353,-7.875717],[113.046082,-7.875717],[113.046082,-7.87599],[113.046353,-7.87599],[113.046353,-7.876263],[113.046624,-7.876263],[113.046624,-7.875717],[113.047165,-7.875717],[113.047165,-7.87599],[113.047436,-7.87599],[113.047436,-7.8749],[113.046624,-7.8749]]]}},{"type":"Feature","properties":{"fid":699,"DN":3},"geometry":{"type":"Polygon","coordinates":[[[112.931587,-7.87599],[112.931587,-7.876263],[112.931857,-7.876263],[112.931857,-7.87599],[112.931587,-7.87599]]]}},{"type":"Feature","properties":{"fid":700,"DN":3},"geometry":{"type":"Polygon","coordinates":[[[112.932399,-7.87599],[112.932399,-7.876263],[112.93294,-7.876263],[112.93294,-7.87599],[112.932399,-7.87599]]]}},{"type":"Feature","properties":{"fid":701,"DN":2},"geometry":{"type":"Polygon","coordinates":[[[113.050955,-7.87599],[113.050955,-7.876263],[113.051225,-7.876263],[113.051225,-7.87599],[113.050955,-7.87599]]]}},{"type":"Feature","properties":{"fid":702,"DN":2},"geometry":{"type":"Polygon","coordinates":[[[112.953511,-7.875717],[112.953511,-7.876535],[112.954323,-7.876535],[112.954323,-7.876263],[112.954594,-7.876263],[112.954594,-7.875717],[112.953511,-7.875717]]]}},{"type":"Feature","properties":{"fid":703,"DN":2},"geometry":{"type":"Polygon","coordinates":[[[112.96894,-7.875172],[112.96894,-7.875717],[112.968399,-7.875717],[112.968399,-7.87599],[112.968669,-7.87599],[112.968669,-7.876263],[112.96894,-7.876263],[112.96894,-7.876535],[112.969211,-7.876535],[112.969211,-7.876263],[112.969481,-7.876263],[112.969481,-7.87599],[112.969211,-7.87599],[112.969211,-7.875172],[112.96894,-7.875172]]]}},{"type":"Feature","properties":{"fid":704,"DN":3},"geometry":{"type":"Polygon","coordinates":[[[112.960008,-7.87599],[112.960008,-7.876535],[112.960278,-7.876535],[112.960278,-7.87599],[112.960008,-7.87599]]]}},{"type":"Feature","properties":{"fid":705,"DN":2},"geometry":{"type":"Polygon","coordinates":[[[112.960278,-7.87599],[112.960278,-7.876535],[112.960549,-7.876535],[112.960549,-7.87599],[112.960278,-7.87599]]]}},{"type":"Feature","properties":{"fid":706,"DN":2},"geometry":{"type":"Polygon","coordinates":[[[112.951346,-7.876263],[112.951346,-7.876535],[112.951887,-7.876535],[112.951887,-7.876263],[112.951346,-7.876263]]]}},{"type":"Feature","properties":{"fid":707,"DN":2},"geometry":{"type":"Polygon","coordinates":[[[112.972729,-7.876263],[112.972729,-7.876535],[112.973271,-7.876535],[112.973271,-7.876263],[112.972729,-7.876263]]]}},{"type":"Feature","properties":{"fid":708,"DN":3},"geometry":{"type":"Polygon","coordinates":[[[112.986534,-7.876263],[112.986534,-7.876808],[112.986804,-7.876808],[112.986804,-7.876263],[112.986534,-7.876263]]]}},{"type":"Feature","properties":{"fid":709,"DN":2},"geometry":{"type":"Polygon","coordinates":[[[113.027947,-7.876263],[113.027947,-7.876808],[113.028218,-7.876808],[113.028218,-7.876263],[113.027947,-7.876263]]]}},{"type":"Feature","properties":{"fid":710,"DN":3},"geometry":{"type":"Polygon","coordinates":[[[113.043376,-7.875445],[113.043376,-7.87599],[113.043105,-7.87599],[113.043105,-7.876263],[113.042834,-7.876263],[113.042834,-7.876808],[113.043646,-7.876808],[113.043646,-7.876263],[113.043917,-7.876263],[113.043917,-7.875445],[113.043376,-7.875445]]]}},{"type":"Feature","properties":{"fid":711,"DN":3},"geometry":{"type":"Polygon","coordinates":[[[112.959737,-7.876535],[112.959737,-7.876808],[112.960008,-7.876808],[112.960008,-7.876535],[112.959737,-7.876535]]]}},{"type":"Feature","properties":{"fid":712,"DN":2},"geometry":{"type":"Polygon","coordinates":[[[112.960008,-7.876535],[112.960008,-7.876808],[112.960278,-7.876808],[112.960278,-7.876535],[112.960008,-7.876535]]]}},{"type":"Feature","properties":{"fid":713,"DN":2},"geometry":{"type":"Polygon","coordinates":[[[112.952429,-7.876263],[112.952429,-7.876808],[112.952699,-7.876808],[112.952699,-7.87708],[112.95297,-7.87708],[112.95297,-7.876263],[112.952429,-7.876263]]]}},{"type":"Feature","properties":{"fid":714,"DN":3},"geometry":{"type":"Polygon","coordinates":[[[112.982203,-7.87599],[112.982203,-7.876263],[112.981932,-7.876263],[112.981932,-7.87708],[112.982474,-7.87708],[112.982474,-7.87599],[112.982203,-7.87599]]]}},{"type":"Feature","properties":{"fid":715,"DN":3},"geometry":{"type":"Polygon","coordinates":[[[112.927256,-7.876535],[112.927256,-7.87708],[112.927526,-7.87708],[112.927526,-7.876535],[112.927256,-7.876535]]]}},{"type":"Feature","properties":{"fid":716,"DN":2},"geometry":{"type":"Polygon","coordinates":[[[112.969211,-7.876535],[112.969211,-7.87708],[112.969481,-7.87708],[112.969481,-7.876535],[112.969211,-7.876535]]]}},{"type":"Feature","properties":{"fid":717,"DN":3},"geometry":{"type":"Polygon","coordinates":[[[112.960008,-7.876808],[112.960008,-7.87708],[112.960278,-7.87708],[112.960278,-7.876808],[112.960008,-7.876808]]]}},{"type":"Feature","properties":{"fid":718,"DN":2},"geometry":{"type":"Polygon","coordinates":[[[113.031195,-7.8749],[113.031195,-7.875172],[113.030925,-7.875172],[113.030925,-7.875445],[113.030383,-7.875445],[113.030383,-7.875717],[113.030113,-7.875717],[113.030113,-7.876808],[113.029842,-7.876808],[113.029842,-7.87708],[113.030383,-7.87708],[113.030383,-7.876808],[113.030654,-7.876808],[113.030654,-7.87599],[113.030925,-7.87599],[113.030925,-7.875717],[113.031195,-7.875717],[113.031195,-7.875445],[113.031466,-7.875445],[113.031466,-7.8749],[113.031195,-7.8749]]]}},{"type":"Feature","properties":{"fid":719,"DN":3},"geometry":{"type":"Polygon","coordinates":[[[113.043917,-7.876808],[113.043917,-7.87708],[113.044188,-7.87708],[113.044188,-7.876808],[113.043917,-7.876808]]]}},{"type":"Feature","properties":{"fid":720,"DN":2},"geometry":{"type":"Polygon","coordinates":[[[112.963526,-7.874082],[112.963526,-7.874627],[112.962985,-7.874627],[112.962985,-7.874355],[112.962714,-7.874355],[112.962714,-7.8749],[112.962985,-7.8749],[112.962985,-7.876263],[112.962714,-7.876263],[112.962714,-7.87599],[112.962173,-7.87599],[112.962173,-7.87708],[112.962444,-7.87708],[112.962444,-7.877353],[112.962985,-7.877353],[112.962985,-7.87708],[112.963526,-7.87708],[112.963526,-7.87599],[112.963797,-7.87599],[112.963797,-7.876263],[112.964609,-7.876263],[112.964609,-7.875717],[112.96488,-7.875717],[112.96488,-7.875445],[112.964609,-7.875445],[112.964609,-7.875172],[112.964338,-7.875172],[112.964338,-7.8749],[112.964068,-7.8749],[112.964068,-7.874355],[112.964338,-7.874355],[112.964338,-7.874082],[112.963526,-7.874082]],[[112.963797,-7.8749],[112.964068,-7.8749],[112.964068,-7.875445],[112.963797,-7.875445],[112.963797,-7.8749]],[[112.964068,-7.875445],[112.964338,-7.875445],[112.964338,-7.875717],[112.964068,-7.875717],[112.964068,-7.875445]]]}},{"type":"Feature","properties":{"fid":721,"DN":3},"geometry":{"type":"Polygon","coordinates":[[[112.99303,-7.876808],[112.99303,-7.877353],[112.993301,-7.877353],[112.993301,-7.876808],[112.99303,-7.876808]]]}},{"type":"Feature","properties":{"fid":722,"DN":3},"geometry":{"type":"Polygon","coordinates":[[[113.046624,-7.876263],[113.046624,-7.876808],[113.046353,-7.876808],[113.046353,-7.877353],[113.047436,-7.877353],[113.047436,-7.87708],[113.047707,-7.87708],[113.047707,-7.876263],[113.046624,-7.876263]]]}},{"type":"Feature","properties":{"fid":723,"DN":2},"geometry":{"type":"Polygon","coordinates":[[[112.964609,-7.87708],[112.964609,-7.877353],[112.96488,-7.877353],[112.96488,-7.87708],[112.964609,-7.87708]]]}},{"type":"Feature","properties":{"fid":724,"DN":3},"geometry":{"type":"Polygon","coordinates":[[[113.043646,-7.87708],[113.043646,-7.877353],[113.043917,-7.877353],[113.043917,-7.87708],[113.043646,-7.87708]]]}},{"type":"Feature","properties":{"fid":725,"DN":1},"geometry":{"type":"Polygon","coordinates":[[[113.052849,-7.87708],[113.052849,-7.877353],[113.05312,-7.877353],[113.05312,-7.87708],[113.052849,-7.87708]]]}},{"type":"Feature","properties":{"fid":726,"DN":2},"geometry":{"type":"Polygon","coordinates":[[[112.959466,-7.874355],[112.959466,-7.8749],[112.959737,-7.8749],[112.959737,-7.875445],[112.959466,-7.875445],[112.959466,-7.877353],[112.960008,-7.877353],[112.960008,-7.877625],[112.960278,-7.877625],[112.960278,-7.877353],[112.96082,-7.877353],[112.96082,-7.876808],[112.960278,-7.876808],[112.960278,-7.87708],[112.960008,-7.87708],[112.960008,-7.876808],[112.959737,-7.876808],[112.959737,-7.876535],[112.960008,-7.876535],[112.960008,-7.87599],[112.960278,-7.87599],[112.960278,-7.875717],[112.960549,-7.875717],[112.960549,-7.875445],[112.961361,-7.875445],[112.961361,-7.874627],[112.96109,-7.874627],[112.96109,-7.8749],[112.960549,-7.8749],[112.960549,-7.874627],[112.960008,-7.874627],[112.960008,-7.874355],[112.959466,-7.874355]]]}},{"type":"Feature","properties":{"fid":727,"DN":3},"geometry":{"type":"Polygon","coordinates":[[[112.98112,-7.876535],[112.98112,-7.877625],[112.981391,-7.877625],[112.981391,-7.876535],[112.98112,-7.876535]]]}},{"type":"Feature","properties":{"fid":728,"DN":3},"geometry":{"type":"Polygon","coordinates":[[[112.93294,-7.876263],[112.93294,-7.876535],[112.933211,-7.876535],[112.933211,-7.876808],[112.93294,-7.876808],[112.93294,-7.87708],[112.933481,-7.87708],[112.933481,-7.877625],[112.934835,-7.877625],[112.934835,-7.877353],[112.934564,-7.877353],[112.934564,-7.87708],[112.934293,-7.87708],[112.934293,-7.876535],[112.933481,-7.876535],[112.933481,-7.876263],[112.93294,-7.876263]]]}},{"type":"Feature","properties":{"fid":729,"DN":2},"geometry":{"type":"Polygon","coordinates":[[[112.976519,-7.877353],[112.976519,-7.877625],[112.976789,-7.877625],[112.976789,-7.877353],[112.976519,-7.877353]]]}},{"type":"Feature","properties":{"fid":730,"DN":2},"geometry":{"type":"Polygon","coordinates":[[[113.029301,-7.877353],[113.029301,-7.877625],[113.029842,-7.877625],[113.029842,-7.877353],[113.029301,-7.877353]]]}},{"type":"Feature","properties":{"fid":731,"DN":3},"geometry":{"type":"Polygon","coordinates":[[[113.046082,-7.877353],[113.046082,-7.877625],[113.046353,-7.877625],[113.046353,-7.877353],[113.046082,-7.877353]]]}},{"type":"Feature","properties":{"fid":732,"DN":3},"geometry":{"type":"Polygon","coordinates":[[[112.979767,-7.877353],[112.979767,-7.877625],[112.980038,-7.877625],[112.980038,-7.877898],[112.98085,-7.877898],[112.98085,-7.877353],[112.979767,-7.877353]]]}},{"type":"Feature","properties":{"fid":733,"DN":3},"geometry":{"type":"Polygon","coordinates":[[[112.992759,-7.877353],[112.992759,-7.877898],[112.99303,-7.877898],[112.99303,-7.877353],[112.992759,-7.877353]]]}},{"type":"Feature","properties":{"fid":734,"DN":2},"geometry":{"type":"Polygon","coordinates":[[[112.96515,-7.877625],[112.96515,-7.877898],[112.965421,-7.877898],[112.965421,-7.877625],[112.96515,-7.877625]]]}},{"type":"Feature","properties":{"fid":735,"DN":2},"geometry":{"type":"Polygon","coordinates":[[[113.024158,-7.877625],[113.024158,-7.877898],[113.024699,-7.877898],[113.024699,-7.877625],[113.024158,-7.877625]]]}},{"type":"Feature","properties":{"fid":736,"DN":3},"geometry":{"type":"Polygon","coordinates":[[[112.930504,-7.877625],[112.930504,-7.87817],[112.930775,-7.87817],[112.930775,-7.877625],[112.930504,-7.877625]]]}},{"type":"Feature","properties":{"fid":737,"DN":3},"geometry":{"type":"Polygon","coordinates":[[[112.967586,-7.877898],[112.967586,-7.87817],[112.967857,-7.87817],[112.967857,-7.877898],[112.967586,-7.877898]]]}},{"type":"Feature","properties":{"fid":738,"DN":3},"geometry":{"type":"Polygon","coordinates":[[[112.979496,-7.877898],[112.979496,-7.87817],[112.979767,-7.87817],[112.979767,-7.877898],[112.979496,-7.877898]]]}},{"type":"Feature","properties":{"fid":739,"DN":3},"geometry":{"type":"Polygon","coordinates":[[[112.981932,-7.877625],[112.981932,-7.877898],[112.981662,-7.877898],[112.981662,-7.87817],[112.983286,-7.87817],[112.983286,-7.877898],[112.982474,-7.877898],[112.982474,-7.877625],[112.981932,-7.877625]]]}},{"type":"Feature","properties":{"fid":740,"DN":2},"geometry":{"type":"Polygon","coordinates":[[[112.985451,-7.877898],[112.985451,-7.87817],[112.985722,-7.87817],[112.985722,-7.877898],[112.985451,-7.877898]]]}},{"type":"Feature","properties":{"fid":741,"DN":3},"geometry":{"type":"Polygon","coordinates":[[[112.988429,-7.877898],[112.988429,-7.87817],[112.988699,-7.87817],[112.988699,-7.877898],[112.988429,-7.877898]]]}},{"type":"Feature","properties":{"fid":742,"DN":2},"geometry":{"type":"Polygon","coordinates":[[[113.023887,-7.877898],[113.023887,-7.87817],[113.024158,-7.87817],[113.024158,-7.877898],[113.023887,-7.877898]]]}},{"type":"Feature","properties":{"fid":743,"DN":3},"geometry":{"type":"Polygon","coordinates":[[[113.043105,-7.877353],[113.043105,-7.877898],[113.042834,-7.877898],[113.042834,-7.87817],[113.043376,-7.87817],[113.043376,-7.877898],[113.043646,-7.877898],[113.043646,-7.877353],[113.043105,-7.877353]]]}},{"type":"Feature","properties":{"fid":744,"DN":3},"geometry":{"type":"Polygon","coordinates":[[[112.93294,-7.874627],[112.93294,-7.8749],[112.932128,-7.8749],[112.932128,-7.875445],[112.933211,-7.875445],[112.933211,-7.87599],[112.934293,-7.87599],[112.934293,-7.876263],[112.934564,-7.876263],[112.934564,-7.876535],[112.935105,-7.876535],[112.935105,-7.87708],[112.935376,-7.87708],[112.935376,-7.877353],[112.935105,-7.877353],[112.935105,-7.877625],[112.934835,-7.877625],[112.934835,-7.87817],[112.935105,-7.87817],[112.935105,-7.878443],[112.935376,-7.878443],[112.935376,-7.87817],[112.935917,-7.87817],[112.935917,-7.877625],[112.936729,-7.877625],[112.936729,-7.877353],[112.937541,-7.877353],[112.937541,-7.876808],[112.938083,-7.876808],[112.938083,-7.876535],[112.938895,-7.876535],[112.938895,-7.876263],[112.937541,-7.876263],[112.937541,-7.87599],[112.936459,-7.87599],[112.936459,-7.875172],[112.935105,-7.875172],[112.935105,-7.875717],[112.934835,-7.875717],[112.934835,-7.875172],[112.934293,-7.875172],[112.934293,-7.875445],[112.934023,-7.875445],[112.934023,-7.8749],[112.933211,-7.8749],[112.933211,-7.874627],[112.93294,-7.874627]]]}},{"type":"Feature","properties":{"fid":745,"DN":3},"geometry":{"type":"Polygon","coordinates":[[[112.936729,-7.877898],[112.936729,-7.878443],[112.937,-7.878443],[112.937,-7.877898],[112.936729,-7.877898]]]}},{"type":"Feature","properties":{"fid":746,"DN":3},"geometry":{"type":"Polygon","coordinates":[[[112.937812,-7.877898],[112.937812,-7.878443],[112.938083,-7.878443],[112.938083,-7.877898],[112.937812,-7.877898]]]}},{"type":"Feature","properties":{"fid":747,"DN":2},"geometry":{"type":"Polygon","coordinates":[[[112.954594,-7.87817],[112.954594,-7.878443],[112.954865,-7.878443],[112.954865,-7.87817],[112.954594,-7.87817]]]}},{"type":"Feature","properties":{"fid":748,"DN":2},"geometry":{"type":"Polygon","coordinates":[[[112.96488,-7.87817],[112.96488,-7.878443],[112.965692,-7.878443],[112.965692,-7.87817],[112.96488,-7.87817]]]}},{"type":"Feature","properties":{"fid":749,"DN":3},"geometry":{"type":"Polygon","coordinates":[[[112.967857,-7.87817],[112.967857,-7.878443],[112.968399,-7.878443],[112.968399,-7.87817],[112.967857,-7.87817]]]}},{"type":"Feature","properties":{"fid":750,"DN":2},"geometry":{"type":"Polygon","coordinates":[[[112.978143,-7.87817],[112.978143,-7.878443],[112.978414,-7.878443],[112.978414,-7.87817],[112.978143,-7.87817]]]}},{"type":"Feature","properties":{"fid":751,"DN":3},"geometry":{"type":"Polygon","coordinates":[[[113.042293,-7.877898],[113.042293,-7.87817],[113.041752,-7.87817],[113.041752,-7.878443],[113.042834,-7.878443],[113.042834,-7.87817],[113.042564,-7.87817],[113.042564,-7.877898],[113.042293,-7.877898]]]}},{"type":"Feature","properties":{"fid":752,"DN":3},"geometry":{"type":"Polygon","coordinates":[[[113.047707,-7.87817],[113.047707,-7.878443],[113.047977,-7.878443],[113.047977,-7.87817],[113.047707,-7.87817]]]}},{"type":"Feature","properties":{"fid":753,"DN":2},"geometry":{"type":"Polygon","coordinates":[[[112.976789,-7.877625],[112.976789,-7.878443],[112.977331,-7.878443],[112.977331,-7.878715],[112.977601,-7.878715],[112.977601,-7.87817],[112.977331,-7.87817],[112.977331,-7.877625],[112.976789,-7.877625]]]}},{"type":"Feature","properties":{"fid":754,"DN":3},"geometry":{"type":"Polygon","coordinates":[[[112.945391,-7.87817],[112.945391,-7.878715],[112.945662,-7.878715],[112.945662,-7.87817],[112.945391,-7.87817]]]}},{"type":"Feature","properties":{"fid":755,"DN":2},"geometry":{"type":"Polygon","coordinates":[[[112.963526,-7.877353],[112.963526,-7.877625],[112.963256,-7.877625],[112.963256,-7.87817],[112.963526,-7.87817],[112.963526,-7.877898],[112.964068,-7.877898],[112.964068,-7.87817],[112.963797,-7.87817],[112.963797,-7.878715],[112.964068,-7.878715],[112.964068,-7.878443],[112.964338,-7.878443],[112.964338,-7.877898],[112.964609,-7.877898],[112.964609,-7.877625],[112.964338,-7.877625],[112.964338,-7.877353],[112.963526,-7.877353]]]}},{"type":"Feature","properties":{"fid":756,"DN":3},"geometry":{"type":"Polygon","coordinates":[[[112.932669,-7.878443],[112.932669,-7.878715],[112.93294,-7.878715],[112.93294,-7.878443],[112.932669,-7.878443]]]}},{"type":"Feature","properties":{"fid":757,"DN":3},"geometry":{"type":"Polygon","coordinates":[[[112.968399,-7.878443],[112.968399,-7.878715],[112.968669,-7.878715],[112.968669,-7.878443],[112.968399,-7.878443]]]}},{"type":"Feature","properties":{"fid":758,"DN":3},"geometry":{"type":"Polygon","coordinates":[[[113.041481,-7.878443],[113.041481,-7.878715],[113.041752,-7.878715],[113.041752,-7.878443],[113.041481,-7.878443]]]}},{"type":"Feature","properties":{"fid":759,"DN":3},"geometry":{"type":"Polygon","coordinates":[[[112.98491,-7.875717],[112.98491,-7.876535],[112.984098,-7.876535],[112.984098,-7.876808],[112.983827,-7.876808],[112.983827,-7.87708],[112.983556,-7.87708],[112.983556,-7.87817],[112.983286,-7.87817],[112.983286,-7.878715],[112.983556,-7.878715],[112.983556,-7.878443],[112.983827,-7.878443],[112.983827,-7.878715],[112.984368,-7.878715],[112.984368,-7.878988],[112.98491,-7.878988],[112.98491,-7.878443],[112.985992,-7.878443],[112.985992,-7.87817],[112.986263,-7.87817],[112.986263,-7.877898],[112.985722,-7.877898],[112.985722,-7.87708],[112.985451,-7.87708],[112.985451,-7.876808],[112.985722,-7.876808],[112.985722,-7.875717],[112.98491,-7.875717]],[[112.985451,-7.877898],[112.985722,-7.877898],[112.985722,-7.87817],[112.985451,-7.87817],[112.985451,-7.877898]]]}},{"type":"Feature","properties":{"fid":760,"DN":3},"geometry":{"type":"Polygon","coordinates":[[[113.04527,-7.876808],[113.04527,-7.87708],[113.045,-7.87708],[113.045,-7.877353],[113.044729,-7.877353],[113.044729,-7.877625],[113.044188,-7.877625],[113.044188,-7.877898],[113.043917,-7.877898],[113.043917,-7.878443],[113.043646,-7.878443],[113.043646,-7.878988],[113.044729,-7.878988],[113.044729,-7.878715],[113.04527,-7.878715],[113.04527,-7.878443],[113.045541,-7.878443],[113.045541,-7.877625],[113.045812,-7.877625],[113.045812,-7.876808],[113.04527,-7.876808]]]}},{"type":"Feature","properties":{"fid":761,"DN":3},"geometry":{"type":"Polygon","coordinates":[[[112.980038,-7.878715],[112.980038,-7.878988],[112.980579,-7.878988],[112.980579,-7.878715],[112.980038,-7.878715]]]}},{"type":"Feature","properties":{"fid":762,"DN":3},"geometry":{"type":"Polygon","coordinates":[[[113.04094,-7.878715],[113.04094,-7.878988],[113.041481,-7.878988],[113.041481,-7.878715],[113.04094,-7.878715]]]}},{"type":"Feature","properties":{"fid":763,"DN":2},"geometry":{"type":"Polygon","coordinates":[[[112.955406,-7.875445],[112.955406,-7.87708],[112.955947,-7.87708],[112.955947,-7.877353],[112.956218,-7.877353],[112.956218,-7.877898],[112.955947,-7.877898],[112.955947,-7.87817],[112.956218,-7.87817],[112.956218,-7.87926],[112.956489,-7.87926],[112.956489,-7.878715],[112.95703,-7.878715],[112.95703,-7.87817],[112.956759,-7.87817],[112.956759,-7.87708],[112.956489,-7.87708],[112.956489,-7.87599],[112.956218,-7.87599],[112.956218,-7.875717],[112.955677,-7.875717],[112.955677,-7.875445],[112.955406,-7.875445]]]}},{"type":"Feature","properties":{"fid":764,"DN":3},"geometry":{"type":"Polygon","coordinates":[[[113.040398,-7.878988],[113.040398,-7.87926],[113.040669,-7.87926],[113.040669,-7.878988],[113.040398,-7.878988]]]}},{"type":"Feature","properties":{"fid":765,"DN":2},"geometry":{"type":"Polygon","coordinates":[[[113.05312,-7.878988],[113.05312,-7.87926],[113.053391,-7.87926],[113.053391,-7.878988],[113.05312,-7.878988]]]}},{"type":"Feature","properties":{"fid":766,"DN":2},"geometry":{"type":"Polygon","coordinates":[[[112.964609,-7.878715],[112.964609,-7.879533],[112.96488,-7.879533],[112.96488,-7.878715],[112.964609,-7.878715]]]}},{"type":"Feature","properties":{"fid":767,"DN":3},"geometry":{"type":"Polygon","coordinates":[[[112.984098,-7.878988],[112.984098,-7.879533],[112.984368,-7.879533],[112.984368,-7.878988],[112.984098,-7.878988]]]}},{"type":"Feature","properties":{"fid":768,"DN":2},"geometry":{"type":"Polygon","coordinates":[[[113.023887,-7.87926],[113.023887,-7.879533],[113.024158,-7.879533],[113.024158,-7.87926],[113.023887,-7.87926]]]}},{"type":"Feature","properties":{"fid":769,"DN":2},"geometry":{"type":"Polygon","coordinates":[[[113.039045,-7.87926],[113.039045,-7.879533],[113.039316,-7.879533],[113.039316,-7.87926],[113.039045,-7.87926]]]}},{"type":"Feature","properties":{"fid":770,"DN":3},"geometry":{"type":"Polygon","coordinates":[[[113.039316,-7.87926],[113.039316,-7.879533],[113.039857,-7.879533],[113.039857,-7.87926],[113.039316,-7.87926]]]}},{"type":"Feature","properties":{"fid":771,"DN":2},"geometry":{"type":"Polygon","coordinates":[[[112.955947,-7.879533],[112.955947,-7.879805],[112.956218,-7.879805],[112.956218,-7.879533],[112.955947,-7.879533]]]}},{"type":"Feature","properties":{"fid":772,"DN":2},"geometry":{"type":"Polygon","coordinates":[[[112.970835,-7.871357],[112.970835,-7.87163],[112.970293,-7.87163],[112.970293,-7.871902],[112.970023,-7.871902],[112.970023,-7.873265],[112.970293,-7.873265],[112.970293,-7.873537],[112.970835,-7.873537],[112.970835,-7.87381],[112.971105,-7.87381],[112.971105,-7.874355],[112.970293,-7.874355],[112.970293,-7.874627],[112.970023,-7.874627],[112.970023,-7.875445],[112.969752,-7.875445],[112.969752,-7.87708],[112.970023,-7.87708],[112.970023,-7.877625],[112.969752,-7.877625],[112.969752,-7.877898],[112.96894,-7.877898],[112.96894,-7.87817],[112.968669,-7.87817],[112.968669,-7.877898],[112.968399,-7.877898],[112.968399,-7.877625],[112.968669,-7.877625],[112.968669,-7.877353],[112.96894,-7.877353],[112.96894,-7.876535],[112.968669,-7.876535],[112.968669,-7.87708],[112.967857,-7.87708],[112.967857,-7.877625],[112.967316,-7.877625],[112.967316,-7.877353],[112.967045,-7.877353],[112.967045,-7.876808],[112.967586,-7.876808],[112.967586,-7.875717],[112.967045,-7.875717],[112.967045,-7.87599],[112.966774,-7.87599],[112.966774,-7.876263],[112.966233,-7.876263],[112.966233,-7.876808],[112.966504,-7.876808],[112.966504,-7.87708],[112.966233,-7.87708],[112.966233,-7.877353],[112.965962,-7.877353],[112.965962,-7.878715],[112.966233,-7.878715],[112.966233,-7.879533],[112.966504,-7.879533],[112.966504,-7.878443],[112.966774,-7.878443],[112.966774,-7.87817],[112.966504,-7.87817],[112.966504,-7.877898],[112.967316,-7.877898],[112.967316,-7.878443],[112.967045,-7.878443],[112.967045,-7.878715],[112.967316,-7.878715],[112.967316,-7.878988],[112.967586,-7.878988],[112.967586,-7.879533],[112.967316,-7.879533],[112.967316,-7.879805],[112.968128,-7.879805],[112.968128,-7.878988],[112.969211,-7.878988],[112.969211,-7.878715],[112.969481,-7.878715],[112.969481,-7.878443],[112.969752,-7.878443],[112.969752,-7.87817],[112.970835,-7.87817],[112.970835,-7.877898],[112.971105,-7.877898],[112.971105,-7.877353],[112.971917,-7.877353],[112.971917,-7.876263],[112.972729,-7.876263],[112.972729,-7.87599],[112.972459,-7.87599],[112.972459,-7.875717],[112.971647,-7.875717],[112.971647,-7.875445],[112.971376,-7.875445],[112.971376,-7.875172],[112.971647,-7.875172],[112.971647,-7.87381],[112.971376,-7.87381],[112.971376,-7.873537],[112.971105,-7.873537],[112.971105,-7.873265],[112.970835,-7.873265],[112.970835,-7.872992],[112.971105,-7.872992],[112.971105,-7.871357],[112.970835,-7.871357]],[[112.971105,-7.875717],[112.971376,-7.875717],[112.971376,-7.87599],[112.971105,-7.87599],[112.971105,-7.875717]],[[112.967586,-7.877898],[112.967857,-7.877898],[112.967857,-7.87817],[112.967586,-7.87817],[112.967586,-7.877898]],[[112.967857,-7.87817],[112.968399,-7.87817],[112.968399,-7.878443],[112.967857,-7.878443],[112.967857,-7.87817]],[[112.968399,-7.878443],[112.968669,-7.878443],[112.968669,-7.878715],[112.968399,-7.878715],[112.968399,-7.878443]]]}},{"type":"Feature","properties":{"fid":773,"DN":3},"geometry":{"type":"Polygon","coordinates":[[[112.984368,-7.879533],[112.984368,-7.879805],[112.98491,-7.879805],[112.98491,-7.879533],[112.984368,-7.879533]]]}},{"type":"Feature","properties":{"fid":774,"DN":3},"geometry":{"type":"Polygon","coordinates":[[[113.04527,-7.879533],[113.04527,-7.879805],[113.045541,-7.879805],[113.045541,-7.879533],[113.04527,-7.879533]]]}},{"type":"Feature","properties":{"fid":775,"DN":2},"geometry":{"type":"Polygon","coordinates":[[[112.963526,-7.879805],[112.963526,-7.880078],[112.963797,-7.880078],[112.963797,-7.879805],[112.963526,-7.879805]]]}},{"type":"Feature","properties":{"fid":776,"DN":2},"geometry":{"type":"Polygon","coordinates":[[[112.96515,-7.879805],[112.96515,-7.880078],[112.966233,-7.880078],[112.966233,-7.879805],[112.96515,-7.879805]]]}},{"type":"Feature","properties":{"fid":777,"DN":2},"geometry":{"type":"Polygon","coordinates":[[[112.967045,-7.879805],[112.967045,-7.880078],[112.967316,-7.880078],[112.967316,-7.879805],[112.967045,-7.879805]]]}},{"type":"Feature","properties":{"fid":778,"DN":3},"geometry":{"type":"Polygon","coordinates":[[[113.041481,-7.879533],[113.041481,-7.879805],[113.04121,-7.879805],[113.04121,-7.880078],[113.041752,-7.880078],[113.041752,-7.879805],[113.042293,-7.879805],[113.042293,-7.879533],[113.041481,-7.879533]]]}},{"type":"Feature","properties":{"fid":779,"DN":3},"geometry":{"type":"Polygon","coordinates":[[[113.045,-7.879805],[113.045,-7.880078],[113.04527,-7.880078],[113.04527,-7.879805],[113.045,-7.879805]]]}},{"type":"Feature","properties":{"fid":780,"DN":3},"geometry":{"type":"Polygon","coordinates":[[[113.047436,-7.879805],[113.047436,-7.880078],[113.047707,-7.880078],[113.047707,-7.879805],[113.047436,-7.879805]]]}},{"type":"Feature","properties":{"fid":781,"DN":2},"geometry":{"type":"Polygon","coordinates":[[[112.979767,-7.879533],[112.979767,-7.88035],[112.980038,-7.88035],[112.980038,-7.879533],[112.979767,-7.879533]]]}},{"type":"Feature","properties":{"fid":782,"DN":3},"geometry":{"type":"Polygon","coordinates":[[[112.937271,-7.879805],[112.937271,-7.880078],[112.937541,-7.880078],[112.937541,-7.88035],[112.937812,-7.88035],[112.937812,-7.879805],[112.937271,-7.879805]]]}},{"type":"Feature","properties":{"fid":783,"DN":1},"geometry":{"type":"Polygon","coordinates":[[[113.049601,-7.879805],[113.049601,-7.88035],[113.049872,-7.88035],[113.049872,-7.879805],[113.049601,-7.879805]]]}},{"type":"Feature","properties":{"fid":784,"DN":3},"geometry":{"type":"Polygon","coordinates":[[[112.943767,-7.880078],[112.943767,-7.88035],[112.944038,-7.88035],[112.944038,-7.880078],[112.943767,-7.880078]]]}},{"type":"Feature","properties":{"fid":785,"DN":2},"geometry":{"type":"Polygon","coordinates":[[[112.966504,-7.880078],[112.966504,-7.88035],[112.966774,-7.88035],[112.966774,-7.880078],[112.966504,-7.880078]]]}},{"type":"Feature","properties":{"fid":786,"DN":2},"geometry":{"type":"Polygon","coordinates":[[[112.968128,-7.880078],[112.968128,-7.88035],[112.968399,-7.88035],[112.968399,-7.880078],[112.968128,-7.880078]]]}},{"type":"Feature","properties":{"fid":787,"DN":2},"geometry":{"type":"Polygon","coordinates":[[[113.022804,-7.87817],[113.022804,-7.878443],[113.022534,-7.878443],[113.022534,-7.87926],[113.022263,-7.87926],[113.022263,-7.879805],[113.021722,-7.879805],[113.021722,-7.880078],[113.021451,-7.880078],[113.021451,-7.88035],[113.022534,-7.88035],[113.022534,-7.880078],[113.022804,-7.880078],[113.022804,-7.879533],[113.023075,-7.879533],[113.023075,-7.878443],[113.023616,-7.878443],[113.023616,-7.87817],[113.022804,-7.87817]]]}},{"type":"Feature","properties":{"fid":788,"DN":2},"geometry":{"type":"Polygon","coordinates":[[[112.957301,-7.875172],[112.957301,-7.87817],[112.957842,-7.87817],[112.957842,-7.879533],[112.958384,-7.879533],[112.958384,-7.880623],[112.958654,-7.880623],[112.958654,-7.87926],[112.958384,-7.87926],[112.958384,-7.877353],[112.957842,-7.877353],[112.957842,-7.877625],[112.957571,-7.877625],[112.957571,-7.87708],[112.958384,-7.87708],[112.958384,-7.876535],[112.958113,-7.876535],[112.958113,-7.875172],[112.957301,-7.875172]]]}},{"type":"Feature","properties":{"fid":789,"DN":2},"geometry":{"type":"Polygon","coordinates":[[[112.975707,-7.878443],[112.975707,-7.880623],[112.975977,-7.880623],[112.975977,-7.880078],[112.976248,-7.880078],[112.976248,-7.879805],[112.976519,-7.879805],[112.976519,-7.879533],[112.976789,-7.879533],[112.976789,-7.88035],[112.97706,-7.88035],[112.97706,-7.87926],[112.976789,-7.87926],[112.976789,-7.878988],[112.975977,-7.878988],[112.975977,-7.878443],[112.975707,-7.878443]]]}},{"type":"Feature","properties":{"fid":790,"DN":2},"geometry":{"type":"Polygon","coordinates":[[[112.959466,-7.879805],[112.959466,-7.880623],[112.959737,-7.880623],[112.959737,-7.879805],[112.959466,-7.879805]]]}},{"type":"Feature","properties":{"fid":791,"DN":2},"geometry":{"type":"Polygon","coordinates":[[[112.965692,-7.88035],[112.965692,-7.880623],[112.965962,-7.880623],[112.965962,-7.88035],[112.965692,-7.88035]]]}},{"type":"Feature","properties":{"fid":792,"DN":2},"geometry":{"type":"Polygon","coordinates":[[[112.967045,-7.88035],[112.967045,-7.880623],[112.967316,-7.880623],[112.967316,-7.88035],[112.967045,-7.88035]]]}},{"type":"Feature","properties":{"fid":793,"DN":2},"geometry":{"type":"Polygon","coordinates":[[[112.967586,-7.88035],[112.967586,-7.880623],[112.968128,-7.880623],[112.968128,-7.88035],[112.967586,-7.88035]]]}},{"type":"Feature","properties":{"fid":794,"DN":2},"geometry":{"type":"Polygon","coordinates":[[[112.983015,-7.88035],[112.983015,-7.880623],[112.983286,-7.880623],[112.983286,-7.88035],[112.983015,-7.88035]]]}},{"type":"Feature","properties":{"fid":795,"DN":3},"geometry":{"type":"Polygon","coordinates":[[[113.040398,-7.880078],[113.040398,-7.880895],[113.040669,-7.880895],[113.040669,-7.880623],[113.04121,-7.880623],[113.04121,-7.880078],[113.040398,-7.880078]]]}},{"type":"Feature","properties":{"fid":796,"DN":3},"geometry":{"type":"Polygon","coordinates":[[[112.956759,-7.880623],[112.956759,-7.880895],[112.95703,-7.880895],[112.95703,-7.880623],[112.956759,-7.880623]]]}},{"type":"Feature","properties":{"fid":797,"DN":2},"geometry":{"type":"Polygon","coordinates":[[[112.981391,-7.880623],[112.981391,-7.880895],[112.981662,-7.880895],[112.981662,-7.880623],[112.981391,-7.880623]]]}},{"type":"Feature","properties":{"fid":798,"DN":2},"geometry":{"type":"Polygon","coordinates":[[[112.982203,-7.880623],[112.982203,-7.880895],[112.982474,-7.880895],[112.982474,-7.880623],[112.982203,-7.880623]]]}},{"type":"Feature","properties":{"fid":799,"DN":2},"geometry":{"type":"Polygon","coordinates":[[[112.967316,-7.880895],[112.967316,-7.881168],[112.967586,-7.881168],[112.967586,-7.880895],[112.967316,-7.880895]]]}},{"type":"Feature","properties":{"fid":800,"DN":2},"geometry":{"type":"Polygon","coordinates":[[[112.989511,-7.880895],[112.989511,-7.881168],[112.989782,-7.881168],[112.989782,-7.880895],[112.989511,-7.880895]]]}},{"type":"Feature","properties":{"fid":801,"DN":3},"geometry":{"type":"Polygon","coordinates":[[[113.040128,-7.880895],[113.040128,-7.881168],[113.040398,-7.881168],[113.040398,-7.880895],[113.040128,-7.880895]]]}},{"type":"Feature","properties":{"fid":802,"DN":2},"geometry":{"type":"Polygon","coordinates":[[[113.022263,-7.881168],[113.022263,-7.88144],[113.022534,-7.88144],[113.022534,-7.881168],[113.022263,-7.881168]]]}},{"type":"Feature","properties":{"fid":803,"DN":2},"geometry":{"type":"Polygon","coordinates":[[[113.019015,-7.881168],[113.019015,-7.881713],[113.019286,-7.881713],[113.019286,-7.881168],[113.019015,-7.881168]]]}},{"type":"Feature","properties":{"fid":804,"DN":2},"geometry":{"type":"Polygon","coordinates":[[[112.989511,-7.88144],[112.989511,-7.881713],[112.989782,-7.881713],[112.989782,-7.88144],[112.989511,-7.88144]]]}},{"type":"Feature","properties":{"fid":805,"DN":3},"geometry":{"type":"Polygon","coordinates":[[[113.043646,-7.88144],[113.043646,-7.881713],[113.043917,-7.881713],[113.043917,-7.88144],[113.043646,-7.88144]]]}},{"type":"Feature","properties":{"fid":806,"DN":2},"geometry":{"type":"Polygon","coordinates":[[[112.977601,-7.87926],[112.977601,-7.879533],[112.977331,-7.879533],[112.977331,-7.880895],[112.97706,-7.880895],[112.97706,-7.881168],[112.976248,-7.881168],[112.976248,-7.880895],[112.975977,-7.880895],[112.975977,-7.88144],[112.976519,-7.88144],[112.976519,-7.881713],[112.976789,-7.881713],[112.976789,-7.881985],[112.977331,-7.881985],[112.977331,-7.881713],[112.977872,-7.881713],[112.977872,-7.88144],[112.978143,-7.88144],[112.978143,-7.881168],[112.978414,-7.881168],[112.978414,-7.880895],[112.978955,-7.880895],[112.978955,-7.880623],[112.977601,-7.880623],[112.977601,-7.880078],[112.978143,-7.880078],[112.978143,-7.87926],[112.977601,-7.87926]]]}},{"type":"Feature","properties":{"fid":807,"DN":2},"geometry":{"type":"Polygon","coordinates":[[[112.964609,-7.88144],[112.964609,-7.881985],[112.96488,-7.881985],[112.96488,-7.88144],[112.964609,-7.88144]]]}},{"type":"Feature","properties":{"fid":808,"DN":2},"geometry":{"type":"Polygon","coordinates":[[[112.989241,-7.881713],[112.989241,-7.881985],[112.989511,-7.881985],[112.989511,-7.881713],[112.989241,-7.881713]]]}},{"type":"Feature","properties":{"fid":809,"DN":3},"geometry":{"type":"Polygon","coordinates":[[[112.939436,-7.881713],[112.939436,-7.882258],[112.939707,-7.882258],[112.939707,-7.881713],[112.939436,-7.881713]]]}},{"type":"Feature","properties":{"fid":810,"DN":2},"geometry":{"type":"Polygon","coordinates":[[[113.042293,-7.879533],[113.042293,-7.879805],[113.041752,-7.879805],[113.041752,-7.880078],[113.04121,-7.880078],[113.04121,-7.880623],[113.040669,-7.880623],[113.040669,-7.880895],[113.040398,-7.880895],[113.040398,-7.881168],[113.040128,-7.881168],[113.040128,-7.88144],[113.039857,-7.88144],[113.039857,-7.881713],[113.039045,-7.881713],[113.039045,-7.882258],[113.039857,-7.882258],[113.039857,-7.881985],[113.040128,-7.881985],[113.040128,-7.881713],[113.040669,-7.881713],[113.040669,-7.88144],[113.04121,-7.88144],[113.04121,-7.881168],[113.041481,-7.881168],[113.041481,-7.880623],[113.041752,-7.880623],[113.041752,-7.880895],[113.042293,-7.880895],[113.042293,-7.880623],[113.042564,-7.880623],[113.042564,-7.880078],[113.042834,-7.880078],[113.042834,-7.879533],[113.042293,-7.879533]]]}},{"type":"Feature","properties":{"fid":811,"DN":3},"geometry":{"type":"Polygon","coordinates":[[[112.937541,-7.881985],[112.937541,-7.882258],[112.937812,-7.882258],[112.937812,-7.881985],[112.937541,-7.881985]]]}},{"type":"Feature","properties":{"fid":812,"DN":2},"geometry":{"type":"Polygon","coordinates":[[[113.040398,-7.881985],[113.040398,-7.882258],[113.040669,-7.882258],[113.040669,-7.881985],[113.040398,-7.881985]]]}},{"type":"Feature","properties":{"fid":813,"DN":2},"geometry":{"type":"Polygon","coordinates":[[[113.053391,-7.881985],[113.053391,-7.882258],[113.053661,-7.882258],[113.053661,-7.881985],[113.053391,-7.881985]]]}},{"type":"Feature","properties":{"fid":814,"DN":2},"geometry":{"type":"Polygon","coordinates":[[[113.054473,-7.881985],[113.054473,-7.882258],[113.054744,-7.882258],[113.054744,-7.881985],[113.054473,-7.881985]]]}},{"type":"Feature","properties":{"fid":815,"DN":2},"geometry":{"type":"Polygon","coordinates":[[[112.991677,-7.881168],[112.991677,-7.88144],[112.991406,-7.88144],[112.991406,-7.881713],[112.991135,-7.881713],[112.991135,-7.881985],[112.990865,-7.881985],[112.990865,-7.88253],[112.991406,-7.88253],[112.991406,-7.881985],[112.992218,-7.881985],[112.992218,-7.881713],[112.992759,-7.881713],[112.992759,-7.88144],[112.991947,-7.88144],[112.991947,-7.881168],[112.991677,-7.881168]]]}},{"type":"Feature","properties":{"fid":816,"DN":3},"geometry":{"type":"Polygon","coordinates":[[[112.937812,-7.882258],[112.937812,-7.88253],[112.938083,-7.88253],[112.938083,-7.882258],[112.937812,-7.882258]]]}},{"type":"Feature","properties":{"fid":817,"DN":3},"geometry":{"type":"Polygon","coordinates":[[[112.942955,-7.882258],[112.942955,-7.88253],[112.943496,-7.88253],[112.943496,-7.882258],[112.942955,-7.882258]]]}},{"type":"Feature","properties":{"fid":818,"DN":3},"geometry":{"type":"Polygon","coordinates":[[[112.96109,-7.882258],[112.96109,-7.88253],[112.961361,-7.88253],[112.961361,-7.882258],[112.96109,-7.882258]]]}},{"type":"Feature","properties":{"fid":819,"DN":3},"geometry":{"type":"Polygon","coordinates":[[[112.961632,-7.882258],[112.961632,-7.88253],[112.961902,-7.88253],[112.961902,-7.882258],[112.961632,-7.882258]]]}},{"type":"Feature","properties":{"fid":820,"DN":2},"geometry":{"type":"Polygon","coordinates":[[[113.02118,-7.881713],[113.02118,-7.881985],[113.020639,-7.881985],[113.020639,-7.882258],[113.019827,-7.882258],[113.019827,-7.88253],[113.02091,-7.88253],[113.02091,-7.882258],[113.021451,-7.882258],[113.021451,-7.881985],[113.022263,-7.881985],[113.022263,-7.881713],[113.02118,-7.881713]]]}},{"type":"Feature","properties":{"fid":821,"DN":3},"geometry":{"type":"Polygon","coordinates":[[[113.043646,-7.882258],[113.043646,-7.88253],[113.043917,-7.88253],[113.043917,-7.882258],[113.043646,-7.882258]]]}},{"type":"Feature","properties":{"fid":822,"DN":3},"geometry":{"type":"Polygon","coordinates":[[[113.045812,-7.882258],[113.045812,-7.88253],[113.046082,-7.88253],[113.046082,-7.882258],[113.045812,-7.882258]]]}},{"type":"Feature","properties":{"fid":823,"DN":2},"geometry":{"type":"Polygon","coordinates":[[[112.979767,-7.880895],[112.979767,-7.881168],[112.979496,-7.881168],[112.979496,-7.881713],[112.978955,-7.881713],[112.978955,-7.881985],[112.978684,-7.881985],[112.978684,-7.882258],[112.979226,-7.882258],[112.979226,-7.882803],[112.979767,-7.882803],[112.979767,-7.882258],[112.980308,-7.882258],[112.980308,-7.882803],[112.980579,-7.882803],[112.980579,-7.882258],[112.98085,-7.882258],[112.98085,-7.881985],[112.98112,-7.881985],[112.98112,-7.881168],[112.98085,-7.881168],[112.98085,-7.880895],[112.979767,-7.880895]]]}},{"type":"Feature","properties":{"fid":824,"DN":2},"geometry":{"type":"Polygon","coordinates":[[[113.019286,-7.88253],[113.019286,-7.882803],[113.019827,-7.882803],[113.019827,-7.88253],[113.019286,-7.88253]]]}},{"type":"Feature","properties":{"fid":825,"DN":2},"geometry":{"type":"Polygon","coordinates":[[[112.98897,-7.881985],[112.98897,-7.882258],[112.988699,-7.882258],[112.988699,-7.883075],[112.98897,-7.883075],[112.98897,-7.88253],[112.989241,-7.88253],[112.989241,-7.881985],[112.98897,-7.881985]]]}},{"type":"Feature","properties":{"fid":826,"DN":2},"geometry":{"type":"Polygon","coordinates":[[[112.990594,-7.88253],[112.990594,-7.883075],[112.990865,-7.883075],[112.990865,-7.88253],[112.990594,-7.88253]]]}},{"type":"Feature","properties":{"fid":827,"DN":3},"geometry":{"type":"Polygon","coordinates":[[[112.965962,-7.882803],[112.965962,-7.883075],[112.966233,-7.883075],[112.966233,-7.882803],[112.965962,-7.882803]]]}},{"type":"Feature","properties":{"fid":828,"DN":2},"geometry":{"type":"Polygon","coordinates":[[[112.976789,-7.88253],[112.976789,-7.882803],[112.976248,-7.882803],[112.976248,-7.883075],[112.977331,-7.883075],[112.977331,-7.882803],[112.977872,-7.882803],[112.977872,-7.88253],[112.976789,-7.88253]]]}},{"type":"Feature","properties":{"fid":829,"DN":2},"geometry":{"type":"Polygon","coordinates":[[[113.019015,-7.882803],[113.019015,-7.883075],[113.019286,-7.883075],[113.019286,-7.882803],[113.019015,-7.882803]]]}},{"type":"Feature","properties":{"fid":830,"DN":2},"geometry":{"type":"Polygon","coordinates":[[[113.052849,-7.882803],[113.052849,-7.883075],[113.05312,-7.883075],[113.05312,-7.882803],[113.052849,-7.882803]]]}},{"type":"Feature","properties":{"fid":831,"DN":3},"geometry":{"type":"Polygon","coordinates":[[[112.959737,-7.883075],[112.959737,-7.883348],[112.960278,-7.883348],[112.960278,-7.883075],[112.959737,-7.883075]]]}},{"type":"Feature","properties":{"fid":832,"DN":3},"geometry":{"type":"Polygon","coordinates":[[[112.964609,-7.883075],[112.964609,-7.883348],[112.96488,-7.883348],[112.96488,-7.883075],[112.964609,-7.883075]]]}},{"type":"Feature","properties":{"fid":833,"DN":2},"geometry":{"type":"Polygon","coordinates":[[[112.966233,-7.88144],[112.966233,-7.881713],[112.965962,-7.881713],[112.965962,-7.882258],[112.965692,-7.882258],[112.965692,-7.88253],[112.96515,-7.88253],[112.96515,-7.883075],[112.96488,-7.883075],[112.96488,-7.883348],[112.96515,-7.883348],[112.96515,-7.88362],[112.965962,-7.88362],[112.965962,-7.883348],[112.966504,-7.883348],[112.966504,-7.88253],[112.966774,-7.88253],[112.966774,-7.882803],[112.967586,-7.882803],[112.967586,-7.883075],[112.968399,-7.883075],[112.968399,-7.881713],[112.966504,-7.881713],[112.966504,-7.88144],[112.966233,-7.88144]],[[112.965962,-7.882803],[112.966233,-7.882803],[112.966233,-7.883075],[112.965962,-7.883075],[112.965962,-7.882803]]]}},{"type":"Feature","properties":{"fid":834,"DN":3},"geometry":{"type":"Polygon","coordinates":[[[112.96488,-7.883348],[112.96488,-7.88362],[112.96515,-7.88362],[112.96515,-7.883348],[112.96488,-7.883348]]]}},{"type":"Feature","properties":{"fid":835,"DN":2},"geometry":{"type":"Polygon","coordinates":[[[112.96894,-7.883348],[112.96894,-7.88362],[112.969211,-7.88362],[112.969211,-7.883348],[112.96894,-7.883348]]]}},{"type":"Feature","properties":{"fid":836,"DN":3},"geometry":{"type":"Polygon","coordinates":[[[113.042834,-7.881713],[113.042834,-7.882258],[113.042564,-7.882258],[113.042564,-7.88253],[113.042293,-7.88253],[113.042293,-7.882803],[113.041752,-7.882803],[113.041752,-7.883348],[113.041481,-7.883348],[113.041481,-7.88362],[113.042022,-7.88362],[113.042022,-7.883348],[113.042293,-7.883348],[113.042293,-7.88362],[113.042564,-7.88362],[113.042564,-7.883348],[113.042834,-7.883348],[113.042834,-7.88253],[113.043105,-7.88253],[113.043105,-7.881985],[113.043376,-7.881985],[113.043376,-7.881713],[113.042834,-7.881713]]]}},{"type":"Feature","properties":{"fid":837,"DN":3},"geometry":{"type":"Polygon","coordinates":[[[113.042834,-7.883348],[113.042834,-7.88362],[113.043105,-7.88362],[113.043105,-7.883348],[113.042834,-7.883348]]]}},{"type":"Feature","properties":{"fid":838,"DN":3},"geometry":{"type":"Polygon","coordinates":[[[112.939978,-7.883348],[112.939978,-7.883893],[112.940248,-7.883893],[112.940248,-7.883348],[112.939978,-7.883348]]]}},{"type":"Feature","properties":{"fid":839,"DN":2},"geometry":{"type":"Polygon","coordinates":[[[113.053391,-7.883348],[113.053391,-7.883893],[113.053661,-7.883893],[113.053661,-7.883348],[113.053391,-7.883348]]]}},{"type":"Feature","properties":{"fid":840,"DN":2},"geometry":{"type":"Polygon","coordinates":[[[112.963797,-7.882803],[112.963797,-7.883075],[112.964338,-7.883075],[112.964338,-7.88362],[112.964068,-7.88362],[112.964068,-7.883893],[112.96515,-7.883893],[112.96515,-7.88362],[112.96488,-7.88362],[112.96488,-7.883348],[112.964609,-7.883348],[112.964609,-7.883075],[112.96488,-7.883075],[112.96488,-7.882803],[112.963797,-7.882803]]]}},{"type":"Feature","properties":{"fid":841,"DN":3},"geometry":{"type":"Polygon","coordinates":[[[113.043105,-7.88362],[113.043105,-7.884165],[113.043376,-7.884165],[113.043376,-7.883893],[113.043646,-7.883893],[113.043646,-7.88362],[113.043105,-7.88362]]]}},{"type":"Feature","properties":{"fid":842,"DN":2},"geometry":{"type":"Polygon","coordinates":[[[112.96894,-7.883893],[112.96894,-7.884165],[112.969481,-7.884165],[112.969481,-7.883893],[112.96894,-7.883893]]]}},{"type":"Feature","properties":{"fid":843,"DN":3},"geometry":{"type":"Polygon","coordinates":[[[113.04094,-7.883893],[113.04094,-7.884165],[113.04121,-7.884165],[113.04121,-7.883893],[113.04094,-7.883893]]]}},{"type":"Feature","properties":{"fid":844,"DN":3},"geometry":{"type":"Polygon","coordinates":[[[113.043646,-7.883893],[113.043646,-7.884165],[113.043917,-7.884165],[113.043917,-7.883893],[113.043646,-7.883893]]]}},{"type":"Feature","properties":{"fid":845,"DN":3},"geometry":{"type":"Polygon","coordinates":[[[113.047707,-7.883893],[113.047707,-7.884165],[113.047977,-7.884165],[113.047977,-7.883893],[113.047707,-7.883893]]]}},{"type":"Feature","properties":{"fid":846,"DN":3},"geometry":{"type":"Polygon","coordinates":[[[112.958113,-7.88362],[112.958113,-7.884438],[112.958384,-7.884438],[112.958384,-7.88362],[112.958113,-7.88362]]]}},{"type":"Feature","properties":{"fid":847,"DN":2},"geometry":{"type":"Polygon","coordinates":[[[112.969481,-7.884165],[112.969481,-7.884438],[112.969752,-7.884438],[112.969752,-7.884165],[112.969481,-7.884165]]]}},{"type":"Feature","properties":{"fid":848,"DN":2},"geometry":{"type":"Polygon","coordinates":[[[113.030654,-7.884165],[113.030654,-7.884438],[113.030925,-7.884438],[113.030925,-7.884165],[113.030654,-7.884165]]]}},{"type":"Feature","properties":{"fid":849,"DN":2},"geometry":{"type":"Polygon","coordinates":[[[113.05312,-7.884165],[113.05312,-7.884438],[113.053391,-7.884438],[113.053391,-7.884165],[113.05312,-7.884165]]]}},{"type":"Feature","properties":{"fid":850,"DN":2},"geometry":{"type":"Polygon","coordinates":[[[113.056368,-7.884165],[113.056368,-7.884438],[113.056639,-7.884438],[113.056639,-7.884165],[113.056368,-7.884165]]]}},{"type":"Feature","properties":{"fid":851,"DN":2},"geometry":{"type":"Polygon","coordinates":[[[112.956489,-7.880078],[112.956489,-7.88035],[112.955947,-7.88035],[112.955947,-7.880623],[112.956218,-7.880623],[112.956218,-7.881713],[112.956489,-7.881713],[112.956489,-7.881985],[112.956218,-7.881985],[112.956218,-7.884438],[112.956759,-7.884438],[112.956759,-7.88471],[112.95703,-7.88471],[112.95703,-7.883893],[112.956759,-7.883893],[112.956759,-7.88362],[112.956489,-7.88362],[112.956489,-7.883348],[112.956759,-7.883348],[112.956759,-7.883075],[112.956489,-7.883075],[112.956489,-7.882803],[112.957571,-7.882803],[112.957571,-7.883075],[112.958384,-7.883075],[112.958384,-7.881985],[112.95703,-7.881985],[112.95703,-7.881168],[112.957571,-7.881168],[112.957571,-7.880623],[112.957301,-7.880623],[112.957301,-7.88035],[112.95703,-7.88035],[112.95703,-7.880078],[112.956489,-7.880078]],[[112.956759,-7.880623],[112.95703,-7.880623],[112.95703,-7.880895],[112.956759,-7.880895],[112.956759,-7.880623]]]}},{"type":"Feature","properties":{"fid":852,"DN":3},"geometry":{"type":"Polygon","coordinates":[[[112.939978,-7.884165],[112.939978,-7.88471],[112.940248,-7.88471],[112.940248,-7.884165],[112.939978,-7.884165]]]}},{"type":"Feature","properties":{"fid":853,"DN":3},"geometry":{"type":"Polygon","coordinates":[[[112.944308,-7.884165],[112.944308,-7.88471],[112.944579,-7.88471],[112.944579,-7.884165],[112.944308,-7.884165]]]}},{"type":"Feature","properties":{"fid":854,"DN":3},"geometry":{"type":"Polygon","coordinates":[[[113.04121,-7.884165],[113.04121,-7.884438],[113.041481,-7.884438],[113.041481,-7.88471],[113.042022,-7.88471],[113.042022,-7.884438],[113.042293,-7.884438],[113.042293,-7.884165],[113.04121,-7.884165]]]}},{"type":"Feature","properties":{"fid":855,"DN":3},"geometry":{"type":"Polygon","coordinates":[[[112.932399,-7.884438],[112.932399,-7.88471],[112.932669,-7.88471],[112.932669,-7.884438],[112.932399,-7.884438]]]}},{"type":"Feature","properties":{"fid":856,"DN":2},"geometry":{"type":"Polygon","coordinates":[[[113.031195,-7.88362],[113.031195,-7.883893],[113.030925,-7.883893],[113.030925,-7.884165],[113.031466,-7.884165],[113.031466,-7.884438],[113.031195,-7.884438],[113.031195,-7.884983],[113.032278,-7.884983],[113.032278,-7.884165],[113.032007,-7.884165],[113.032007,-7.88362],[113.031195,-7.88362]]]}},{"type":"Feature","properties":{"fid":857,"DN":3},"geometry":{"type":"Polygon","coordinates":[[[113.040398,-7.88471],[113.040398,-7.884983],[113.040669,-7.884983],[113.040669,-7.88471],[113.040398,-7.88471]]]}},{"type":"Feature","properties":{"fid":858,"DN":2},"geometry":{"type":"Polygon","coordinates":[[[113.055285,-7.88471],[113.055285,-7.884983],[113.055556,-7.884983],[113.055556,-7.88471],[113.055285,-7.88471]]]}},{"type":"Feature","properties":{"fid":859,"DN":2},"geometry":{"type":"Polygon","coordinates":[[[113.030383,-7.88471],[113.030383,-7.884983],[113.030113,-7.884983],[113.030113,-7.885255],[113.031195,-7.885255],[113.031195,-7.884983],[113.030654,-7.884983],[113.030654,-7.88471],[113.030383,-7.88471]]]}},{"type":"Feature","properties":{"fid":860,"DN":3},"geometry":{"type":"Polygon","coordinates":[[[112.936729,-7.884983],[112.936729,-7.885528],[112.937,-7.885528],[112.937,-7.884983],[112.936729,-7.884983]]]}},{"type":"Feature","properties":{"fid":861,"DN":2},"geometry":{"type":"Polygon","coordinates":[[[112.96109,-7.875717],[112.96109,-7.877625],[112.961361,-7.877625],[112.961361,-7.878443],[112.96109,-7.878443],[112.96109,-7.878715],[112.961361,-7.878715],[112.961361,-7.87926],[112.960008,-7.87926],[112.960008,-7.878443],[112.959737,-7.878443],[112.959737,-7.877898],[112.959466,-7.877898],[112.959466,-7.87817],[112.959196,-7.87817],[112.959196,-7.878443],[112.959466,-7.878443],[112.959466,-7.87926],[112.959196,-7.87926],[112.959196,-7.879533],[112.959737,-7.879533],[112.959737,-7.879805],[112.960008,-7.879805],[112.960008,-7.880078],[112.96082,-7.880078],[112.96082,-7.880895],[112.96109,-7.880895],[112.96109,-7.880078],[112.961632,-7.880078],[112.961632,-7.879805],[112.962173,-7.879805],[112.962173,-7.88035],[112.961632,-7.88035],[112.961632,-7.880623],[112.962173,-7.880623],[112.962173,-7.881168],[112.962444,-7.881168],[112.962444,-7.88144],[112.962173,-7.88144],[112.962173,-7.881985],[112.96109,-7.881985],[112.96109,-7.88144],[112.960278,-7.88144],[112.960278,-7.882258],[112.960008,-7.882258],[112.960008,-7.88144],[112.959466,-7.88144],[112.959466,-7.88362],[112.959196,-7.88362],[112.959196,-7.88471],[112.958654,-7.88471],[112.958654,-7.88362],[112.958384,-7.88362],[112.958384,-7.883348],[112.957842,-7.883348],[112.957842,-7.88362],[112.957571,-7.88362],[112.957571,-7.884983],[112.957301,-7.884983],[112.957301,-7.885528],[112.957571,-7.885528],[112.957571,-7.885255],[112.958113,-7.885255],[112.958113,-7.884983],[112.958384,-7.884983],[112.958384,-7.885255],[112.959196,-7.885255],[112.959196,-7.884983],[112.959737,-7.884983],[112.959737,-7.884438],[112.960008,-7.884438],[112.960008,-7.883893],[112.96082,-7.883893],[112.96082,-7.883075],[112.961361,-7.883075],[112.961361,-7.882803],[112.961632,-7.882803],[112.961632,-7.883075],[112.962444,-7.883075],[112.962444,-7.882803],[112.962714,-7.882803],[112.962714,-7.88253],[112.963256,-7.88253],[112.963256,-7.88144],[112.962714,-7.88144],[112.962714,-7.880623],[112.963256,-7.880623],[112.963256,-7.880078],[112.962444,-7.880078],[112.962444,-7.879805],[112.962714,-7.879805],[112.962714,-7.878715],[112.962173,-7.878715],[112.962173,-7.87817],[112.961902,-7.87817],[112.961902,-7.876263],[112.961632,-7.876263],[112.961632,-7.87599],[112.961902,-7.87599],[112.961902,-7.875717],[112.96109,-7.875717]],[[112.96109,-7.882258],[112.961361,-7.882258],[112.961361,-7.88253],[112.96109,-7.88253],[112.96109,-7.882258]],[[112.961632,-7.882258],[112.961902,-7.882258],[112.961902,-7.88253],[112.961632,-7.88253],[112.961632,-7.882258]],[[112.959737,-7.883075],[112.960278,-7.883075],[112.960278,-7.883348],[112.959737,-7.883348],[112.959737,-7.883075]],[[112.958113,-7.88362],[112.958384,-7.88362],[112.958384,-7.884438],[112.958113,-7.884438],[112.958113,-7.88362]]]}},{"type":"Feature","properties":{"fid":862,"DN":3},"geometry":{"type":"Polygon","coordinates":[[[112.94512,-7.885255],[112.94512,-7.885528],[112.945391,-7.885528],[112.945391,-7.885255],[112.94512,-7.885255]]]}},{"type":"Feature","properties":{"fid":863,"DN":2},"geometry":{"type":"Polygon","coordinates":[[[112.955947,-7.885255],[112.955947,-7.885528],[112.956218,-7.885528],[112.956218,-7.885255],[112.955947,-7.885255]]]}},{"type":"Feature","properties":{"fid":864,"DN":2},"geometry":{"type":"Polygon","coordinates":[[[112.991406,-7.88471],[112.991406,-7.885255],[112.991135,-7.885255],[112.991135,-7.8858],[112.991677,-7.8858],[112.991677,-7.885255],[112.992759,-7.885255],[112.992759,-7.884983],[112.99303,-7.884983],[112.99303,-7.88471],[112.992489,-7.88471],[112.992489,-7.884983],[112.991677,-7.884983],[112.991677,-7.88471],[112.991406,-7.88471]]]}},{"type":"Feature","properties":{"fid":865,"DN":3},"geometry":{"type":"Polygon","coordinates":[[[113.047977,-7.885255],[113.047977,-7.8858],[113.048248,-7.8858],[113.048248,-7.885255],[113.047977,-7.885255]]]}},{"type":"Feature","properties":{"fid":866,"DN":3},"geometry":{"type":"Polygon","coordinates":[[[112.937271,-7.885528],[112.937271,-7.8858],[112.937541,-7.8858],[112.937541,-7.885528],[112.937271,-7.885528]]]}},{"type":"Feature","properties":{"fid":867,"DN":3},"geometry":{"type":"Polygon","coordinates":[[[112.939978,-7.885528],[112.939978,-7.8858],[112.940248,-7.8858],[112.940248,-7.885528],[112.939978,-7.885528]]]}},{"type":"Feature","properties":{"fid":868,"DN":3},"geometry":{"type":"Polygon","coordinates":[[[112.94485,-7.885528],[112.94485,-7.8858],[112.94512,-7.8858],[112.94512,-7.885528],[112.94485,-7.885528]]]}},{"type":"Feature","properties":{"fid":869,"DN":2},"geometry":{"type":"Polygon","coordinates":[[[113.021992,-7.885528],[113.021992,-7.8858],[113.022263,-7.8858],[113.022263,-7.885528],[113.021992,-7.885528]]]}},{"type":"Feature","properties":{"fid":870,"DN":2},"geometry":{"type":"Polygon","coordinates":[[[112.955677,-7.8858],[112.955677,-7.886073],[112.955947,-7.886073],[112.955947,-7.8858],[112.955677,-7.8858]]]}},{"type":"Feature","properties":{"fid":871,"DN":3},"geometry":{"type":"Polygon","coordinates":[[[112.959737,-7.8858],[112.959737,-7.886073],[112.960008,-7.886073],[112.960008,-7.8858],[112.959737,-7.8858]]]}},{"type":"Feature","properties":{"fid":872,"DN":3},"geometry":{"type":"Polygon","coordinates":[[[112.965421,-7.8858],[112.965421,-7.886073],[112.965692,-7.886073],[112.965692,-7.8858],[112.965421,-7.8858]]]}},{"type":"Feature","properties":{"fid":873,"DN":2},"geometry":{"type":"Polygon","coordinates":[[[112.992759,-7.8858],[112.992759,-7.886073],[112.99303,-7.886073],[112.99303,-7.8858],[112.992759,-7.8858]]]}},{"type":"Feature","properties":{"fid":874,"DN":3},"geometry":{"type":"Polygon","coordinates":[[[112.937812,-7.8858],[112.937812,-7.886345],[112.938083,-7.886345],[112.938083,-7.8858],[112.937812,-7.8858]]]}},{"type":"Feature","properties":{"fid":875,"DN":2},"geometry":{"type":"Polygon","coordinates":[[[112.956759,-7.8858],[112.956759,-7.886073],[112.95703,-7.886073],[112.95703,-7.886345],[112.958113,-7.886345],[112.958113,-7.8858],[112.956759,-7.8858]]]}},{"type":"Feature","properties":{"fid":876,"DN":3},"geometry":{"type":"Polygon","coordinates":[[[113.042022,-7.886073],[113.042022,-7.886345],[113.042293,-7.886345],[113.042293,-7.886073],[113.042022,-7.886073]]]}},{"type":"Feature","properties":{"fid":877,"DN":3},"geometry":{"type":"Polygon","coordinates":[[[112.971647,-7.886345],[112.971647,-7.886618],[112.973,-7.886618],[112.973,-7.886345],[112.971647,-7.886345]]]}},{"type":"Feature","properties":{"fid":878,"DN":3},"geometry":{"type":"Polygon","coordinates":[[[113.041481,-7.886345],[113.041481,-7.886618],[113.042022,-7.886618],[113.042022,-7.886345],[113.041481,-7.886345]]]}},{"type":"Feature","properties":{"fid":879,"DN":3},"geometry":{"type":"Polygon","coordinates":[[[112.938354,-7.886345],[112.938354,-7.88689],[112.938624,-7.88689],[112.938624,-7.886345],[112.938354,-7.886345]]]}},{"type":"Feature","properties":{"fid":880,"DN":3},"geometry":{"type":"Polygon","coordinates":[[[112.941331,-7.886618],[112.941331,-7.88689],[112.941602,-7.88689],[112.941602,-7.886618],[112.941331,-7.886618]]]}},{"type":"Feature","properties":{"fid":881,"DN":3},"geometry":{"type":"Polygon","coordinates":[[[113.047436,-7.886618],[113.047436,-7.88689],[113.048248,-7.88689],[113.048248,-7.886618],[113.047436,-7.886618]]]}},{"type":"Feature","properties":{"fid":882,"DN":3},"geometry":{"type":"Polygon","coordinates":[[[112.938624,-7.88689],[112.938624,-7.887163],[112.938895,-7.887163],[112.938895,-7.88689],[112.938624,-7.88689]]]}},{"type":"Feature","properties":{"fid":883,"DN":3},"geometry":{"type":"Polygon","coordinates":[[[113.04121,-7.88689],[113.04121,-7.887163],[113.041481,-7.887163],[113.041481,-7.88689],[113.04121,-7.88689]]]}},{"type":"Feature","properties":{"fid":884,"DN":3},"geometry":{"type":"Polygon","coordinates":[[[113.042022,-7.88689],[113.042022,-7.887163],[113.042293,-7.887163],[113.042293,-7.88689],[113.042022,-7.88689]]]}},{"type":"Feature","properties":{"fid":885,"DN":3},"geometry":{"type":"Polygon","coordinates":[[[113.047977,-7.887163],[113.047977,-7.887435],[113.048248,-7.887435],[113.048248,-7.887163],[113.047977,-7.887163]]]}},{"type":"Feature","properties":{"fid":886,"DN":3},"geometry":{"type":"Polygon","coordinates":[[[112.94106,-7.887435],[112.94106,-7.887708],[112.941331,-7.887708],[112.941331,-7.887435],[112.94106,-7.887435]]]}},{"type":"Feature","properties":{"fid":887,"DN":3},"geometry":{"type":"Polygon","coordinates":[[[112.944579,-7.887435],[112.944579,-7.887708],[112.94485,-7.887708],[112.94485,-7.887435],[112.944579,-7.887435]]]}},{"type":"Feature","properties":{"fid":888,"DN":3},"geometry":{"type":"Polygon","coordinates":[[[112.960549,-7.887435],[112.960549,-7.887708],[112.96082,-7.887708],[112.96082,-7.887435],[112.960549,-7.887435]]]}},{"type":"Feature","properties":{"fid":889,"DN":2},"geometry":{"type":"Polygon","coordinates":[[[112.982203,-7.887435],[112.982203,-7.887708],[112.982744,-7.887708],[112.982744,-7.887435],[112.982203,-7.887435]]]}},{"type":"Feature","properties":{"fid":890,"DN":2},"geometry":{"type":"Polygon","coordinates":[[[113.022534,-7.887435],[113.022534,-7.887708],[113.022804,-7.887708],[113.022804,-7.887435],[113.022534,-7.887435]]]}},{"type":"Feature","properties":{"fid":891,"DN":3},"geometry":{"type":"Polygon","coordinates":[[[113.04094,-7.887163],[113.04094,-7.887435],[113.040669,-7.887435],[113.040669,-7.887708],[113.04121,-7.887708],[113.04121,-7.887163],[113.04094,-7.887163]]]}},{"type":"Feature","properties":{"fid":892,"DN":3},"geometry":{"type":"Polygon","coordinates":[[[112.939436,-7.887708],[112.939436,-7.88798],[112.939707,-7.88798],[112.939707,-7.887708],[112.939436,-7.887708]]]}},{"type":"Feature","properties":{"fid":893,"DN":2},"geometry":{"type":"Polygon","coordinates":[[[113.022263,-7.887708],[113.022263,-7.88798],[113.022534,-7.88798],[113.022534,-7.887708],[113.022263,-7.887708]]]}},{"type":"Feature","properties":{"fid":894,"DN":2},"geometry":{"type":"Polygon","coordinates":[[[112.976789,-7.88689],[112.976789,-7.887163],[112.976519,-7.887163],[112.976519,-7.88798],[112.976789,-7.88798],[112.976789,-7.888253],[112.97706,-7.888253],[112.97706,-7.88689],[112.976789,-7.88689]]]}},{"type":"Feature","properties":{"fid":895,"DN":3},"geometry":{"type":"Polygon","coordinates":[[[112.967045,-7.885528],[112.967045,-7.8858],[112.966504,-7.8858],[112.966504,-7.886073],[112.965962,-7.886073],[112.965962,-7.886345],[112.965421,-7.886345],[112.965421,-7.886618],[112.964338,-7.886618],[112.964338,-7.88689],[112.964068,-7.88689],[112.964068,-7.887435],[112.963526,-7.887435],[112.963526,-7.887708],[112.963256,-7.887708],[112.963256,-7.888253],[112.963797,-7.888253],[112.963797,-7.88798],[112.964068,-7.88798],[112.964068,-7.887708],[112.964609,-7.887708],[112.964609,-7.887435],[112.965421,-7.887435],[112.965421,-7.88689],[112.965962,-7.88689],[112.965962,-7.886618],[112.966504,-7.886618],[112.966504,-7.886345],[112.967045,-7.886345],[112.967045,-7.886073],[112.967316,-7.886073],[112.967316,-7.886345],[112.967857,-7.886345],[112.967857,-7.886073],[112.96894,-7.886073],[112.96894,-7.8858],[112.967857,-7.8858],[112.967857,-7.885528],[112.967045,-7.885528]]]}},{"type":"Feature","properties":{"fid":896,"DN":3},"geometry":{"type":"Polygon","coordinates":[[[113.047436,-7.887708],[113.047436,-7.888253],[113.047707,-7.888253],[113.047707,-7.887708],[113.047436,-7.887708]]]}},{"type":"Feature","properties":{"fid":897,"DN":3},"geometry":{"type":"Polygon","coordinates":[[[112.939707,-7.88798],[112.939707,-7.888253],[112.939978,-7.888253],[112.939978,-7.88798],[112.939707,-7.88798]]]}},{"type":"Feature","properties":{"fid":898,"DN":3},"geometry":{"type":"Polygon","coordinates":[[[112.94079,-7.88798],[112.94079,-7.888253],[112.94106,-7.888253],[112.94106,-7.88798],[112.94079,-7.88798]]]}},{"type":"Feature","properties":{"fid":899,"DN":2},"geometry":{"type":"Polygon","coordinates":[[[112.975977,-7.88798],[112.975977,-7.888253],[112.976248,-7.888253],[112.976248,-7.88798],[112.975977,-7.88798]]]}},{"type":"Feature","properties":{"fid":900,"DN":3},"geometry":{"type":"Polygon","coordinates":[[[113.047977,-7.88798],[113.047977,-7.888253],[113.048248,-7.888253],[113.048248,-7.88798],[113.047977,-7.88798]]]}},{"type":"Feature","properties":{"fid":901,"DN":3},"geometry":{"type":"Polygon","coordinates":[[[112.941872,-7.886618],[112.941872,-7.88689],[112.941602,-7.88689],[112.941602,-7.887163],[112.941872,-7.887163],[112.941872,-7.887435],[112.942414,-7.887435],[112.942414,-7.88798],[112.942143,-7.88798],[112.942143,-7.888525],[112.942414,-7.888525],[112.942414,-7.888253],[112.943767,-7.888253],[112.943767,-7.888525],[112.944038,-7.888525],[112.944038,-7.88798],[112.943496,-7.88798],[112.943496,-7.887435],[112.942684,-7.887435],[112.942684,-7.887163],[112.942955,-7.887163],[112.942955,-7.886618],[112.941872,-7.886618]]]}},{"type":"Feature","properties":{"fid":902,"DN":3},"geometry":{"type":"Polygon","coordinates":[[[112.973541,-7.888253],[112.973541,-7.888525],[112.973812,-7.888525],[112.973812,-7.888253],[112.973541,-7.888253]]]}},{"type":"Feature","properties":{"fid":903,"DN":2},"geometry":{"type":"Polygon","coordinates":[[[112.97706,-7.888253],[112.97706,-7.888525],[112.977601,-7.888525],[112.977601,-7.888253],[112.97706,-7.888253]]]}},{"type":"Feature","properties":{"fid":904,"DN":3},"geometry":{"type":"Polygon","coordinates":[[[112.946744,-7.888525],[112.946744,-7.888798],[112.947015,-7.888798],[112.947015,-7.888525],[112.946744,-7.888525]]]}},{"type":"Feature","properties":{"fid":905,"DN":2},"geometry":{"type":"Polygon","coordinates":[[[113.038774,-7.887708],[113.038774,-7.88798],[113.038504,-7.88798],[113.038504,-7.88907],[113.038774,-7.88907],[113.038774,-7.888525],[113.039045,-7.888525],[113.039045,-7.887708],[113.038774,-7.887708]]]}},{"type":"Feature","properties":{"fid":906,"DN":3},"geometry":{"type":"Polygon","coordinates":[[[113.038774,-7.888525],[113.038774,-7.88907],[113.039045,-7.88907],[113.039045,-7.888525],[113.038774,-7.888525]]]}},{"type":"Feature","properties":{"fid":907,"DN":3},"geometry":{"type":"Polygon","coordinates":[[[112.931045,-7.888798],[112.931045,-7.88907],[112.931316,-7.88907],[112.931316,-7.888798],[112.931045,-7.888798]]]}},{"type":"Feature","properties":{"fid":908,"DN":2},"geometry":{"type":"Polygon","coordinates":[[[113.037421,-7.888798],[113.037421,-7.88907],[113.037962,-7.88907],[113.037962,-7.888798],[113.037421,-7.888798]]]}},{"type":"Feature","properties":{"fid":909,"DN":3},"geometry":{"type":"Polygon","coordinates":[[[113.04121,-7.888798],[113.04121,-7.88907],[113.041481,-7.88907],[113.041481,-7.888798],[113.04121,-7.888798]]]}},{"type":"Feature","properties":{"fid":910,"DN":3},"geometry":{"type":"Polygon","coordinates":[[[112.970835,-7.888253],[112.970835,-7.889343],[112.971647,-7.889343],[112.971647,-7.888525],[112.971917,-7.888525],[112.971917,-7.888253],[112.970835,-7.888253]]]}},{"type":"Feature","properties":{"fid":911,"DN":3},"geometry":{"type":"Polygon","coordinates":[[[112.939978,-7.888525],[112.939978,-7.889343],[112.940248,-7.889343],[112.940248,-7.888525],[112.939978,-7.888525]]]}},{"type":"Feature","properties":{"fid":912,"DN":3},"geometry":{"type":"Polygon","coordinates":[[[113.047707,-7.888253],[113.047707,-7.888798],[113.047165,-7.888798],[113.047165,-7.88907],[113.046624,-7.88907],[113.046624,-7.889343],[113.047436,-7.889343],[113.047436,-7.88907],[113.047977,-7.88907],[113.047977,-7.888253],[113.047707,-7.888253]]]}},{"type":"Feature","properties":{"fid":913,"DN":3},"geometry":{"type":"Polygon","coordinates":[[[112.948098,-7.889343],[112.948098,-7.889615],[112.948369,-7.889615],[112.948369,-7.889343],[112.948098,-7.889343]]]}},{"type":"Feature","properties":{"fid":914,"DN":3},"geometry":{"type":"Polygon","coordinates":[[[113.040669,-7.889343],[113.040669,-7.889615],[113.04094,-7.889615],[113.04094,-7.889343],[113.040669,-7.889343]]]}},{"type":"Feature","properties":{"fid":915,"DN":2},"geometry":{"type":"Polygon","coordinates":[[[113.023887,-7.88798],[113.023887,-7.888253],[113.023616,-7.888253],[113.023616,-7.888798],[113.023346,-7.888798],[113.023346,-7.889888],[113.024699,-7.889888],[113.024699,-7.889343],[113.024428,-7.889343],[113.024428,-7.88798],[113.023887,-7.88798]]]}},{"type":"Feature","properties":{"fid":916,"DN":2},"geometry":{"type":"Polygon","coordinates":[[[113.037692,-7.889343],[113.037692,-7.889888],[113.037962,-7.889888],[113.037962,-7.889343],[113.037692,-7.889343]]]}},{"type":"Feature","properties":{"fid":917,"DN":3},"geometry":{"type":"Polygon","coordinates":[[[112.935105,-7.889615],[112.935105,-7.889888],[112.935376,-7.889888],[112.935376,-7.889615],[112.935105,-7.889615]]]}},{"type":"Feature","properties":{"fid":918,"DN":3},"geometry":{"type":"Polygon","coordinates":[[[112.935376,-7.889888],[112.935376,-7.89016],[112.936188,-7.89016],[112.936188,-7.889888],[112.935376,-7.889888]]]}},{"type":"Feature","properties":{"fid":919,"DN":2},"geometry":{"type":"Polygon","coordinates":[[[112.954053,-7.888253],[112.954053,-7.888798],[112.953511,-7.888798],[112.953511,-7.88907],[112.953782,-7.88907],[112.953782,-7.889615],[112.954323,-7.889615],[112.954323,-7.89016],[112.954865,-7.89016],[112.954865,-7.890433],[112.955406,-7.890433],[112.955406,-7.89016],[112.955677,-7.89016],[112.955677,-7.88907],[112.955135,-7.88907],[112.955135,-7.888798],[112.954594,-7.888798],[112.954594,-7.888253],[112.954053,-7.888253]]]}},{"type":"Feature","properties":{"fid":920,"DN":3},"geometry":{"type":"Polygon","coordinates":[[[112.945662,-7.889888],[112.945662,-7.890433],[112.946744,-7.890433],[112.946744,-7.89016],[112.945932,-7.89016],[112.945932,-7.889888],[112.945662,-7.889888]]]}},{"type":"Feature","properties":{"fid":921,"DN":3},"geometry":{"type":"Polygon","coordinates":[[[112.94106,-7.888253],[112.94106,-7.88907],[112.941331,-7.88907],[112.941331,-7.889343],[112.941602,-7.889343],[112.941602,-7.889615],[112.942414,-7.889615],[112.942414,-7.889888],[112.942684,-7.889888],[112.942684,-7.89016],[112.943226,-7.89016],[112.943226,-7.890433],[112.943767,-7.890433],[112.943767,-7.890705],[112.944308,-7.890705],[112.944308,-7.89016],[112.943496,-7.89016],[112.943496,-7.889888],[112.943226,-7.889888],[112.943226,-7.889615],[112.942684,-7.889615],[112.942684,-7.889343],[112.941872,-7.889343],[112.941872,-7.888253],[112.94106,-7.888253]]]}},{"type":"Feature","properties":{"fid":922,"DN":3},"geometry":{"type":"Polygon","coordinates":[[[112.946744,-7.890433],[112.946744,-7.890705],[112.947286,-7.890705],[112.947286,-7.890433],[112.946744,-7.890433]]]}},{"type":"Feature","properties":{"fid":923,"DN":3},"geometry":{"type":"Polygon","coordinates":[[[112.962173,-7.888253],[112.962173,-7.88907],[112.961902,-7.88907],[112.961902,-7.889343],[112.961632,-7.889343],[112.961632,-7.889888],[112.961361,-7.889888],[112.961361,-7.89016],[112.96109,-7.89016],[112.96109,-7.890433],[112.96082,-7.890433],[112.96082,-7.890705],[112.961632,-7.890705],[112.961632,-7.890433],[112.961902,-7.890433],[112.961902,-7.89016],[112.962173,-7.89016],[112.962173,-7.889888],[112.962444,-7.889888],[112.962444,-7.88907],[112.963256,-7.88907],[112.963256,-7.888253],[112.962173,-7.888253]]]}},{"type":"Feature","properties":{"fid":924,"DN":3},"geometry":{"type":"Polygon","coordinates":[[[112.965421,-7.890433],[112.965421,-7.890705],[112.965692,-7.890705],[112.965692,-7.890433],[112.965421,-7.890433]]]}},{"type":"Feature","properties":{"fid":925,"DN":2},"geometry":{"type":"Polygon","coordinates":[[[113.036609,-7.889615],[113.036609,-7.889888],[113.035526,-7.889888],[113.035526,-7.890433],[113.034714,-7.890433],[113.034714,-7.890705],[113.035797,-7.890705],[113.035797,-7.890433],[113.037421,-7.890433],[113.037421,-7.889615],[113.036609,-7.889615]]]}},{"type":"Feature","properties":{"fid":926,"DN":2},"geometry":{"type":"Polygon","coordinates":[[[113.024699,-7.890433],[113.024699,-7.890978],[113.02497,-7.890978],[113.02497,-7.890433],[113.024699,-7.890433]]]}},{"type":"Feature","properties":{"fid":927,"DN":3},"geometry":{"type":"Polygon","coordinates":[[[112.942684,-7.890705],[112.942684,-7.89125],[112.943226,-7.89125],[112.943226,-7.890705],[112.942684,-7.890705]]]}},{"type":"Feature","properties":{"fid":928,"DN":2},"geometry":{"type":"Polygon","coordinates":[[[112.954323,-7.890705],[112.954323,-7.89125],[112.954594,-7.89125],[112.954594,-7.890978],[112.954865,-7.890978],[112.954865,-7.890705],[112.954323,-7.890705]]]}},{"type":"Feature","properties":{"fid":929,"DN":2},"geometry":{"type":"Polygon","coordinates":[[[112.957842,-7.890705],[112.957842,-7.89125],[112.958113,-7.89125],[112.958113,-7.890705],[112.957842,-7.890705]]]}},{"type":"Feature","properties":{"fid":930,"DN":3},"geometry":{"type":"Polygon","coordinates":[[[112.966233,-7.889343],[112.966233,-7.890705],[112.965962,-7.890705],[112.965962,-7.89125],[112.966233,-7.89125],[112.966233,-7.890978],[112.966504,-7.890978],[112.966504,-7.89016],[112.966774,-7.89016],[112.966774,-7.889343],[112.966233,-7.889343]]]}},{"type":"Feature","properties":{"fid":931,"DN":2},"geometry":{"type":"Polygon","coordinates":[[[112.953511,-7.89016],[112.953511,-7.890433],[112.95297,-7.890433],[112.95297,-7.891523],[112.953782,-7.891523],[112.953782,-7.89125],[112.953511,-7.89125],[112.953511,-7.890978],[112.953241,-7.890978],[112.953241,-7.890705],[112.954053,-7.890705],[112.954053,-7.89016],[112.953511,-7.89016]]]}},{"type":"Feature","properties":{"fid":932,"DN":2},"geometry":{"type":"Polygon","coordinates":[[[113.023346,-7.890433],[113.023346,-7.89125],[113.023616,-7.89125],[113.023616,-7.891523],[113.024428,-7.891523],[113.024428,-7.89125],[113.024699,-7.89125],[113.024699,-7.890978],[113.023616,-7.890978],[113.023616,-7.890705],[113.023887,-7.890705],[113.023887,-7.890433],[113.023346,-7.890433]]]}},{"type":"Feature","properties":{"fid":933,"DN":3},"geometry":{"type":"Polygon","coordinates":[[[112.945662,-7.890705],[112.945662,-7.89125],[112.945932,-7.89125],[112.945932,-7.891523],[112.946474,-7.891523],[112.946474,-7.89125],[112.946203,-7.89125],[112.946203,-7.890978],[112.945932,-7.890978],[112.945932,-7.890705],[112.945662,-7.890705]]]}},{"type":"Feature","properties":{"fid":934,"DN":2},"geometry":{"type":"Polygon","coordinates":[[[113.023075,-7.89125],[113.023075,-7.891523],[113.023346,-7.891523],[113.023346,-7.89125],[113.023075,-7.89125]]]}},{"type":"Feature","properties":{"fid":935,"DN":2},"geometry":{"type":"Polygon","coordinates":[[[113.034443,-7.89125],[113.034443,-7.891523],[113.034714,-7.891523],[113.034714,-7.89125],[113.034443,-7.89125]]]}},{"type":"Feature","properties":{"fid":936,"DN":2},"geometry":{"type":"Polygon","coordinates":[[[113.038504,-7.89016],[113.038504,-7.890433],[113.037692,-7.890433],[113.037692,-7.890705],[113.037421,-7.890705],[113.037421,-7.890978],[113.03715,-7.890978],[113.03715,-7.89125],[113.036879,-7.89125],[113.036879,-7.891523],[113.037421,-7.891523],[113.037421,-7.89125],[113.038233,-7.89125],[113.038233,-7.891523],[113.038504,-7.891523],[113.038504,-7.890705],[113.039045,-7.890705],[113.039045,-7.89016],[113.038504,-7.89016]]]}},{"type":"Feature","properties":{"fid":937,"DN":3},"geometry":{"type":"Polygon","coordinates":[[[112.943226,-7.89125],[112.943226,-7.891795],[112.943496,-7.891795],[112.943496,-7.89125],[112.943226,-7.89125]]]}},{"type":"Feature","properties":{"fid":938,"DN":3},"geometry":{"type":"Polygon","coordinates":[[[112.944038,-7.89125],[112.944038,-7.891795],[112.944579,-7.891795],[112.944579,-7.89125],[112.944038,-7.89125]]]}},{"type":"Feature","properties":{"fid":939,"DN":3},"geometry":{"type":"Polygon","coordinates":[[[112.935917,-7.891523],[112.935917,-7.891795],[112.936188,-7.891795],[112.936188,-7.891523],[112.935917,-7.891523]]]}},{"type":"Feature","properties":{"fid":940,"DN":2},"geometry":{"type":"Polygon","coordinates":[[[112.963797,-7.891523],[112.963797,-7.891795],[112.964068,-7.891795],[112.964068,-7.891523],[112.963797,-7.891523]]]}},{"type":"Feature","properties":{"fid":941,"DN":1},"geometry":{"type":"Polygon","coordinates":[[[113.056097,-7.810861],[113.056097,-7.811133],[113.054744,-7.811133],[113.054744,-7.811951],[113.055015,-7.811951],[113.055015,-7.812496],[113.055285,-7.812496],[113.055285,-7.812768],[113.055556,-7.812768],[113.055556,-7.813041],[113.055827,-7.813041],[113.055827,-7.813313],[113.056097,-7.813313],[113.056097,-7.815493],[113.056639,-7.815493],[113.056639,-7.815766],[113.056909,-7.815766],[113.056909,-7.816584],[113.05718,-7.816584],[113.05718,-7.817129],[113.057451,-7.817129],[113.057451,-7.817674],[113.05718,-7.817674],[113.05718,-7.818764],[113.057451,-7.818764],[113.057451,-7.819854],[113.05718,-7.819854],[113.05718,-7.820126],[113.056909,-7.820126],[113.056909,-7.820399],[113.056639,-7.820399],[113.056639,-7.820944],[113.056909,-7.820944],[113.056909,-7.821489],[113.057722,-7.821489],[113.057722,-7.822579],[113.057451,-7.822579],[113.057451,-7.823124],[113.056909,-7.823124],[113.056909,-7.823396],[113.056639,-7.823396],[113.056639,-7.823669],[113.056368,-7.823669],[113.056368,-7.825304],[113.056909,-7.825304],[113.056909,-7.826939],[113.056368,-7.826939],[113.056368,-7.827756],[113.055285,-7.827756],[113.055285,-7.828301],[113.055015,-7.828301],[113.055015,-7.828846],[113.054473,-7.828846],[113.054473,-7.828574],[113.053391,-7.828574],[113.053391,-7.828301],[113.05312,-7.828301],[113.05312,-7.828029],[113.052579,-7.828029],[113.052579,-7.827756],[113.052037,-7.827756],[113.052037,-7.827211],[113.051767,-7.827211],[113.051767,-7.826939],[113.050955,-7.826939],[113.050955,-7.826666],[113.050413,-7.826666],[113.050413,-7.826394],[113.048519,-7.826394],[113.048519,-7.826666],[113.04906,-7.826666],[113.04906,-7.828029],[113.048519,-7.828029],[113.048519,-7.828574],[113.048248,-7.828574],[113.048248,-7.828846],[113.047977,-7.828846],[113.047977,-7.830481],[113.048248,-7.830481],[113.048248,-7.831571],[113.047977,-7.831571],[113.047977,-7.832116],[113.047165,-7.832116],[113.047165,-7.832661],[113.046894,-7.832661],[113.046894,-7.832934],[113.046624,-7.832934],[113.046624,-7.833206],[113.046353,-7.833206],[113.046353,-7.833751],[113.045812,-7.833751],[113.045812,-7.834024],[113.045541,-7.834024],[113.045541,-7.834296],[113.04527,-7.834296],[113.04527,-7.834569],[113.045,-7.834569],[113.045,-7.834841],[113.043917,-7.834841],[113.043917,-7.835931],[113.042564,-7.835931],[113.042564,-7.836204],[113.042293,-7.836204],[113.042293,-7.836749],[113.041752,-7.836749],[113.041752,-7.837294],[113.041481,-7.837294],[113.041481,-7.838384],[113.04094,-7.838384],[113.04094,-7.838657],[113.040669,-7.838657],[113.040669,-7.838929],[113.040398,-7.838929],[113.040398,-7.839202],[113.040128,-7.839202],[113.040128,-7.839474],[113.039857,-7.839474],[113.039857,-7.839747],[113.039586,-7.839747],[113.039586,-7.840019],[113.039045,-7.840019],[113.039045,-7.840837],[113.038504,-7.840837],[113.038504,-7.841382],[113.037962,-7.841382],[113.037962,-7.841654],[113.037692,-7.841654],[113.037692,-7.843289],[113.037421,-7.843289],[113.037421,-7.843562],[113.03715,-7.843562],[113.03715,-7.844652],[113.036879,-7.844652],[113.036879,-7.844924],[113.035797,-7.844924],[113.035797,-7.845469],[113.035255,-7.845469],[113.035255,-7.845742],[113.034985,-7.845742],[113.034985,-7.846014],[113.034714,-7.846014],[113.034714,-7.846287],[113.033631,-7.846287],[113.033631,-7.846014],[113.032819,-7.846014],[113.032819,-7.846287],[113.032549,-7.846287],[113.032549,-7.846014],[113.032007,-7.846014],[113.032007,-7.846287],[113.031466,-7.846287],[113.031466,-7.846559],[113.031195,-7.846559],[113.031195,-7.845742],[113.031737,-7.845742],[113.031737,-7.845469],[113.032007,-7.845469],[113.032007,-7.845197],[113.032278,-7.845197],[113.032278,-7.844379],[113.032007,-7.844379],[113.032007,-7.844107],[113.031466,-7.844107],[113.031466,-7.843834],[113.031195,-7.843834],[113.031195,-7.844107],[113.029571,-7.844107],[113.029571,-7.844379],[113.02903,-7.844379],[113.02903,-7.844107],[113.026323,-7.844107],[113.026323,-7.844379],[113.024699,-7.844379],[113.024699,-7.844107],[113.024428,-7.844107],[113.024428,-7.843834],[113.023887,-7.843834],[113.023887,-7.843562],[113.022263,-7.843562],[113.022263,-7.843289],[113.021722,-7.843289],[113.021722,-7.843017],[113.020368,-7.843017],[113.020368,-7.842744],[113.019286,-7.842744],[113.019286,-7.843289],[113.018744,-7.843289],[113.018744,-7.843562],[113.018203,-7.843562],[113.018203,-7.843834],[113.017662,-7.843834],[113.017662,-7.844652],[113.017391,-7.844652],[113.017391,-7.845197],[113.01712,-7.845197],[113.01712,-7.845469],[113.016849,-7.845469],[113.016849,-7.846559],[113.016579,-7.846559],[113.016579,-7.847377],[113.016308,-7.847377],[113.016308,-7.847922],[113.015496,-7.847922],[113.015496,-7.848194],[113.015225,-7.848194],[113.015225,-7.848467],[113.014143,-7.848467],[113.014143,-7.848194],[113.013872,-7.848194],[113.013872,-7.847922],[113.013601,-7.847922],[113.013601,-7.847649],[113.012789,-7.847649],[113.012789,-7.847104],[113.012519,-7.847104],[113.012519,-7.846559],[113.011977,-7.846559],[113.011977,-7.847104],[113.011707,-7.847104],[113.011707,-7.847377],[113.011977,-7.847377],[113.011977,-7.847922],[113.011707,-7.847922],[113.011707,-7.847649],[113.011165,-7.847649],[113.011165,-7.847922],[113.010624,-7.847922],[113.010624,-7.848194],[113.010353,-7.848194],[113.010353,-7.848467],[113.009812,-7.848467],[113.009812,-7.848739],[113.009541,-7.848739],[113.009541,-7.848467],[113.009,-7.848467],[113.009,-7.848739],[113.008729,-7.848739],[113.008729,-7.849012],[113.008188,-7.849012],[113.008188,-7.849557],[113.01306,-7.849557],[113.01306,-7.848739],[113.013601,-7.848739],[113.013601,-7.849284],[113.017662,-7.849284],[113.017662,-7.849012],[113.017932,-7.849012],[113.017932,-7.848739],[113.018474,-7.848739],[113.018474,-7.848467],[113.018744,-7.848467],[113.018744,-7.847922],[113.019015,-7.847922],[113.019015,-7.847649],[113.019286,-7.847649],[113.019286,-7.846832],[113.019556,-7.846832],[113.019556,-7.847377],[113.019827,-7.847377],[113.019827,-7.847649],[113.020098,-7.847649],[113.020098,-7.848194],[113.019827,-7.848194],[113.019827,-7.848467],[113.019556,-7.848467],[113.019556,-7.849284],[113.049331,-7.849284],[113.049331,-7.859912],[113.048789,-7.859912],[113.048789,-7.860457],[113.04906,-7.860457],[113.04906,-7.860185],[113.049331,-7.860185],[113.049331,-7.872992],[113.049601,-7.872992],[113.049601,-7.87926],[113.050143,-7.87926],[113.050143,-7.879805],[113.050413,-7.879805],[113.050413,-7.87926],[113.050955,-7.87926],[113.050955,-7.879805],[113.051225,-7.879805],[113.051225,-7.879533],[113.052037,-7.879533],[113.052037,-7.87926],[113.052308,-7.87926],[113.052308,-7.878988],[113.052037,-7.878988],[113.052037,-7.878715],[113.051496,-7.878715],[113.051496,-7.876808],[113.052037,-7.876808],[113.052037,-7.87708],[113.052579,-7.87708],[113.052579,-7.876808],[113.052849,-7.876808],[113.052849,-7.875717],[113.052579,-7.875717],[113.052579,-7.8749],[113.052037,-7.8749],[113.052037,-7.874627],[113.051496,-7.874627],[113.051496,-7.874082],[113.051225,-7.874082],[113.051225,-7.873537],[113.051496,-7.873537],[113.051496,-7.87381],[113.052308,-7.87381],[113.052308,-7.874082],[113.052579,-7.874082],[113.052579,-7.87381],[113.05312,-7.87381],[113.05312,-7.874082],[113.053391,-7.874082],[113.053391,-7.873537],[113.053661,-7.873537],[113.053661,-7.8749],[113.05312,-7.8749],[113.05312,-7.874627],[113.052849,-7.874627],[113.052849,-7.875172],[113.05312,-7.875172],[113.05312,-7.875717],[113.053661,-7.875717],[113.053661,-7.876263],[113.053391,-7.876263],[113.053391,-7.876535],[113.05312,-7.876535],[113.05312,-7.87708],[113.053391,-7.87708],[113.053391,-7.876808],[113.053661,-7.876808],[113.053661,-7.877353],[113.053391,-7.877353],[113.053391,-7.878715],[113.05312,-7.878715],[113.05312,-7.878988],[113.052849,-7.878988],[113.052849,-7.879805],[113.052579,-7.879805],[113.052579,-7.88035],[113.052308,-7.88035],[113.052308,-7.882803],[113.051767,-7.882803],[113.051767,-7.883075],[113.051225,-7.883075],[113.051225,-7.88253],[113.050955,-7.88253],[113.050955,-7.883075],[113.050413,-7.883075],[113.050413,-7.882803],[113.050684,-7.882803],[113.050684,-7.881168],[113.051225,-7.881168],[113.051225,-7.880895],[113.051767,-7.880895],[113.051767,-7.88035],[113.051225,-7.88035],[113.051225,-7.880078],[113.050684,-7.880078],[113.050684,-7.88035],[113.050413,-7.88035],[113.050413,-7.880895],[113.049601,-7.880895],[113.049601,-7.882803],[113.050143,-7.882803],[113.050143,-7.883075],[113.049601,-7.883075],[113.049601,-7.88362],[113.050143,-7.88362],[113.050143,-7.883893],[113.049872,-7.883893],[113.049872,-7.884165],[113.050413,-7.884165],[113.050413,-7.88362],[113.050955,-7.88362],[113.050955,-7.884438],[113.050413,-7.884438],[113.050413,-7.88471],[113.050684,-7.88471],[113.050684,-7.8858],[113.050413,-7.8858],[113.050413,-7.886345],[113.050143,-7.886345],[113.050143,-7.885528],[113.049872,-7.885528],[113.049872,-7.884983],[113.050143,-7.884983],[113.050143,-7.884438],[113.049601,-7.884438],[113.049601,-7.892068],[113.049872,-7.892068],[113.049872,-7.891523],[113.050413,-7.891523],[113.050413,-7.889888],[113.050684,-7.889888],[113.050684,-7.889343],[113.050955,-7.889343],[113.050955,-7.888525],[113.051496,-7.888525],[113.051496,-7.887435],[113.051767,-7.887435],[113.051767,-7.886618],[113.052308,-7.886618],[113.052308,-7.886345],[113.05312,-7.886345],[113.05312,-7.886618],[113.053932,-7.886618],[113.053932,-7.88689],[113.055285,-7.88689],[113.055285,-7.887163],[113.055827,-7.887163],[113.055827,-7.887435],[113.056639,-7.887435],[113.056639,-7.887708],[113.057992,-7.887708],[113.057992,-7.88798],[113.058263,-7.88798],[113.058263,-7.881985],[113.057992,-7.881985],[113.057992,-7.880623],[113.057722,-7.880623],[113.057722,-7.87926],[113.057451,-7.87926],[113.057451,-7.87817],[113.05718,-7.87817],[113.05718,-7.876808],[113.056909,-7.876808],[113.056909,-7.874627],[113.056368,-7.874627],[113.056368,-7.874355],[113.056909,-7.874355],[113.056909,-7.874082],[113.057451,-7.874082],[113.057451,-7.873265],[113.05718,-7.873265],[113.05718,-7.87272],[113.056368,-7.87272],[113.056368,-7.87163],[113.055827,-7.87163],[113.055827,-7.871085],[113.056097,-7.871085],[113.056097,-7.869995],[113.055827,-7.869995],[113.055827,-7.869722],[113.055015,-7.869722],[113.055015,-7.87054],[113.054203,-7.87054],[113.054203,-7.869995],[113.053932,-7.869995],[113.053932,-7.870812],[113.053661,-7.870812],[113.053661,-7.87054],[113.053391,-7.87054],[113.053391,-7.869995],[113.053661,-7.869995],[113.053661,-7.86945],[113.053391,-7.86945],[113.053391,-7.869177],[113.05312,-7.869177],[113.05312,-7.868905],[113.052849,-7.868905],[113.052849,-7.86836],[113.05312,-7.86836],[113.05312,-7.868087],[113.053391,-7.868087],[113.053391,-7.86727],[113.053661,-7.86727],[113.053661,-7.866725],[113.053932,-7.866725],[113.053932,-7.866452],[113.054203,-7.866452],[113.054203,-7.86618],[113.054744,-7.86618],[113.054744,-7.865635],[113.055015,-7.865635],[113.055015,-7.865362],[113.055285,-7.865362],[113.055285,-7.864545],[113.055556,-7.864545],[113.055556,-7.864272],[113.055827,-7.864272],[113.055827,-7.863727],[113.056097,-7.863727],[113.056097,-7.863455],[113.056368,-7.863455],[113.056368,-7.862637],[113.056639,-7.862637],[113.056639,-7.86182],[113.056909,-7.86182],[113.056909,-7.862092],[113.057722,-7.862092],[113.057722,-7.862637],[113.058534,-7.862637],[113.058534,-7.86291],[113.06124,-7.86291],[113.06124,-7.863182],[113.062052,-7.863182],[113.062052,-7.862092],[113.062323,-7.862092],[113.062323,-7.86291],[113.063135,-7.86291],[113.063135,-7.862365],[113.063406,-7.862365],[113.063406,-7.86182],[113.063676,-7.86182],[113.063676,-7.861275],[113.064488,-7.861275],[113.064488,-7.861002],[113.064759,-7.861002],[113.064759,-7.86073],[113.06503,-7.86073],[113.06503,-7.860185],[113.0653,-7.860185],[113.0653,-7.859367],[113.065571,-7.859367],[113.065571,-7.858822],[113.065842,-7.858822],[113.065842,-7.85855],[113.06503,-7.85855],[113.06503,-7.858005],[113.0653,-7.858005],[113.0653,-7.85746],[113.065571,-7.85746],[113.065571,-7.85637],[113.065842,-7.85637],[113.065842,-7.856097],[113.066112,-7.856097],[113.066112,-7.855552],[113.066383,-7.855552],[113.066383,-7.855279],[113.067195,-7.855279],[113.067195,-7.854462],[113.067466,-7.854462],[113.067466,-7.853917],[113.067737,-7.853917],[113.067737,-7.853644],[113.067466,-7.853644],[113.067466,-7.853372],[113.066654,-7.853372],[113.066654,-7.852827],[113.066112,-7.852827],[113.066112,-7.852282],[113.065571,-7.852282],[113.065571,-7.851737],[113.0653,-7.851737],[113.0653,-7.851464],[113.06503,-7.851464],[113.06503,-7.851192],[113.064218,-7.851192],[113.064218,-7.850919],[113.063406,-7.850919],[113.063406,-7.850647],[113.063135,-7.850647],[113.063135,-7.850374],[113.062864,-7.850374],[113.062864,-7.850102],[113.062594,-7.850102],[113.062594,-7.849829],[113.062052,-7.849829],[113.062052,-7.849557],[113.061782,-7.849557],[113.061782,-7.848467],[113.062052,-7.848467],[113.062052,-7.847922],[113.062594,-7.847922],[113.062594,-7.847377],[113.062864,-7.847377],[113.062864,-7.846832],[113.063135,-7.846832],[113.063135,-7.846287],[113.063406,-7.846287],[113.063406,-7.846014],[113.063676,-7.846014],[113.063676,-7.845469],[113.063947,-7.845469],[113.063947,-7.845197],[113.064218,-7.845197],[113.064218,-7.844924],[113.064488,-7.844924],[113.064488,-7.844652],[113.064759,-7.844652],[113.064759,-7.844379],[113.0653,-7.844379],[113.0653,-7.844107],[113.065571,-7.844107],[113.065571,-7.843562],[113.066112,-7.843562],[113.066112,-7.843017],[113.066654,-7.843017],[113.066654,-7.842744],[113.066924,-7.842744],[113.066924,-7.842199],[113.067195,-7.842199],[113.067195,-7.841109],[113.067737,-7.841109],[113.067737,-7.840837],[113.068007,-7.840837],[113.068007,-7.840564],[113.068549,-7.840564],[113.068549,-7.839747],[113.06909,-7.839747],[113.06909,-7.839202],[113.069361,-7.839202],[113.069361,-7.838929],[113.06909,-7.838929],[113.06909,-7.838384],[113.069361,-7.838384],[113.069361,-7.837839],[113.070173,-7.837839],[113.070173,-7.837022],[113.069631,-7.837022],[113.069631,-7.836749],[113.069361,-7.836749],[113.069361,-7.836477],[113.069631,-7.836477],[113.069631,-7.835659],[113.069902,-7.835659],[113.069902,-7.835386],[113.070985,-7.835386],[113.070985,-7.835114],[113.071255,-7.835114],[113.071255,-7.834841],[113.071797,-7.834841],[113.071797,-7.834569],[113.072067,-7.834569],[113.072067,-7.832661],[113.071797,-7.832661],[113.071797,-7.832116],[113.071526,-7.832116],[113.071526,-7.831571],[113.071255,-7.831571],[113.071255,-7.831299],[113.070985,-7.831299],[113.070985,-7.831026],[113.070714,-7.831026],[113.070714,-7.830481],[113.070443,-7.830481],[113.070443,-7.830209],[113.069902,-7.830209],[113.069902,-7.829391],[113.069631,-7.829391],[113.069631,-7.829119],[113.06909,-7.829119],[113.06909,-7.828846],[113.068819,-7.828846],[113.068819,-7.828574],[113.068549,-7.828574],[113.068549,-7.828301],[113.068278,-7.828301],[113.068278,-7.827756],[113.067737,-7.827756],[113.067737,-7.827484],[113.067195,-7.827484],[113.067195,-7.826939],[113.066654,-7.826939],[113.066654,-7.826666],[113.066383,-7.826666],[113.066383,-7.826394],[113.066112,-7.826394],[113.066112,-7.825849],[113.065842,-7.825849],[113.065842,-7.825576],[113.066112,-7.825576],[113.066112,-7.825031],[113.066383,-7.825031],[113.066383,-7.824759],[113.066654,-7.824759],[113.066654,-7.824486],[113.067466,-7.824486],[113.067466,-7.824214],[113.067737,-7.824214],[113.067737,-7.823941],[113.068278,-7.823941],[113.068278,-7.823669],[113.068549,-7.823669],[113.068549,-7.823396],[113.068819,-7.823396],[113.068819,-7.823124],[113.068549,-7.823124],[113.068549,-7.822306],[113.06909,-7.822306],[113.06909,-7.821761],[113.068819,-7.821761],[113.068819,-7.821489],[113.068549,-7.821489],[113.068549,-7.821216],[113.068007,-7.821216],[113.068007,-7.820671],[113.067737,-7.820671],[113.067737,-7.820399],[113.067466,-7.820399],[113.067466,-7.819854],[113.067195,-7.819854],[113.067195,-7.819036],[113.066924,-7.819036],[113.066924,-7.818491],[113.066654,-7.818491],[113.066654,-7.817946],[113.066383,-7.817946],[113.066383,-7.817674],[113.065842,-7.817674],[113.065842,-7.817129],[113.065571,-7.817129],[113.065571,-7.817401],[113.0653,-7.817401],[113.0653,-7.816584],[113.06503,-7.816584],[113.06503,-7.814131],[113.064759,-7.814131],[113.064759,-7.813858],[113.064488,-7.813858],[113.064488,-7.813041],[113.063406,-7.813041],[113.063406,-7.812768],[113.062594,-7.812768],[113.062594,-7.812496],[113.062052,-7.812496],[113.062052,-7.812223],[113.060699,-7.812223],[113.060699,-7.811951],[113.060158,-7.811951],[113.060158,-7.812223],[113.059887,-7.812223],[113.059887,-7.811951],[113.059346,-7.811951],[113.059346,-7.811406],[113.058534,-7.811406],[113.058534,-7.811133],[113.058263,-7.811133],[113.058263,-7.810861],[113.056097,-7.810861]],[[113.013601,-7.848467],[113.013872,-7.848467],[113.013872,-7.848739],[113.013601,-7.848739],[113.013601,-7.848467]],[[113.056639,-7.849829],[113.056909,-7.849829],[113.056909,-7.850102],[113.057722,-7.850102],[113.057722,-7.850919],[113.05718,-7.850919],[113.05718,-7.852282],[113.057722,-7.852282],[113.057722,-7.852827],[113.058263,-7.852827],[113.058263,-7.853644],[113.057992,-7.853644],[113.057992,-7.853372],[113.057722,-7.853372],[113.057722,-7.853644],[113.05718,-7.853644],[113.05718,-7.852827],[113.056909,-7.852827],[113.056909,-7.851737],[113.056368,-7.851737],[113.056368,-7.850374],[113.056639,-7.850374],[113.056639,-7.849829]],[[113.060158,-7.849829],[113.060428,-7.849829],[113.060428,-7.850102],[113.060158,-7.850102],[113.060158,-7.849829]],[[113.057992,-7.850102],[113.058804,-7.850102],[113.058804,-7.850647],[113.058263,-7.850647],[113.058263,-7.850919],[113.057992,-7.850919],[113.057992,-7.850102]],[[113.053661,-7.850647],[113.053932,-7.850647],[113.053932,-7.850919],[113.053661,-7.850919],[113.053661,-7.850647]],[[113.059616,-7.850647],[113.060158,-7.850647],[113.060158,-7.850919],[113.059616,-7.850919],[113.059616,-7.850647]],[[113.055285,-7.850919],[113.055556,-7.850919],[113.055556,-7.851192],[113.055285,-7.851192],[113.055285,-7.850919]],[[113.055556,-7.852009],[113.055827,-7.852009],[113.055827,-7.852554],[113.055556,-7.852554],[113.055556,-7.852009]],[[113.061782,-7.852554],[113.062052,-7.852554],[113.062052,-7.852827],[113.061782,-7.852827],[113.061782,-7.852554]],[[113.05312,-7.852827],[113.053661,-7.852827],[113.053661,-7.853099],[113.05312,-7.853099],[113.05312,-7.852827]],[[113.056097,-7.853099],[113.056368,-7.853099],[113.056368,-7.853372],[113.056097,-7.853372],[113.056097,-7.853099]],[[113.061782,-7.853099],[113.062594,-7.853099],[113.062594,-7.853372],[113.061782,-7.853372],[113.061782,-7.853099]],[[113.062864,-7.853099],[113.063135,-7.853099],[113.063135,-7.853372],[113.062864,-7.853372],[113.062864,-7.853099]],[[113.055556,-7.853644],[113.056097,-7.853644],[113.056097,-7.853917],[113.055556,-7.853917],[113.055556,-7.853644]],[[113.058804,-7.853917],[113.059616,-7.853917],[113.059616,-7.854189],[113.060158,-7.854189],[113.060158,-7.854734],[113.059887,-7.854734],[113.059887,-7.855279],[113.059346,-7.855279],[113.059346,-7.855552],[113.060158,-7.855552],[113.060158,-7.856097],[113.058804,-7.856097],[113.058804,-7.853917]],[[113.056909,-7.854462],[113.05718,-7.854462],[113.05718,-7.854734],[113.056909,-7.854734],[113.056909,-7.854462]],[[113.054744,-7.854734],[113.055285,-7.854734],[113.055285,-7.855007],[113.054744,-7.855007],[113.054744,-7.854734]],[[113.056368,-7.855007],[113.056909,-7.855007],[113.056909,-7.855279],[113.056639,-7.855279],[113.056639,-7.855824],[113.056368,-7.855824],[113.056368,-7.855007]],[[113.058263,-7.855279],[113.058534,-7.855279],[113.058534,-7.855552],[113.058263,-7.855552],[113.058263,-7.855279]],[[113.058534,-7.856097],[113.058804,-7.856097],[113.058804,-7.85637],[113.058534,-7.85637],[113.058534,-7.856097]],[[113.058263,-7.858277],[113.058534,-7.858277],[113.058534,-7.85855],[113.058263,-7.85855],[113.058263,-7.858277]],[[113.06097,-7.85855],[113.06124,-7.85855],[113.06124,-7.858822],[113.06097,-7.858822],[113.06097,-7.85855]],[[113.057722,-7.859095],[113.057992,-7.859095],[113.057992,-7.859367],[113.057722,-7.859367],[113.057722,-7.859095]],[[113.057451,-7.859912],[113.057722,-7.859912],[113.057722,-7.86073],[113.057451,-7.86073],[113.057451,-7.859912]],[[113.063406,-7.860185],[113.063676,-7.860185],[113.063676,-7.86073],[113.063406,-7.86073],[113.063406,-7.860185]],[[113.06097,-7.861275],[113.06124,-7.861275],[113.06124,-7.861547],[113.06097,-7.861547],[113.06097,-7.861275]],[[113.062864,-7.861275],[113.063135,-7.861275],[113.063135,-7.861547],[113.062864,-7.861547],[113.062864,-7.861275]],[[113.062323,-7.86182],[113.062594,-7.86182],[113.062594,-7.862092],[113.062323,-7.862092],[113.062323,-7.86182]],[[113.055827,-7.862637],[113.056097,-7.862637],[113.056097,-7.86291],[113.055827,-7.86291],[113.055827,-7.862637]],[[113.052579,-7.872447],[113.053391,-7.872447],[113.053391,-7.872992],[113.053661,-7.872992],[113.053661,-7.873265],[113.053391,-7.873265],[113.053391,-7.873537],[113.05312,-7.873537],[113.05312,-7.873265],[113.052849,-7.873265],[113.052849,-7.872992],[113.052579,-7.872992],[113.052579,-7.872447]],[[113.054744,-7.8749],[113.055015,-7.8749],[113.055015,-7.875717],[113.054744,-7.875717],[113.054744,-7.8749]],[[113.050955,-7.87599],[113.051225,-7.87599],[113.051225,-7.876263],[113.050955,-7.876263],[113.050955,-7.87599]],[[113.05312,-7.878988],[113.053391,-7.878988],[113.053391,-7.87926],[113.05312,-7.87926],[113.05312,-7.878988]],[[113.053391,-7.881985],[113.053661,-7.881985],[113.053661,-7.882258],[113.053391,-7.882258],[113.053391,-7.881985]],[[113.054473,-7.881985],[113.054744,-7.881985],[113.054744,-7.882258],[113.054473,-7.882258],[113.054473,-7.881985]],[[113.052849,-7.882803],[113.05312,-7.882803],[113.05312,-7.883075],[113.052849,-7.883075],[113.052849,-7.882803]],[[113.053391,-7.883348],[113.053661,-7.883348],[113.053661,-7.883893],[113.053391,-7.883893],[113.053391,-7.883348]],[[113.05312,-7.884165],[113.053391,-7.884165],[113.053391,-7.884438],[113.05312,-7.884438],[113.05312,-7.884165]],[[113.056368,-7.884165],[113.056639,-7.884165],[113.056639,-7.884438],[113.056368,-7.884438],[113.056368,-7.884165]],[[113.055285,-7.88471],[113.055556,-7.88471],[113.055556,-7.884983],[113.055285,-7.884983],[113.055285,-7.88471]]]}},{"type":"Feature","properties":{"fid":942,"DN":3},"geometry":{"type":"Polygon","coordinates":[[[112.94079,-7.890978],[112.94079,-7.891795],[112.941331,-7.891795],[112.941331,-7.892068],[112.942143,-7.892068],[112.942143,-7.891795],[112.941872,-7.891795],[112.941872,-7.89125],[112.941602,-7.89125],[112.941602,-7.890978],[112.94079,-7.890978]]]}},{"type":"Feature","properties":{"fid":943,"DN":3},"geometry":{"type":"Polygon","coordinates":[[[112.943496,-7.891795],[112.943496,-7.892068],[112.944038,-7.892068],[112.944038,-7.891795],[112.943496,-7.891795]]]}},{"type":"Feature","properties":{"fid":944,"DN":3},"geometry":{"type":"Polygon","coordinates":[[[112.94485,-7.891795],[112.94485,-7.892068],[112.94512,-7.892068],[112.94512,-7.891795],[112.94485,-7.891795]]]}},{"type":"Feature","properties":{"fid":945,"DN":3},"geometry":{"type":"Polygon","coordinates":[[[113.043646,-7.891795],[113.043646,-7.892068],[113.044188,-7.892068],[113.044188,-7.891795],[113.043646,-7.891795]]]}},{"type":"Feature","properties":{"fid":946,"DN":2},"geometry":{"type":"Polygon","coordinates":[[[112.963256,-7.883075],[112.963256,-7.883348],[112.962714,-7.883348],[112.962714,-7.88362],[112.961902,-7.88362],[112.961902,-7.883893],[112.961361,-7.883893],[112.961361,-7.884165],[112.96082,-7.884165],[112.96082,-7.884983],[112.960008,-7.884983],[112.960008,-7.885528],[112.959466,-7.885528],[112.959466,-7.8858],[112.958654,-7.8858],[112.958654,-7.886618],[112.958925,-7.886618],[112.958925,-7.887435],[112.958654,-7.887435],[112.958654,-7.887163],[112.958384,-7.887163],[112.958384,-7.887708],[112.958113,-7.887708],[112.958113,-7.888253],[112.957301,-7.888253],[112.957301,-7.88907],[112.956759,-7.88907],[112.956759,-7.889615],[112.956489,-7.889615],[112.956489,-7.889888],[112.956218,-7.889888],[112.956218,-7.89016],[112.955947,-7.89016],[112.955947,-7.890978],[112.955677,-7.890978],[112.955677,-7.891795],[112.955406,-7.891795],[112.955406,-7.89234],[112.955947,-7.89234],[112.955947,-7.891795],[112.956218,-7.891795],[112.956218,-7.890978],[112.956759,-7.890978],[112.956759,-7.890705],[112.95703,-7.890705],[112.95703,-7.890433],[112.957571,-7.890433],[112.957571,-7.89016],[112.958384,-7.89016],[112.958384,-7.889343],[112.958925,-7.889343],[112.958925,-7.88907],[112.959466,-7.88907],[112.959466,-7.888525],[112.959737,-7.888525],[112.959737,-7.888253],[112.96082,-7.888253],[112.96082,-7.88798],[112.96109,-7.88798],[112.96109,-7.887163],[112.961361,-7.887163],[112.961361,-7.886618],[112.961632,-7.886618],[112.961632,-7.886345],[112.962173,-7.886345],[112.962173,-7.886073],[112.962444,-7.886073],[112.962444,-7.8858],[112.963256,-7.8858],[112.963256,-7.885255],[112.962985,-7.885255],[112.962985,-7.885528],[112.962173,-7.885528],[112.962173,-7.8858],[112.961361,-7.8858],[112.961361,-7.88471],[112.961902,-7.88471],[112.961902,-7.884983],[112.962444,-7.884983],[112.962444,-7.884165],[112.963797,-7.884165],[112.963797,-7.883075],[112.963256,-7.883075]],[[112.959737,-7.8858],[112.960008,-7.8858],[112.960008,-7.886073],[112.959737,-7.886073],[112.959737,-7.8858]],[[112.960549,-7.887435],[112.96082,-7.887435],[112.96082,-7.887708],[112.960549,-7.887708],[112.960549,-7.887435]]]}},{"type":"Feature","properties":{"fid":947,"DN":3},"geometry":{"type":"Polygon","coordinates":[[[112.936729,-7.892068],[112.936729,-7.89234],[112.937,-7.89234],[112.937,-7.892068],[112.936729,-7.892068]]]}},{"type":"Feature","properties":{"fid":948,"DN":3},"geometry":{"type":"Polygon","coordinates":[[[112.938624,-7.892068],[112.938624,-7.89234],[112.939166,-7.89234],[112.939166,-7.892068],[112.938624,-7.892068]]]}},{"type":"Feature","properties":{"fid":949,"DN":3},"geometry":{"type":"Polygon","coordinates":[[[112.94512,-7.892068],[112.94512,-7.89234],[112.945662,-7.89234],[112.945662,-7.892068],[112.94512,-7.892068]]]}},{"type":"Feature","properties":{"fid":950,"DN":3},"geometry":{"type":"Polygon","coordinates":[[[113.042834,-7.892068],[113.042834,-7.89234],[113.043646,-7.89234],[113.043646,-7.892068],[113.042834,-7.892068]]]}},{"type":"Feature","properties":{"fid":951,"DN":2},"geometry":{"type":"Polygon","coordinates":[[[112.953511,-7.891795],[112.953511,-7.892613],[112.953782,-7.892613],[112.953782,-7.89234],[112.954053,-7.89234],[112.954053,-7.891795],[112.953511,-7.891795]]]}},{"type":"Feature","properties":{"fid":952,"DN":3},"geometry":{"type":"Polygon","coordinates":[[[112.942414,-7.89234],[112.942414,-7.892613],[112.942684,-7.892613],[112.942684,-7.89234],[112.942414,-7.89234]]]}},{"type":"Feature","properties":{"fid":953,"DN":3},"geometry":{"type":"Polygon","coordinates":[[[112.939436,-7.892613],[112.939436,-7.892885],[112.939707,-7.892885],[112.939707,-7.892613],[112.939436,-7.892613]]]}},{"type":"Feature","properties":{"fid":954,"DN":2},"geometry":{"type":"Polygon","coordinates":[[[112.956759,-7.891523],[112.956759,-7.892885],[112.95703,-7.892885],[112.95703,-7.893158],[112.957301,-7.893158],[112.957301,-7.891523],[112.956759,-7.891523]]]}},{"type":"Feature","properties":{"fid":955,"DN":3},"geometry":{"type":"Polygon","coordinates":[[[112.939707,-7.892885],[112.939707,-7.893158],[112.939978,-7.893158],[112.939978,-7.892885],[112.939707,-7.892885]]]}},{"type":"Feature","properties":{"fid":956,"DN":3},"geometry":{"type":"Polygon","coordinates":[[[112.965692,-7.89125],[112.965692,-7.891795],[112.965421,-7.891795],[112.965421,-7.892068],[112.96515,-7.892068],[112.96515,-7.89343],[112.965421,-7.89343],[112.965421,-7.892885],[112.965692,-7.892885],[112.965692,-7.892068],[112.965962,-7.892068],[112.965962,-7.89125],[112.965692,-7.89125]]]}},{"type":"Feature","properties":{"fid":957,"DN":3},"geometry":{"type":"Polygon","coordinates":[[[112.937,-7.89234],[112.937,-7.892885],[112.937271,-7.892885],[112.937271,-7.893158],[112.937541,-7.893158],[112.937541,-7.89343],[112.937812,-7.89343],[112.937812,-7.892885],[112.937541,-7.892885],[112.937541,-7.89234],[112.937,-7.89234]]]}},{"type":"Feature","properties":{"fid":958,"DN":2},"geometry":{"type":"Polygon","coordinates":[[[112.967586,-7.883893],[112.967586,-7.884165],[112.967045,-7.884165],[112.967045,-7.88471],[112.966774,-7.88471],[112.966774,-7.885255],[112.966504,-7.885255],[112.966504,-7.885528],[112.965692,-7.885528],[112.965692,-7.884983],[112.965962,-7.884983],[112.965962,-7.884165],[112.965692,-7.884165],[112.965692,-7.88471],[112.96488,-7.88471],[112.96488,-7.885255],[112.964609,-7.885255],[112.964609,-7.8858],[112.963526,-7.8858],[112.963526,-7.886073],[112.963256,-7.886073],[112.963256,-7.886618],[112.962985,-7.886618],[112.962985,-7.88689],[112.962173,-7.88689],[112.962173,-7.887435],[112.961632,-7.887435],[112.961632,-7.88798],[112.961361,-7.88798],[112.961361,-7.888253],[112.96109,-7.888253],[112.96109,-7.888525],[112.960008,-7.888525],[112.960008,-7.88907],[112.959466,-7.88907],[112.959466,-7.889343],[112.959196,-7.889343],[112.959196,-7.889888],[112.958925,-7.889888],[112.958925,-7.89016],[112.958654,-7.89016],[112.958654,-7.890433],[112.958384,-7.890433],[112.958384,-7.89125],[112.958654,-7.89125],[112.958654,-7.890978],[112.959196,-7.890978],[112.959196,-7.890705],[112.960008,-7.890705],[112.960008,-7.89125],[112.959196,-7.89125],[112.959196,-7.891523],[112.958654,-7.891523],[112.958654,-7.891795],[112.958384,-7.891795],[112.958384,-7.892613],[112.958113,-7.892613],[112.958113,-7.893158],[112.958384,-7.893158],[112.958384,-7.89343],[112.959196,-7.89343],[112.959196,-7.893158],[112.959466,-7.893158],[112.959466,-7.892885],[112.960278,-7.892885],[112.960278,-7.892613],[112.96082,-7.892613],[112.96082,-7.892068],[112.961361,-7.892068],[112.961361,-7.891795],[112.961632,-7.891795],[112.961632,-7.891523],[112.961902,-7.891523],[112.961902,-7.89125],[112.962173,-7.89125],[112.962173,-7.890978],[112.962985,-7.890978],[112.962985,-7.890705],[112.963256,-7.890705],[112.963256,-7.89016],[112.963797,-7.89016],[112.963797,-7.889888],[112.964068,-7.889888],[112.964068,-7.889343],[112.964609,-7.889343],[112.964609,-7.88907],[112.96488,-7.88907],[112.96488,-7.888525],[112.965421,-7.888525],[112.965421,-7.888253],[112.966774,-7.888253],[112.966774,-7.88798],[112.967857,-7.88798],[112.967857,-7.887708],[112.969211,-7.887708],[112.969211,-7.887163],[112.969481,-7.887163],[112.969481,-7.88689],[112.970835,-7.88689],[112.970835,-7.887163],[112.970564,-7.887163],[112.970564,-7.887708],[112.969752,-7.887708],[112.969752,-7.88798],[112.969481,-7.88798],[112.969481,-7.88907],[112.969211,-7.88907],[112.969211,-7.889615],[112.96894,-7.889615],[112.96894,-7.890433],[112.969211,-7.890433],[112.969211,-7.89016],[112.970835,-7.89016],[112.970835,-7.889615],[112.973271,-7.889615],[112.973271,-7.889343],[112.973541,-7.889343],[112.973541,-7.88907],[112.973812,-7.88907],[112.973812,-7.889343],[112.974083,-7.889343],[112.974083,-7.88907],[112.974353,-7.88907],[112.974353,-7.888525],[112.975165,-7.888525],[112.975165,-7.88798],[112.974624,-7.88798],[112.974624,-7.887708],[112.975165,-7.887708],[112.975165,-7.887163],[112.975707,-7.887163],[112.975707,-7.887435],[112.975977,-7.887435],[112.975977,-7.88689],[112.976519,-7.88689],[112.976519,-7.886618],[112.974895,-7.886618],[112.974895,-7.887163],[112.974353,-7.887163],[112.974353,-7.888253],[112.973812,-7.888253],[112.973812,-7.88689],[112.974624,-7.88689],[112.974624,-7.886618],[112.973812,-7.886618],[112.973812,-7.886345],[112.973271,-7.886345],[112.973271,-7.886073],[112.972459,-7.886073],[112.972459,-7.8858],[112.971376,-7.8858],[112.971376,-7.885528],[112.970564,-7.885528],[112.970564,-7.8858],[112.969211,-7.8858],[112.969211,-7.885528],[112.969752,-7.885528],[112.969752,-7.885255],[112.970835,-7.885255],[112.970835,-7.884983],[112.970564,-7.884983],[112.970564,-7.884438],[112.969752,-7.884438],[112.969752,-7.884983],[112.968128,-7.884983],[112.968128,-7.884438],[112.968669,-7.884438],[112.968669,-7.884165],[112.968399,-7.884165],[112.968399,-7.883893],[112.967586,-7.883893]],[[112.967045,-7.885528],[112.967857,-7.885528],[112.967857,-7.8858],[112.96894,-7.8858],[112.96894,-7.886073],[112.967857,-7.886073],[112.967857,-7.886345],[112.967316,-7.886345],[112.967316,-7.886073],[112.967045,-7.886073],[112.967045,-7.886345],[112.966504,-7.886345],[112.966504,-7.886618],[112.965962,-7.886618],[112.965962,-7.88689],[112.965421,-7.88689],[112.965421,-7.887435],[112.964609,-7.887435],[112.964609,-7.887708],[112.964068,-7.887708],[112.964068,-7.88798],[112.963797,-7.88798],[112.963797,-7.888253],[112.963256,-7.888253],[112.963256,-7.887708],[112.963526,-7.887708],[112.963526,-7.887435],[112.964068,-7.887435],[112.964068,-7.88689],[112.964338,-7.88689],[112.964338,-7.886618],[112.965421,-7.886618],[112.965421,-7.886345],[112.965962,-7.886345],[112.965962,-7.886073],[112.966504,-7.886073],[112.966504,-7.8858],[112.967045,-7.8858],[112.967045,-7.885528]],[[112.965421,-7.8858],[112.965692,-7.8858],[112.965692,-7.886073],[112.965421,-7.886073],[112.965421,-7.8858]],[[112.971647,-7.886345],[112.973,-7.886345],[112.973,-7.886618],[112.971647,-7.886618],[112.971647,-7.886345]],[[112.962173,-7.888253],[112.963256,-7.888253],[112.963256,-7.88907],[112.962444,-7.88907],[112.962444,-7.889888],[112.962173,-7.889888],[112.962173,-7.89016],[112.961902,-7.89016],[112.961902,-7.890433],[112.961632,-7.890433],[112.961632,-7.890705],[112.96082,-7.890705],[112.96082,-7.890433],[112.96109,-7.890433],[112.96109,-7.89016],[112.961361,-7.89016],[112.961361,-7.889888],[112.961632,-7.889888],[112.961632,-7.889343],[112.961902,-7.889343],[112.961902,-7.88907],[112.962173,-7.88907],[112.962173,-7.888253]],[[112.970835,-7.888253],[112.971917,-7.888253],[112.971917,-7.888525],[112.971647,-7.888525],[112.971647,-7.889343],[112.970835,-7.889343],[112.970835,-7.888253]],[[112.973541,-7.888253],[112.973812,-7.888253],[112.973812,-7.888525],[112.973541,-7.888525],[112.973541,-7.888253]]]}},{"type":"Feature","properties":{"fid":959,"DN":2},"geometry":{"type":"Polygon","coordinates":[[[112.962444,-7.891523],[112.962444,-7.891795],[112.962173,-7.891795],[112.962173,-7.892068],[112.961902,-7.892068],[112.961902,-7.892613],[112.961361,-7.892613],[112.961361,-7.89343],[112.962173,-7.89343],[112.962173,-7.893158],[112.962714,-7.893158],[112.962714,-7.892885],[112.962985,-7.892885],[112.962985,-7.89343],[112.963256,-7.89343],[112.963256,-7.892613],[112.962985,-7.892613],[112.962985,-7.892068],[112.963256,-7.892068],[112.963256,-7.891523],[112.962444,-7.891523]]]}},{"type":"Feature","properties":{"fid":960,"DN":2},"geometry":{"type":"Polygon","coordinates":[[[112.963526,-7.892885],[112.963526,-7.89343],[112.963797,-7.89343],[112.963797,-7.892885],[112.963526,-7.892885]]]}},{"type":"Feature","properties":{"fid":961,"DN":3},"geometry":{"type":"Polygon","coordinates":[[[112.939978,-7.893158],[112.939978,-7.89343],[112.940248,-7.89343],[112.940248,-7.893158],[112.939978,-7.893158]]]}},{"type":"Feature","properties":{"fid":962,"DN":3},"geometry":{"type":"Polygon","coordinates":[[[112.94079,-7.89343],[112.94079,-7.893703],[112.94106,-7.893703],[112.94106,-7.89343],[112.94079,-7.89343]]]}},{"type":"Feature","properties":{"fid":963,"DN":2},"geometry":{"type":"Polygon","coordinates":[[[112.962714,-7.89343],[112.962714,-7.893975],[112.962985,-7.893975],[112.962985,-7.89343],[112.962714,-7.89343]]]}},{"type":"Feature","properties":{"fid":964,"DN":2},"geometry":{"type":"Polygon","coordinates":[[[112.968399,-7.88798],[112.968399,-7.888253],[112.967316,-7.888253],[112.967316,-7.888525],[112.966774,-7.888525],[112.966774,-7.88907],[112.965421,-7.88907],[112.965421,-7.889343],[112.96488,-7.889343],[112.96488,-7.889615],[112.964338,-7.889615],[112.964338,-7.89016],[112.964068,-7.89016],[112.964068,-7.890433],[112.963797,-7.890433],[112.963797,-7.890705],[112.963526,-7.890705],[112.963526,-7.890978],[112.963797,-7.890978],[112.963797,-7.89125],[112.964068,-7.89125],[112.964068,-7.890978],[112.964338,-7.890978],[112.964338,-7.890705],[112.965421,-7.890705],[112.965421,-7.890978],[112.96488,-7.890978],[112.96488,-7.891523],[112.964609,-7.891523],[112.964609,-7.891795],[112.964338,-7.891795],[112.964338,-7.892885],[112.964068,-7.892885],[112.964068,-7.894248],[112.964338,-7.894248],[112.964338,-7.893703],[112.964609,-7.893703],[112.964609,-7.89343],[112.96515,-7.89343],[112.96515,-7.893703],[112.965421,-7.893703],[112.965421,-7.893975],[112.965962,-7.893975],[112.965962,-7.893158],[112.966233,-7.893158],[112.966233,-7.891795],[112.966504,-7.891795],[112.966504,-7.891523],[112.966774,-7.891523],[112.966774,-7.890978],[112.967045,-7.890978],[112.967045,-7.890433],[112.967316,-7.890433],[112.967316,-7.89016],[112.967857,-7.89016],[112.967857,-7.88907],[112.968399,-7.88907],[112.968399,-7.889343],[112.968128,-7.889343],[112.968128,-7.890433],[112.967857,-7.890433],[112.967857,-7.890705],[112.968399,-7.890705],[112.968399,-7.890433],[112.968669,-7.890433],[112.968669,-7.88907],[112.96894,-7.88907],[112.96894,-7.888525],[112.969211,-7.888525],[112.969211,-7.888253],[112.968669,-7.888253],[112.968669,-7.88798],[112.968399,-7.88798]],[[112.966233,-7.889343],[112.966774,-7.889343],[112.966774,-7.89016],[112.966504,-7.89016],[112.966504,-7.890978],[112.966233,-7.890978],[112.966233,-7.89125],[112.965962,-7.89125],[112.965962,-7.890705],[112.966233,-7.890705],[112.966233,-7.889343]],[[112.965421,-7.890433],[112.965692,-7.890433],[112.965692,-7.890705],[112.965421,-7.890705],[112.965421,-7.890433]],[[112.965692,-7.89125],[112.965962,-7.89125],[112.965962,-7.892068],[112.965692,-7.892068],[112.965692,-7.892885],[112.965421,-7.892885],[112.965421,-7.89343],[112.96515,-7.89343],[112.96515,-7.892068],[112.965421,-7.892068],[112.965421,-7.891795],[112.965692,-7.891795],[112.965692,-7.89125]]]}},{"type":"Feature","properties":{"fid":965,"DN":2},"geometry":{"type":"Polygon","coordinates":[[[112.96082,-7.893703],[112.96082,-7.893975],[112.961632,-7.893975],[112.961632,-7.894248],[112.962173,-7.894248],[112.962173,-7.893975],[112.961902,-7.893975],[112.961902,-7.893703],[112.96082,-7.893703]]]}},{"type":"Feature","properties":{"fid":966,"DN":3},"geometry":{"type":"Polygon","coordinates":[[[112.931316,-7.893975],[112.931316,-7.894248],[112.931587,-7.894248],[112.931587,-7.893975],[112.931316,-7.893975]]]}},{"type":"Feature","properties":{"fid":967,"DN":3},"geometry":{"type":"Polygon","coordinates":[[[112.943496,-7.89452],[112.943496,-7.894793],[112.943767,-7.894793],[112.943767,-7.89452],[112.943496,-7.89452]]]}},{"type":"Feature","properties":{"fid":968,"DN":3},"geometry":{"type":"Polygon","coordinates":[[[112.931857,-7.895065],[112.931857,-7.895338],[112.932128,-7.895338],[112.932128,-7.895065],[112.931857,-7.895065]]]}},{"type":"Feature","properties":{"fid":969,"DN":3},"geometry":{"type":"Polygon","coordinates":[[[112.943767,-7.894793],[112.943767,-7.895065],[112.943496,-7.895065],[112.943496,-7.895338],[112.944038,-7.895338],[112.944038,-7.894793],[112.943767,-7.894793]]]}},{"type":"Feature","properties":{"fid":970,"DN":3},"geometry":{"type":"Polygon","coordinates":[[[113.04527,-7.895065],[113.04527,-7.895338],[113.045541,-7.895338],[113.045541,-7.895065],[113.04527,-7.895065]]]}},{"type":"Feature","properties":{"fid":971,"DN":3},"geometry":{"type":"Polygon","coordinates":[[[112.934023,-7.892885],[112.934023,-7.893158],[112.933481,-7.893158],[112.933481,-7.89343],[112.933752,-7.89343],[112.933752,-7.893975],[112.934023,-7.893975],[112.934023,-7.895338],[112.934293,-7.895338],[112.934293,-7.89561],[112.934835,-7.89561],[112.934835,-7.895338],[112.934564,-7.895338],[112.934564,-7.89452],[112.934293,-7.89452],[112.934293,-7.893158],[112.934564,-7.893158],[112.934564,-7.892885],[112.934023,-7.892885]]]}},{"type":"Feature","properties":{"fid":972,"DN":3},"geometry":{"type":"Polygon","coordinates":[[[112.931587,-7.895338],[112.931587,-7.89561],[112.931857,-7.89561],[112.931857,-7.895338],[112.931587,-7.895338]]]}},{"type":"Feature","properties":{"fid":973,"DN":3},"geometry":{"type":"Polygon","coordinates":[[[112.944308,-7.895338],[112.944308,-7.89561],[112.944579,-7.89561],[112.944579,-7.895338],[112.944308,-7.895338]]]}},{"type":"Feature","properties":{"fid":974,"DN":4},"geometry":{"type":"Polygon","coordinates":[[[112.985722,-7.895338],[112.985722,-7.89561],[112.985992,-7.89561],[112.985992,-7.895338],[112.985722,-7.895338]]]}},{"type":"Feature","properties":{"fid":975,"DN":3},"geometry":{"type":"Polygon","coordinates":[[[112.942955,-7.89561],[112.942955,-7.895883],[112.943226,-7.895883],[112.943226,-7.89561],[112.942955,-7.89561]]]}},{"type":"Feature","properties":{"fid":976,"DN":4},"geometry":{"type":"Polygon","coordinates":[[[112.989782,-7.89561],[112.989782,-7.895883],[112.990053,-7.895883],[112.990053,-7.89561],[112.989782,-7.89561]]]}},{"type":"Feature","properties":{"fid":977,"DN":3},"geometry":{"type":"Polygon","coordinates":[[[113.035526,-7.895883],[113.035526,-7.896155],[113.036879,-7.896155],[113.036879,-7.895883],[113.035526,-7.895883]]]}},{"type":"Feature","properties":{"fid":978,"DN":3},"geometry":{"type":"Polygon","coordinates":[[[112.943496,-7.895883],[112.943496,-7.896155],[112.943767,-7.896155],[112.943767,-7.896428],[112.944308,-7.896428],[112.944308,-7.896155],[112.944038,-7.896155],[112.944038,-7.895883],[112.943496,-7.895883]]]}},{"type":"Feature","properties":{"fid":979,"DN":3},"geometry":{"type":"Polygon","coordinates":[[[113.04527,-7.896155],[113.04527,-7.896701],[113.045541,-7.896701],[113.045541,-7.896155],[113.04527,-7.896155]]]}},{"type":"Feature","properties":{"fid":980,"DN":3},"geometry":{"type":"Polygon","coordinates":[[[112.927256,-7.896701],[112.927256,-7.896973],[112.927526,-7.896973],[112.927526,-7.896701],[112.927256,-7.896701]]]}},{"type":"Feature","properties":{"fid":981,"DN":4},"geometry":{"type":"Polygon","coordinates":[[[112.984098,-7.896701],[112.984098,-7.896973],[112.984639,-7.896973],[112.984639,-7.896701],[112.984098,-7.896701]]]}},{"type":"Feature","properties":{"fid":982,"DN":2},"geometry":{"type":"Polygon","coordinates":[[[113.033902,-7.896701],[113.033902,-7.896973],[113.034173,-7.896973],[113.034173,-7.896701],[113.033902,-7.896701]]]}},{"type":"Feature","properties":{"fid":983,"DN":3},"geometry":{"type":"Polygon","coordinates":[[[112.944308,-7.896428],[112.944308,-7.896701],[112.944579,-7.896701],[112.944579,-7.897246],[112.94485,-7.897246],[112.94485,-7.896428],[112.944308,-7.896428]]]}},{"type":"Feature","properties":{"fid":984,"DN":3},"geometry":{"type":"Polygon","coordinates":[[[112.94485,-7.897246],[112.94485,-7.897518],[112.945391,-7.897518],[112.945391,-7.897246],[112.94485,-7.897246]]]}},{"type":"Feature","properties":{"fid":985,"DN":2},"geometry":{"type":"Polygon","coordinates":[[[113.033361,-7.897246],[113.033361,-7.897518],[113.033902,-7.897518],[113.033902,-7.897246],[113.033361,-7.897246]]]}},{"type":"Feature","properties":{"fid":986,"DN":3},"geometry":{"type":"Polygon","coordinates":[[[112.931857,-7.896973],[112.931857,-7.897518],[112.932128,-7.897518],[112.932128,-7.897791],[112.932399,-7.897791],[112.932399,-7.897518],[112.932669,-7.897518],[112.932669,-7.897246],[112.932399,-7.897246],[112.932399,-7.896973],[112.931857,-7.896973]]]}},{"type":"Feature","properties":{"fid":987,"DN":3},"geometry":{"type":"Polygon","coordinates":[[[112.948369,-7.897246],[112.948369,-7.897518],[112.948639,-7.897518],[112.948639,-7.897791],[112.94891,-7.897791],[112.94891,-7.897246],[112.948369,-7.897246]]]}},{"type":"Feature","properties":{"fid":988,"DN":3},"geometry":{"type":"Polygon","coordinates":[[[112.92888,-7.897518],[112.92888,-7.897791],[112.929151,-7.897791],[112.929151,-7.897518],[112.92888,-7.897518]]]}},{"type":"Feature","properties":{"fid":989,"DN":2},"geometry":{"type":"Polygon","coordinates":[[[113.037421,-7.897518],[113.037421,-7.897791],[113.037692,-7.897791],[113.037692,-7.897518],[113.037421,-7.897518]]]}},{"type":"Feature","properties":{"fid":990,"DN":3},"geometry":{"type":"Polygon","coordinates":[[[112.945932,-7.897791],[112.945932,-7.898336],[112.946474,-7.898336],[112.946474,-7.898063],[112.946203,-7.898063],[112.946203,-7.897791],[112.945932,-7.897791]]]}},{"type":"Feature","properties":{"fid":991,"DN":4},"geometry":{"type":"Polygon","coordinates":[[[112.988429,-7.898063],[112.988429,-7.898336],[112.988699,-7.898336],[112.988699,-7.898063],[112.988429,-7.898063]]]}},{"type":"Feature","properties":{"fid":992,"DN":3},"geometry":{"type":"Polygon","coordinates":[[[113.045,-7.898063],[113.045,-7.898336],[113.04527,-7.898336],[113.04527,-7.898063],[113.045,-7.898063]]]}},{"type":"Feature","properties":{"fid":993,"DN":3},"geometry":{"type":"Polygon","coordinates":[[[113.040669,-7.897791],[113.040669,-7.898608],[113.04094,-7.898608],[113.04094,-7.898336],[113.041481,-7.898336],[113.041481,-7.897791],[113.040669,-7.897791]]]}},{"type":"Feature","properties":{"fid":994,"DN":2},"geometry":{"type":"Polygon","coordinates":[[[112.938083,-7.898336],[112.938083,-7.898608],[112.938354,-7.898608],[112.938354,-7.898336],[112.938083,-7.898336]]]}},{"type":"Feature","properties":{"fid":995,"DN":3},"geometry":{"type":"Polygon","coordinates":[[[112.946744,-7.898336],[112.946744,-7.898608],[112.947286,-7.898608],[112.947286,-7.898336],[112.946744,-7.898336]]]}},{"type":"Feature","properties":{"fid":996,"DN":4},"geometry":{"type":"Polygon","coordinates":[[[112.990323,-7.898336],[112.990323,-7.898608],[112.990865,-7.898608],[112.990865,-7.898336],[112.990323,-7.898336]]]}},{"type":"Feature","properties":{"fid":997,"DN":3},"geometry":{"type":"Polygon","coordinates":[[[113.034443,-7.898336],[113.034443,-7.898608],[113.034714,-7.898608],[113.034714,-7.898336],[113.034443,-7.898336]]]}},{"type":"Feature","properties":{"fid":998,"DN":3},"geometry":{"type":"Polygon","coordinates":[[[113.044729,-7.898336],[113.044729,-7.898608],[113.045,-7.898608],[113.045,-7.898336],[113.044729,-7.898336]]]}},{"type":"Feature","properties":{"fid":999,"DN":3},"geometry":{"type":"Polygon","coordinates":[[[113.034985,-7.898608],[113.034985,-7.898881],[113.034714,-7.898881],[113.034714,-7.899153],[113.035526,-7.899153],[113.035526,-7.898881],[113.035255,-7.898881],[113.035255,-7.898608],[113.034985,-7.898608]]]}},{"type":"Feature","properties":{"fid":1000,"DN":4},"geometry":{"type":"Polygon","coordinates":[[[113.031466,-7.899153],[113.031466,-7.899426],[113.032007,-7.899426],[113.032007,-7.899153],[113.031466,-7.899153]]]}},{"type":"Feature","properties":{"fid":1001,"DN":2},"geometry":{"type":"Polygon","coordinates":[[[112.934293,-7.898608],[112.934293,-7.898881],[112.934023,-7.898881],[112.934023,-7.899698],[112.934835,-7.899698],[112.934835,-7.898881],[112.934564,-7.898881],[112.934564,-7.898608],[112.934293,-7.898608]]]}},{"type":"Feature","properties":{"fid":1002,"DN":2},"geometry":{"type":"Polygon","coordinates":[[[112.944038,-7.899153],[112.944038,-7.899698],[112.94485,-7.899698],[112.94485,-7.899153],[112.944038,-7.899153]]]}},{"type":"Feature","properties":{"fid":1003,"DN":2},"geometry":{"type":"Polygon","coordinates":[[[112.909662,-7.822851],[112.909662,-7.823124],[112.909121,-7.823124],[112.909121,-7.823396],[112.908309,-7.823396],[112.908309,-7.823669],[112.906684,-7.823669],[112.906684,-7.824214],[112.904248,-7.824214],[112.904248,-7.824486],[112.903978,-7.824486],[112.903978,-7.825304],[112.904248,-7.825304],[112.904248,-7.827484],[112.904519,-7.827484],[112.904519,-7.827756],[112.904248,-7.827756],[112.904248,-7.828029],[112.904519,-7.828029],[112.904519,-7.828301],[112.90479,-7.828301],[112.90479,-7.828574],[112.906143,-7.828574],[112.906143,-7.828846],[112.907496,-7.828846],[112.907496,-7.829119],[112.907767,-7.829119],[112.907767,-7.829936],[112.908038,-7.829936],[112.908038,-7.831571],[112.908579,-7.831571],[112.908579,-7.832661],[112.90885,-7.832661],[112.90885,-7.832934],[112.909121,-7.832934],[112.909121,-7.833206],[112.909391,-7.833206],[112.909391,-7.833751],[112.909662,-7.833751],[112.909662,-7.834296],[112.909933,-7.834296],[112.909933,-7.835114],[112.909662,-7.835114],[112.909662,-7.836477],[112.909933,-7.836477],[112.909933,-7.837022],[112.910203,-7.837022],[112.910203,-7.837567],[112.909933,-7.837567],[112.909933,-7.837839],[112.909662,-7.837839],[112.909662,-7.838929],[112.909933,-7.838929],[112.909933,-7.840292],[112.910203,-7.840292],[112.910203,-7.841109],[112.909933,-7.841109],[112.909933,-7.843289],[112.911557,-7.843289],[112.911557,-7.843562],[112.911827,-7.843562],[112.911827,-7.844924],[112.912098,-7.844924],[112.912098,-7.845469],[112.912369,-7.845469],[112.912369,-7.845742],[112.91291,-7.845742],[112.91291,-7.846014],[112.912369,-7.846014],[112.912369,-7.846287],[112.912098,-7.846287],[112.912098,-7.846832],[112.91291,-7.846832],[112.91291,-7.847104],[112.913181,-7.847104],[112.913181,-7.847377],[112.913451,-7.847377],[112.913451,-7.847649],[112.913722,-7.847649],[112.913722,-7.848194],[112.913993,-7.848194],[112.913993,-7.849829],[112.913722,-7.849829],[112.913722,-7.850102],[112.913181,-7.850102],[112.913181,-7.850374],[112.913451,-7.850374],[112.913451,-7.851192],[112.91291,-7.851192],[112.91291,-7.851464],[112.912639,-7.851464],[112.912639,-7.851737],[112.91291,-7.851737],[112.91291,-7.853099],[112.912639,-7.853099],[112.912639,-7.853644],[112.912098,-7.853644],[112.912098,-7.853917],[112.911827,-7.853917],[112.911827,-7.854734],[112.912639,-7.854734],[112.912639,-7.855279],[112.91291,-7.855279],[112.91291,-7.855552],[112.913181,-7.855552],[112.913181,-7.856097],[112.913722,-7.856097],[112.913722,-7.856642],[112.913993,-7.856642],[112.913993,-7.85746],[112.913722,-7.85746],[112.913722,-7.858005],[112.913181,-7.858005],[112.913181,-7.858277],[112.91291,-7.858277],[112.91291,-7.858822],[112.912639,-7.858822],[112.912639,-7.859095],[112.912369,-7.859095],[112.912369,-7.85964],[112.91291,-7.85964],[112.91291,-7.859912],[112.913181,-7.859912],[112.913181,-7.861547],[112.913451,-7.861547],[112.913451,-7.86182],[112.913722,-7.86182],[112.913722,-7.862092],[112.913993,-7.862092],[112.913993,-7.862365],[112.914805,-7.862365],[112.914805,-7.864545],[112.914263,-7.864545],[112.914263,-7.86509],[112.913993,-7.86509],[112.913993,-7.866997],[112.913722,-7.866997],[112.913722,-7.867542],[112.913993,-7.867542],[112.913993,-7.867815],[112.914805,-7.867815],[112.914805,-7.86836],[112.915075,-7.86836],[112.915075,-7.868632],[112.915346,-7.868632],[112.915346,-7.86945],[112.915617,-7.86945],[112.915617,-7.869722],[112.915887,-7.869722],[112.915887,-7.869995],[112.916429,-7.869995],[112.916429,-7.870812],[112.917241,-7.870812],[112.917241,-7.87163],[112.917511,-7.87163],[112.917511,-7.872175],[112.917782,-7.872175],[112.917782,-7.872447],[112.918324,-7.872447],[112.918324,-7.87272],[112.919406,-7.87272],[112.919406,-7.872992],[112.920218,-7.872992],[112.920218,-7.873537],[112.920489,-7.873537],[112.920489,-7.87381],[112.92076,-7.87381],[112.92076,-7.874082],[112.922384,-7.874082],[112.922384,-7.874355],[112.922654,-7.874355],[112.922654,-7.875172],[112.923737,-7.875172],[112.923737,-7.875445],[112.92482,-7.875445],[112.92482,-7.875717],[112.92509,-7.875717],[112.92509,-7.87599],[112.925632,-7.87599],[112.925632,-7.876263],[112.925902,-7.876263],[112.925902,-7.876808],[112.925632,-7.876808],[112.925632,-7.876535],[112.92509,-7.876535],[112.92509,-7.876263],[112.92482,-7.876263],[112.92482,-7.87599],[112.924278,-7.87599],[112.924278,-7.878443],[112.922925,-7.878443],[112.922925,-7.87817],[112.922654,-7.87817],[112.922654,-7.87708],[112.922384,-7.87708],[112.922384,-7.876808],[112.921842,-7.876808],[112.921842,-7.876535],[112.92076,-7.876535],[112.92076,-7.876808],[112.920489,-7.876808],[112.920489,-7.877898],[112.920218,-7.877898],[112.920218,-7.878443],[112.918594,-7.878443],[112.918594,-7.878715],[112.917782,-7.878715],[112.917782,-7.878988],[112.917241,-7.878988],[112.917241,-7.88035],[112.91697,-7.88035],[112.91697,-7.880895],[112.916699,-7.880895],[112.916699,-7.881168],[112.916158,-7.881168],[112.916158,-7.88144],[112.915617,-7.88144],[112.915617,-7.881168],[112.915346,-7.881168],[112.915346,-7.880895],[112.914805,-7.880895],[112.914805,-7.88144],[112.914263,-7.88144],[112.914263,-7.881713],[112.913451,-7.881713],[112.913451,-7.881985],[112.913181,-7.881985],[112.913181,-7.882258],[112.91291,-7.882258],[112.91291,-7.88253],[112.912098,-7.88253],[112.912098,-7.882803],[112.910745,-7.882803],[112.910745,-7.883075],[112.910474,-7.883075],[112.910474,-7.883348],[112.909933,-7.883348],[112.909933,-7.88362],[112.909662,-7.88362],[112.909662,-7.884165],[112.909391,-7.884165],[112.909391,-7.884438],[112.907496,-7.884438],[112.907496,-7.884983],[112.906143,-7.884983],[112.906143,-7.885255],[112.905602,-7.885255],[112.905602,-7.885528],[112.90506,-7.885528],[112.90506,-7.8858],[112.904519,-7.8858],[112.904519,-7.88798],[112.90506,-7.88798],[112.90506,-7.888525],[112.905331,-7.888525],[112.905331,-7.88907],[112.905602,-7.88907],[112.905602,-7.889615],[112.905872,-7.889615],[112.905872,-7.890433],[112.906414,-7.890433],[112.906414,-7.890705],[112.906684,-7.890705],[112.906684,-7.890978],[112.907226,-7.890978],[112.907226,-7.891795],[112.907496,-7.891795],[112.907496,-7.892068],[112.908038,-7.892068],[112.908038,-7.892613],[112.908309,-7.892613],[112.908309,-7.89343],[112.90885,-7.89343],[112.90885,-7.893703],[112.909662,-7.893703],[112.909662,-7.894793],[112.909933,-7.894793],[112.909933,-7.897518],[112.910203,-7.897518],[112.910203,-7.897791],[112.910474,-7.897791],[112.910474,-7.898608],[112.911286,-7.898608],[112.911286,-7.899698],[112.933211,-7.899698],[112.933211,-7.898881],[112.933481,-7.898881],[112.933481,-7.898608],[112.932669,-7.898608],[112.932669,-7.898063],[112.933481,-7.898063],[112.933481,-7.898336],[112.933752,-7.898336],[112.933752,-7.898063],[112.934023,-7.898063],[112.934023,-7.897791],[112.933481,-7.897791],[112.933481,-7.897518],[112.933211,-7.897518],[112.933211,-7.897246],[112.932669,-7.897246],[112.932669,-7.896155],[112.932399,-7.896155],[112.932399,-7.895883],[112.932128,-7.895883],[112.932128,-7.895338],[112.932399,-7.895338],[112.932399,-7.89561],[112.932669,-7.89561],[112.932669,-7.894793],[112.932399,-7.894793],[112.932399,-7.894248],[112.932669,-7.894248],[112.932669,-7.89452],[112.933752,-7.89452],[112.933752,-7.895338],[112.933481,-7.895338],[112.933481,-7.896155],[112.934023,-7.896155],[112.934023,-7.896701],[112.934293,-7.896701],[112.934293,-7.896973],[112.934835,-7.896973],[112.934835,-7.896155],[112.935105,-7.896155],[112.935105,-7.895883],[112.934835,-7.895883],[112.934835,-7.89561],[112.935105,-7.89561],[112.935105,-7.895338],[112.935647,-7.895338],[112.935647,-7.895065],[112.935105,-7.895065],[112.935105,-7.89452],[112.934835,-7.89452],[112.934835,-7.893703],[112.935105,-7.893703],[112.935105,-7.894248],[112.935647,-7.894248],[112.935647,-7.89452],[112.936459,-7.89452],[112.936459,-7.894248],[112.936188,-7.894248],[112.936188,-7.893703],[112.935647,-7.893703],[112.935647,-7.893158],[112.935105,-7.893158],[112.935105,-7.892885],[112.935376,-7.892885],[112.935376,-7.892613],[112.936188,-7.892613],[112.936188,-7.892885],[112.936459,-7.892885],[112.936459,-7.893703],[112.937271,-7.893703],[112.937271,-7.894248],[112.937541,-7.894248],[112.937541,-7.89452],[112.938083,-7.89452],[112.938083,-7.893703],[112.937812,-7.893703],[112.937812,-7.89343],[112.938895,-7.89343],[112.938895,-7.893703],[112.939166,-7.893703],[112.939166,-7.894248],[112.938354,-7.894248],[112.938354,-7.89452],[112.939707,-7.89452],[112.939707,-7.894793],[112.941331,-7.894793],[112.941331,-7.89452],[112.94106,-7.89452],[112.94106,-7.893703],[112.941331,-7.893703],[112.941331,-7.893975],[112.941602,-7.893975],[112.941602,-7.89452],[112.941872,-7.89452],[112.941872,-7.894793],[112.942414,-7.894793],[112.942414,-7.895338],[112.941872,-7.895338],[112.941872,-7.895065],[112.941331,-7.895065],[112.941331,-7.895338],[112.941602,-7.895338],[112.941602,-7.89561],[112.941872,-7.89561],[112.941872,-7.896973],[112.942143,-7.896973],[112.942143,-7.897246],[112.942414,-7.897246],[112.942414,-7.897518],[112.942955,-7.897518],[112.942955,-7.897791],[112.943226,-7.897791],[112.943226,-7.898063],[112.943767,-7.898063],[112.943767,-7.898336],[112.94485,-7.898336],[112.94485,-7.898608],[112.945391,-7.898608],[112.945391,-7.898881],[112.945662,-7.898881],[112.945662,-7.899153],[112.946203,-7.899153],[112.946203,-7.899426],[112.947827,-7.899426],[112.947827,-7.899153],[112.948098,-7.899153],[112.948098,-7.899426],[112.948369,-7.899426],[112.948369,-7.898881],[112.94891,-7.898881],[112.94891,-7.899153],[112.949451,-7.899153],[112.949451,-7.874355],[112.949722,-7.874355],[112.949722,-7.8749],[112.949993,-7.8749],[112.949993,-7.875172],[112.950263,-7.875172],[112.950263,-7.875445],[112.950534,-7.875445],[112.950534,-7.8749],[112.950263,-7.8749],[112.950263,-7.874355],[112.949993,-7.874355],[112.949993,-7.872992],[112.949722,-7.872992],[112.949722,-7.87272],[112.949451,-7.87272],[112.949451,-7.870812],[112.949993,-7.870812],[112.949993,-7.870267],[112.950263,-7.870267],[112.950263,-7.869722],[112.949993,-7.869722],[112.949993,-7.86945],[112.949451,-7.86945],[112.949451,-7.867815],[112.949722,-7.867815],[112.949722,-7.86727],[112.949993,-7.86727],[112.949993,-7.867542],[112.950263,-7.867542],[112.950263,-7.866997],[112.950805,-7.866997],[112.950805,-7.866725],[112.950534,-7.866725],[112.950534,-7.866452],[112.950263,-7.866452],[112.950263,-7.865907],[112.949993,-7.865907],[112.949993,-7.865635],[112.949722,-7.865635],[112.949722,-7.86509],[112.949451,-7.86509],[112.949451,-7.864817],[112.950534,-7.864817],[112.950534,-7.86509],[112.950263,-7.86509],[112.950263,-7.865635],[112.950534,-7.865635],[112.950534,-7.865907],[112.950805,-7.865907],[112.950805,-7.865635],[112.951075,-7.865635],[112.951075,-7.86509],[112.951617,-7.86509],[112.951617,-7.865635],[112.951887,-7.865635],[112.951887,-7.86509],[112.952158,-7.86509],[112.952158,-7.864817],[112.951887,-7.864817],[112.951887,-7.864272],[112.952158,-7.864272],[112.952158,-7.864],[112.951887,-7.864],[112.951887,-7.863727],[112.951617,-7.863727],[112.951617,-7.863182],[112.951075,-7.863182],[112.951075,-7.86291],[112.951617,-7.86291],[112.951617,-7.862637],[112.951887,-7.862637],[112.951887,-7.863182],[112.952699,-7.863182],[112.952699,-7.864],[112.953241,-7.864],[112.953241,-7.864272],[112.954053,-7.864272],[112.954053,-7.864],[112.953511,-7.864],[112.953511,-7.863727],[112.953241,-7.863727],[112.953241,-7.863455],[112.953511,-7.863455],[112.953511,-7.863182],[112.954053,-7.863182],[112.954053,-7.863455],[112.954323,-7.863455],[112.954323,-7.863182],[112.954594,-7.863182],[112.954594,-7.863455],[112.954865,-7.863455],[112.954865,-7.863727],[112.955406,-7.863727],[112.955406,-7.865362],[112.955677,-7.865362],[112.955677,-7.865907],[112.955947,-7.865907],[112.955947,-7.865362],[112.956489,-7.865362],[112.956489,-7.864545],[112.956759,-7.864545],[112.956759,-7.864],[112.955947,-7.864],[112.955947,-7.863182],[112.956489,-7.863182],[112.956489,-7.862637],[112.956759,-7.862637],[112.956759,-7.862365],[112.957301,-7.862365],[112.957301,-7.86182],[112.957842,-7.86182],[112.957842,-7.861547],[112.958113,-7.861547],[112.958113,-7.862092],[112.959196,-7.862092],[112.959196,-7.862365],[112.959466,-7.862365],[112.959466,-7.86182],[112.959737,-7.86182],[112.959737,-7.861547],[112.960549,-7.861547],[112.960549,-7.862092],[112.96082,-7.862092],[112.96082,-7.862637],[112.961632,-7.862637],[112.961632,-7.862365],[112.961902,-7.862365],[112.961902,-7.862637],[112.962173,-7.862637],[112.962173,-7.862092],[112.962444,-7.862092],[112.962444,-7.86291],[112.962714,-7.86291],[112.962714,-7.863727],[112.962444,-7.863727],[112.962444,-7.864],[112.961902,-7.864],[112.961902,-7.864545],[112.962444,-7.864545],[112.962444,-7.864817],[112.96488,-7.864817],[112.96488,-7.864272],[112.964609,-7.864272],[112.964609,-7.864545],[112.964068,-7.864545],[112.964068,-7.864272],[112.964338,-7.864272],[112.964338,-7.863727],[112.964609,-7.863727],[112.964609,-7.86291],[112.96488,-7.86291],[112.96488,-7.863455],[112.96515,-7.863455],[112.96515,-7.863182],[112.965421,-7.863182],[112.965421,-7.862637],[112.965692,-7.862637],[112.965692,-7.864],[112.966233,-7.864],[112.966233,-7.864272],[112.966504,-7.864272],[112.966504,-7.86291],[112.966774,-7.86291],[112.966774,-7.864272],[112.967045,-7.864272],[112.967045,-7.863727],[112.967586,-7.863727],[112.967586,-7.863182],[112.967857,-7.863182],[112.967857,-7.86291],[112.968399,-7.86291],[112.968399,-7.862637],[112.96894,-7.862637],[112.96894,-7.86291],[112.969211,-7.86291],[112.969211,-7.862637],[112.969752,-7.862637],[112.969752,-7.864272],[112.970293,-7.864272],[112.970293,-7.864545],[112.970023,-7.864545],[112.970023,-7.864817],[112.970564,-7.864817],[112.970564,-7.86509],[112.971105,-7.86509],[112.971105,-7.865635],[112.971376,-7.865635],[112.971376,-7.865362],[112.971647,-7.865362],[112.971647,-7.865635],[112.972188,-7.865635],[112.972188,-7.866452],[112.971917,-7.866452],[112.971917,-7.866725],[112.971647,-7.866725],[112.971647,-7.866997],[112.971917,-7.866997],[112.971917,-7.86727],[112.972188,-7.86727],[112.972188,-7.867815],[112.971917,-7.867815],[112.971917,-7.868087],[112.971647,-7.868087],[112.971647,-7.86836],[112.971376,-7.86836],[112.971376,-7.869177],[112.971105,-7.869177],[112.971105,-7.86945],[112.970564,-7.86945],[112.970564,-7.869995],[112.970293,-7.869995],[112.970293,-7.870267],[112.969752,-7.870267],[112.969752,-7.869995],[112.969211,-7.869995],[112.969211,-7.870267],[112.96894,-7.870267],[112.96894,-7.87054],[112.969481,-7.87054],[112.969481,-7.870812],[112.969752,-7.870812],[112.969752,-7.87054],[112.970023,-7.87054],[112.970023,-7.870812],[112.970564,-7.870812],[112.970564,-7.871085],[112.971105,-7.871085],[112.971105,-7.87054],[112.971917,-7.87054],[112.971917,-7.870267],[112.971647,-7.870267],[112.971647,-7.869995],[112.971917,-7.869995],[112.971917,-7.869722],[112.972459,-7.869722],[112.972459,-7.869995],[112.972188,-7.869995],[112.972188,-7.870267],[112.972459,-7.870267],[112.972459,-7.87054],[112.972729,-7.87054],[112.972729,-7.869995],[112.973,-7.869995],[112.973,-7.869722],[112.973541,-7.869722],[112.973541,-7.86945],[112.973,-7.86945],[112.973,-7.869177],[112.973541,-7.869177],[112.973541,-7.868087],[112.973,-7.868087],[112.973,-7.86727],[112.973541,-7.86727],[112.973541,-7.866725],[112.973,-7.866725],[112.973,-7.865907],[112.973541,-7.865907],[112.973541,-7.865362],[112.973271,-7.865362],[112.973271,-7.864],[112.974353,-7.864],[112.974353,-7.863455],[112.974895,-7.863455],[112.974895,-7.864],[112.975165,-7.864],[112.975165,-7.865362],[112.975707,-7.865362],[112.975707,-7.865907],[112.976248,-7.865907],[112.976248,-7.86618],[112.975977,-7.86618],[112.975977,-7.867815],[112.976248,-7.867815],[112.976248,-7.868087],[112.976519,-7.868087],[112.976519,-7.867542],[112.978414,-7.867542],[112.978414,-7.868087],[112.978684,-7.868087],[112.978684,-7.867815],[112.979226,-7.867815],[112.979226,-7.867542],[112.979496,-7.867542],[112.979496,-7.86727],[112.979767,-7.86727],[112.979767,-7.866997],[112.980038,-7.866997],[112.980038,-7.866725],[112.979496,-7.866725],[112.979496,-7.865907],[112.980038,-7.865907],[112.980038,-7.865635],[112.980308,-7.865635],[112.980308,-7.865907],[112.980579,-7.865907],[112.980579,-7.866452],[112.98112,-7.866452],[112.98112,-7.86727],[112.981932,-7.86727],[112.981932,-7.866452],[112.981662,-7.866452],[112.981662,-7.866997],[112.981391,-7.866997],[112.981391,-7.865907],[112.981932,-7.865907],[112.981932,-7.865635],[112.983015,-7.865635],[112.983015,-7.865362],[112.983556,-7.865362],[112.983556,-7.86618],[112.983015,-7.86618],[112.983015,-7.865907],[112.982203,-7.865907],[112.982203,-7.866452],[112.982474,-7.866452],[112.982474,-7.866997],[112.983015,-7.866997],[112.983015,-7.86727],[112.982744,-7.86727],[112.982744,-7.867542],[112.982203,-7.867542],[112.982203,-7.867815],[112.981391,-7.867815],[112.981391,-7.868087],[112.98112,-7.868087],[112.98112,-7.869722],[112.98085,-7.869722],[112.98085,-7.870267],[112.980308,-7.870267],[112.980308,-7.87054],[112.980038,-7.87054],[112.980038,-7.870812],[112.979767,-7.870812],[112.979767,-7.87163],[112.979226,-7.87163],[112.979226,-7.872175],[112.978955,-7.872175],[112.978955,-7.872447],[112.978684,-7.872447],[112.978684,-7.873537],[112.977872,-7.873537],[112.977872,-7.87381],[112.977601,-7.87381],[112.977601,-7.874082],[112.978414,-7.874082],[112.978414,-7.874627],[112.978684,-7.874627],[112.978684,-7.875445],[112.979496,-7.875445],[112.979496,-7.875717],[112.978955,-7.875717],[112.978955,-7.876263],[112.979226,-7.876263],[112.979226,-7.877353],[112.979496,-7.877353],[112.979496,-7.877898],[112.978955,-7.877898],[112.978955,-7.877625],[112.978414,-7.877625],[112.978414,-7.876808],[112.977601,-7.876808],[112.977601,-7.877625],[112.978143,-7.877625],[112.978143,-7.877898],[112.978414,-7.877898],[112.978414,-7.87817],[112.978955,-7.87817],[112.978955,-7.878443],[112.979767,-7.878443],[112.979767,-7.878715],[112.979226,-7.878715],[112.979226,-7.878988],[112.979496,-7.878988],[112.979496,-7.87926],[112.98085,-7.87926],[112.98085,-7.880078],[112.980579,-7.880078],[112.980579,-7.88035],[112.981662,-7.88035],[112.981662,-7.880623],[112.982203,-7.880623],[112.982203,-7.880078],[112.982474,-7.880078],[112.982474,-7.879533],[112.983556,-7.879533],[112.983556,-7.880623],[112.984368,-7.880623],[112.984368,-7.88035],[112.986263,-7.88035],[112.986263,-7.87926],[112.986534,-7.87926],[112.986534,-7.878988],[112.987075,-7.878988],[112.987075,-7.878443],[112.987887,-7.878443],[112.987887,-7.87817],[112.988158,-7.87817],[112.988158,-7.878988],[112.98897,-7.878988],[112.98897,-7.87926],[112.988699,-7.87926],[112.988699,-7.879533],[112.98897,-7.879533],[112.98897,-7.879805],[112.989782,-7.879805],[112.989782,-7.879533],[112.989511,-7.879533],[112.989511,-7.87926],[112.989782,-7.87926],[112.989782,-7.878988],[112.990323,-7.878988],[112.990323,-7.878715],[112.990865,-7.878715],[112.990865,-7.878443],[112.991135,-7.878443],[112.991135,-7.87817],[112.990594,-7.87817],[112.990594,-7.878443],[112.989782,-7.878443],[112.989782,-7.878715],[112.98897,-7.878715],[112.98897,-7.87817],[112.989241,-7.87817],[112.989241,-7.877353],[112.988699,-7.877353],[112.988699,-7.875717],[112.98897,-7.875717],[112.98897,-7.875172],[112.989782,-7.875172],[112.989782,-7.876263],[112.990053,-7.876263],[112.990053,-7.87599],[112.990594,-7.87599],[112.990594,-7.875717],[112.990865,-7.875717],[112.990865,-7.87599],[112.991406,-7.87599],[112.991406,-7.875717],[112.991135,-7.875717],[112.991135,-7.875172],[112.991406,-7.875172],[112.991406,-7.875445],[112.991947,-7.875445],[112.991947,-7.875172],[112.992218,-7.875172],[112.992218,-7.875445],[112.99303,-7.875445],[112.99303,-7.875717],[112.992218,-7.875717],[112.992218,-7.87599],[112.991947,-7.87599],[112.991947,-7.876535],[112.991677,-7.876535],[112.991677,-7.876808],[112.991406,-7.876808],[112.991406,-7.87708],[112.991135,-7.87708],[112.991135,-7.877353],[112.990865,-7.877353],[112.990865,-7.877898],[112.991677,-7.877898],[112.991677,-7.878988],[112.991947,-7.878988],[112.991947,-7.878715],[112.992759,-7.878715],[112.992759,-7.878443],[112.99303,-7.878443],[112.99303,-7.87926],[112.992759,-7.87926],[112.992759,-7.880078],[112.992218,-7.880078],[112.992218,-7.880623],[112.993301,-7.880623],[112.993301,-7.880078],[112.993571,-7.880078],[112.993571,-7.879805],[112.993842,-7.879805],[112.993842,-7.878715],[112.993301,-7.878715],[112.993301,-7.87817],[112.993571,-7.87817],[112.993571,-7.877898],[112.993842,-7.877898],[112.993842,-7.876808],[112.994113,-7.876808],[112.994113,-7.875717],[112.994383,-7.875717],[112.994383,-7.875445],[112.994654,-7.875445],[112.994654,-7.8749],[112.995737,-7.8749],[112.995737,-7.874627],[112.996278,-7.874627],[112.996278,-7.87381],[112.996549,-7.87381],[112.996549,-7.873537],[112.996819,-7.873537],[112.996819,-7.873265],[112.997361,-7.873265],[112.997361,-7.872992],[112.998444,-7.872992],[112.998444,-7.872175],[112.998714,-7.872175],[112.998714,-7.871902],[112.998985,-7.871902],[112.998985,-7.87163],[112.999526,-7.87163],[112.999526,-7.871902],[112.999797,-7.871902],[112.999797,-7.871085],[112.999256,-7.871085],[112.999256,-7.870812],[112.998444,-7.870812],[112.998444,-7.87054],[112.998985,-7.87054],[112.998985,-7.86945],[113.00088,-7.86945],[113.00088,-7.869177],[113.00115,-7.869177],[113.00115,-7.868905],[113.001421,-7.868905],[113.001421,-7.868087],[113.001962,-7.868087],[113.001962,-7.867815],[113.002504,-7.867815],[113.002504,-7.86727],[113.003316,-7.86727],[113.003316,-7.866997],[113.003586,-7.866997],[113.003586,-7.866725],[113.003857,-7.866725],[113.003857,-7.866452],[113.004128,-7.866452],[113.004128,-7.86618],[113.004398,-7.86618],[113.004398,-7.865907],[113.004669,-7.865907],[113.004669,-7.865635],[113.00494,-7.865635],[113.00494,-7.865362],[113.006022,-7.865362],[113.006022,-7.864817],[113.006293,-7.864817],[113.006293,-7.864545],[113.006564,-7.864545],[113.006564,-7.864],[113.006293,-7.864],[113.006293,-7.863727],[113.006564,-7.863727],[113.006564,-7.86291],[113.006834,-7.86291],[113.006834,-7.863455],[113.007105,-7.863455],[113.007105,-7.863727],[113.007376,-7.863727],[113.007376,-7.863455],[113.007647,-7.863455],[113.007647,-7.863182],[113.008188,-7.863182],[113.008188,-7.86291],[113.009,-7.86291],[113.009,-7.862092],[113.009271,-7.862092],[113.009271,-7.86182],[113.010083,-7.86182],[113.010083,-7.861275],[113.010624,-7.861275],[113.010624,-7.861002],[113.010895,-7.861002],[113.010895,-7.86073],[113.011436,-7.86073],[113.011436,-7.860457],[113.011977,-7.860457],[113.011977,-7.860185],[113.012519,-7.860185],[113.012519,-7.85964],[113.012789,-7.85964],[113.012789,-7.859367],[113.013331,-7.859367],[113.013331,-7.859095],[113.013601,-7.859095],[113.013601,-7.858822],[113.014143,-7.858822],[113.014143,-7.858277],[113.014413,-7.858277],[113.014413,-7.858005],[113.014684,-7.858005],[113.014684,-7.857732],[113.015767,-7.857732],[113.015767,-7.856642],[113.016037,-7.856642],[113.016037,-7.85637],[113.016579,-7.85637],[113.016579,-7.856097],[113.016849,-7.856097],[113.016849,-7.85637],[113.01712,-7.85637],[113.01712,-7.855824],[113.017391,-7.855824],[113.017391,-7.855552],[113.017662,-7.855552],[113.017662,-7.855279],[113.018203,-7.855279],[113.018203,-7.854734],[113.017932,-7.854734],[113.017932,-7.854462],[113.018474,-7.854462],[113.018474,-7.853917],[113.018744,-7.853917],[113.018744,-7.853644],[113.019015,-7.853644],[113.019015,-7.853372],[113.019286,-7.853372],[113.019286,-7.853099],[113.019556,-7.853099],[113.019556,-7.852827],[113.020098,-7.852827],[113.020098,-7.852554],[113.02118,-7.852554],[113.02118,-7.851737],[113.021992,-7.851737],[113.021992,-7.851464],[113.022263,-7.851464],[113.022263,-7.851192],[113.022804,-7.851192],[113.022804,-7.852827],[113.022534,-7.852827],[113.022534,-7.853644],[113.021992,-7.853644],[113.021992,-7.854189],[113.021722,-7.854189],[113.021722,-7.854462],[113.022263,-7.854462],[113.022263,-7.854734],[113.022534,-7.854734],[113.022534,-7.855279],[113.022804,-7.855279],[113.022804,-7.855824],[113.021992,-7.855824],[113.021992,-7.856097],[113.021722,-7.856097],[113.021722,-7.85637],[113.021451,-7.85637],[113.021451,-7.856642],[113.02118,-7.856642],[113.02118,-7.856915],[113.02091,-7.856915],[113.02091,-7.857187],[113.020639,-7.857187],[113.020639,-7.85746],[113.020098,-7.85746],[113.020098,-7.858277],[113.019827,-7.858277],[113.019827,-7.85855],[113.019556,-7.85855],[113.019556,-7.858277],[113.019286,-7.858277],[113.019286,-7.85855],[113.019015,-7.85855],[113.019015,-7.859095],[113.019286,-7.859095],[113.019286,-7.859912],[113.019015,-7.859912],[113.019015,-7.860457],[113.018744,-7.860457],[113.018744,-7.86073],[113.018474,-7.86073],[113.018474,-7.861002],[113.018203,-7.861002],[113.018203,-7.860457],[113.017662,-7.860457],[113.017662,-7.86073],[113.017391,-7.86073],[113.017391,-7.861002],[113.017662,-7.861002],[113.017662,-7.861547],[113.017391,-7.861547],[113.017391,-7.862637],[113.018203,-7.862637],[113.018203,-7.862365],[113.018474,-7.862365],[113.018474,-7.86182],[113.019015,-7.86182],[113.019015,-7.86073],[113.019286,-7.86073],[113.019286,-7.861547],[113.019556,-7.861547],[113.019556,-7.861275],[113.019827,-7.861275],[113.019827,-7.861002],[113.020098,-7.861002],[113.020098,-7.860457],[113.020368,-7.860457],[113.020368,-7.860185],[113.02091,-7.860185],[113.02091,-7.85964],[113.02118,-7.85964],[113.02118,-7.859367],[113.021992,-7.859367],[113.021992,-7.859912],[113.021722,-7.859912],[113.021722,-7.860185],[113.02118,-7.860185],[113.02118,-7.86073],[113.02091,-7.86073],[113.02091,-7.861002],[113.020639,-7.861002],[113.020639,-7.861275],[113.020098,-7.861275],[113.020098,-7.861547],[113.019827,-7.861547],[113.019827,-7.86182],[113.019556,-7.86182],[113.019556,-7.862092],[113.019286,-7.862092],[113.019286,-7.863182],[113.019556,-7.863182],[113.019556,-7.862637],[113.020368,-7.862637],[113.020368,-7.863182],[113.020639,-7.863182],[113.020639,-7.862365],[113.02091,-7.862365],[113.02091,-7.862092],[113.021451,-7.862092],[113.021451,-7.86182],[113.021722,-7.86182],[113.021722,-7.861547],[113.021992,-7.861547],[113.021992,-7.861275],[113.022263,-7.861275],[113.022263,-7.861002],[113.023075,-7.861002],[113.023075,-7.86073],[113.023346,-7.86073],[113.023346,-7.859912],[113.023616,-7.859912],[113.023616,-7.85964],[113.024158,-7.85964],[113.024158,-7.86073],[113.023887,-7.86073],[113.023887,-7.861002],[113.023616,-7.861002],[113.023616,-7.861275],[113.023346,-7.861275],[113.023346,-7.861547],[113.023075,-7.861547],[113.023075,-7.86182],[113.022263,-7.86182],[113.022263,-7.862365],[113.021992,-7.862365],[113.021992,-7.862637],[113.02118,-7.862637],[113.02118,-7.863182],[113.02091,-7.863182],[113.02091,-7.864],[113.02118,-7.864],[113.02118,-7.863727],[113.021722,-7.863727],[113.021722,-7.863455],[113.021992,-7.863455],[113.021992,-7.863182],[113.022263,-7.863182],[113.022263,-7.862637],[113.023075,-7.862637],[113.023075,-7.862365],[113.023346,-7.862365],[113.023346,-7.86182],[113.023616,-7.86182],[113.023616,-7.861547],[113.023887,-7.861547],[113.023887,-7.861275],[113.024158,-7.861275],[113.024158,-7.861002],[113.02497,-7.861002],[113.02497,-7.86182],[113.025782,-7.86182],[113.025782,-7.862092],[113.026052,-7.862092],[113.026052,-7.862365],[113.026323,-7.862365],[113.026323,-7.862637],[113.026594,-7.862637],[113.026594,-7.86291],[113.026864,-7.86291],[113.026864,-7.864272],[113.027135,-7.864272],[113.027135,-7.864817],[113.027677,-7.864817],[113.027677,-7.86509],[113.027947,-7.86509],[113.027947,-7.864817],[113.028218,-7.864817],[113.028218,-7.864],[113.028489,-7.864],[113.028489,-7.863727],[113.028759,-7.863727],[113.028759,-7.86291],[113.02903,-7.86291],[113.02903,-7.862637],[113.029301,-7.862637],[113.029301,-7.862092],[113.029571,-7.862092],[113.029571,-7.861547],[113.029301,-7.861547],[113.029301,-7.861275],[113.029571,-7.861275],[113.029571,-7.859912],[113.029301,-7.859912],[113.029301,-7.860185],[113.028759,-7.860185],[113.028759,-7.859912],[113.02903,-7.859912],[113.02903,-7.85964],[113.029842,-7.85964],[113.029842,-7.859912],[113.030383,-7.859912],[113.030383,-7.860185],[113.030925,-7.860185],[113.030925,-7.860457],[113.031466,-7.860457],[113.031466,-7.860185],[113.032007,-7.860185],[113.032007,-7.859367],[113.032278,-7.859367],[113.032278,-7.859912],[113.032819,-7.859912],[113.032819,-7.85964],[113.03309,-7.85964],[113.03309,-7.858822],[113.033361,-7.858822],[113.033361,-7.859912],[113.033631,-7.859912],[113.033631,-7.860185],[113.033361,-7.860185],[113.033361,-7.860457],[113.032819,-7.860457],[113.032819,-7.861002],[113.032278,-7.861002],[113.032278,-7.86182],[113.032819,-7.86182],[113.032819,-7.861547],[113.03309,-7.861547],[113.03309,-7.861275],[113.033361,-7.861275],[113.033361,-7.861002],[113.033631,-7.861002],[113.033631,-7.86073],[113.034173,-7.86073],[113.034173,-7.860457],[113.034443,-7.860457],[113.034443,-7.859912],[113.035255,-7.859912],[113.035255,-7.85964],[113.035526,-7.85964],[113.035526,-7.860185],[113.036338,-7.860185],[113.036338,-7.86073],[113.036609,-7.86073],[113.036609,-7.861547],[113.036067,-7.861547],[113.036067,-7.861275],[113.035797,-7.861275],[113.035797,-7.86182],[113.036338,-7.86182],[113.036338,-7.862092],[113.036609,-7.862092],[113.036609,-7.862365],[113.037692,-7.862365],[113.037692,-7.863455],[113.03715,-7.863455],[113.03715,-7.864545],[113.036879,-7.864545],[113.036879,-7.86509],[113.03715,-7.86509],[113.03715,-7.864817],[113.037692,-7.864817],[113.037692,-7.86509],[113.037962,-7.86509],[113.037962,-7.865362],[113.037692,-7.865362],[113.037692,-7.865635],[113.03715,-7.865635],[113.03715,-7.86618],[113.037421,-7.86618],[113.037421,-7.866452],[113.036879,-7.866452],[113.036879,-7.866725],[113.036609,-7.866725],[113.036609,-7.866997],[113.036338,-7.866997],[113.036338,-7.86727],[113.036067,-7.86727],[113.036067,-7.868087],[113.035797,-7.868087],[113.035797,-7.86836],[113.035255,-7.86836],[113.035255,-7.868632],[113.034985,-7.868632],[113.034985,-7.86945],[113.035255,-7.86945],[113.035255,-7.870267],[113.035526,-7.870267],[113.035526,-7.869995],[113.035797,-7.869995],[113.035797,-7.869722],[113.036067,-7.869722],[113.036067,-7.869995],[113.036609,-7.869995],[113.036609,-7.869722],[113.037421,-7.869722],[113.037421,-7.86945],[113.037692,-7.86945],[113.037692,-7.868632],[113.037962,-7.868632],[113.037962,-7.86836],[113.038233,-7.86836],[113.038233,-7.868632],[113.038504,-7.868632],[113.038504,-7.86836],[113.038774,-7.86836],[113.038774,-7.868087],[113.039045,-7.868087],[113.039045,-7.869177],[113.039586,-7.869177],[113.039586,-7.868905],[113.040398,-7.868905],[113.040398,-7.869177],[113.039857,-7.869177],[113.039857,-7.869722],[113.039586,-7.869722],[113.039586,-7.870267],[113.040128,-7.870267],[113.040128,-7.87054],[113.04094,-7.87054],[113.04094,-7.870812],[113.040669,-7.870812],[113.040669,-7.871085],[113.04121,-7.871085],[113.04121,-7.871357],[113.042022,-7.871357],[113.042022,-7.87163],[113.043646,-7.87163],[113.043646,-7.871902],[113.043917,-7.871902],[113.043917,-7.872992],[113.043646,-7.872992],[113.043646,-7.873537],[113.043376,-7.873537],[113.043376,-7.874082],[113.043105,-7.874082],[113.043105,-7.874355],[113.042834,-7.874355],[113.042834,-7.874627],[113.043105,-7.874627],[113.043105,-7.8749],[113.042834,-7.8749],[113.042834,-7.87599],[113.042564,-7.87599],[113.042564,-7.876263],[113.042293,-7.876263],[113.042293,-7.876535],[113.041752,-7.876535],[113.041752,-7.876808],[113.042834,-7.876808],[113.042834,-7.87708],[113.042293,-7.87708],[113.042293,-7.877353],[113.04121,-7.877353],[113.04121,-7.877898],[113.04094,-7.877898],[113.04094,-7.87817],[113.040398,-7.87817],[113.040398,-7.878443],[113.040128,-7.878443],[113.040128,-7.878715],[113.039857,-7.878715],[113.039857,-7.878988],[113.039316,-7.878988],[113.039316,-7.87926],[113.039857,-7.87926],[113.039857,-7.879533],[113.039316,-7.879533],[113.039316,-7.879805],[113.039045,-7.879805],[113.039045,-7.88035],[113.038774,-7.88035],[113.038774,-7.880895],[113.039045,-7.880895],[113.039045,-7.88144],[113.039316,-7.88144],[113.039316,-7.881168],[113.040128,-7.881168],[113.040128,-7.880895],[113.040398,-7.880895],[113.040398,-7.880078],[113.04121,-7.880078],[113.04121,-7.879805],[113.041481,-7.879805],[113.041481,-7.879533],[113.042293,-7.879533],[113.042293,-7.87926],[113.043917,-7.87926],[113.043917,-7.879805],[113.044729,-7.879805],[113.044729,-7.880078],[113.045,-7.880078],[113.045,-7.880623],[113.044188,-7.880623],[113.044188,-7.880078],[113.043376,-7.880078],[113.043376,-7.880623],[113.042834,-7.880623],[113.042834,-7.880895],[113.042564,-7.880895],[113.042564,-7.881168],[113.042293,-7.881168],[113.042293,-7.881713],[113.041481,-7.881713],[113.041481,-7.882258],[113.04121,-7.882258],[113.04121,-7.88253],[113.04094,-7.88253],[113.04094,-7.882803],[113.040398,-7.882803],[113.040398,-7.883348],[113.039857,-7.883348],[113.039857,-7.88471],[113.040128,-7.88471],[113.040128,-7.884983],[113.040398,-7.884983],[113.040398,-7.885255],[113.040128,-7.885255],[113.040128,-7.886073],[113.039857,-7.886073],[113.039857,-7.887435],[113.039586,-7.887435],[113.039586,-7.888525],[113.039045,-7.888525],[113.039045,-7.88907],[113.038774,-7.88907],[113.038774,-7.889615],[113.039045,-7.889615],[113.039045,-7.89016],[113.039857,-7.89016],[113.039857,-7.889615],[113.040669,-7.889615],[113.040669,-7.889888],[113.040398,-7.889888],[113.040398,-7.89016],[113.040128,-7.89016],[113.040128,-7.890433],[113.039857,-7.890433],[113.039857,-7.890705],[113.039586,-7.890705],[113.039586,-7.891523],[113.038774,-7.891523],[113.038774,-7.891795],[113.038504,-7.891795],[113.038504,-7.892068],[113.038233,-7.892068],[113.038233,-7.891795],[113.037421,-7.891795],[113.037421,-7.89234],[113.035797,-7.89234],[113.035797,-7.892885],[113.036067,-7.892885],[113.036067,-7.89343],[113.036338,-7.89343],[113.036338,-7.893703],[113.035797,-7.893703],[113.035797,-7.893975],[113.035255,-7.893975],[113.035255,-7.894248],[113.034985,-7.894248],[113.034985,-7.89452],[113.034714,-7.89452],[113.034714,-7.894793],[113.03309,-7.894793],[113.03309,-7.896155],[113.033902,-7.896155],[113.033902,-7.89561],[113.034714,-7.89561],[113.034714,-7.895883],[113.034443,-7.895883],[113.034443,-7.896428],[113.034714,-7.896428],[113.034714,-7.896155],[113.034985,-7.896155],[113.034985,-7.896701],[113.035797,-7.896701],[113.035797,-7.897518],[113.035526,-7.897518],[113.035526,-7.897791],[113.033902,-7.897791],[113.033902,-7.898608],[113.034443,-7.898608],[113.034443,-7.898881],[113.034173,-7.898881],[113.034173,-7.899153],[113.034714,-7.899153],[113.034714,-7.898881],[113.034985,-7.898881],[113.034985,-7.898608],[113.035255,-7.898608],[113.035255,-7.898881],[113.035526,-7.898881],[113.035526,-7.899153],[113.035797,-7.899153],[113.035797,-7.897791],[113.036338,-7.897791],[113.036338,-7.898881],[113.036609,-7.898881],[113.036609,-7.898608],[113.036879,-7.898608],[113.036879,-7.897791],[113.03715,-7.897791],[113.03715,-7.896428],[113.037421,-7.896428],[113.037421,-7.896973],[113.037692,-7.896973],[113.037692,-7.897518],[113.037962,-7.897518],[113.037962,-7.897791],[113.038504,-7.897791],[113.038504,-7.898063],[113.038774,-7.898063],[113.038774,-7.898608],[113.038504,-7.898608],[113.038504,-7.899426],[113.039857,-7.899426],[113.039857,-7.898608],[113.040128,-7.898608],[113.040128,-7.898336],[113.040398,-7.898336],[113.040398,-7.898608],[113.040669,-7.898608],[113.040669,-7.899153],[113.040398,-7.899153],[113.040398,-7.899426],[113.045812,-7.899426],[113.045812,-7.898881],[113.046624,-7.898881],[113.046624,-7.898336],[113.046894,-7.898336],[113.046894,-7.897518],[113.047165,-7.897518],[113.047165,-7.896973],[113.047436,-7.896973],[113.047436,-7.896428],[113.047977,-7.896428],[113.047977,-7.896973],[113.048789,-7.896973],[113.048789,-7.896428],[113.04906,-7.896428],[113.04906,-7.895065],[113.049331,-7.895065],[113.049331,-7.894793],[113.049601,-7.894793],[113.049601,-7.884438],[113.050143,-7.884438],[113.050143,-7.884983],[113.049872,-7.884983],[113.049872,-7.885528],[113.050143,-7.885528],[113.050143,-7.886345],[113.050413,-7.886345],[113.050413,-7.8858],[113.050684,-7.8858],[113.050684,-7.88471],[113.050413,-7.88471],[113.050413,-7.884438],[113.050955,-7.884438],[113.050955,-7.88362],[113.050413,-7.88362],[113.050413,-7.884165],[113.049872,-7.884165],[113.049872,-7.883893],[113.050143,-7.883893],[113.050143,-7.88362],[113.049601,-7.88362],[113.049601,-7.883075],[113.050143,-7.883075],[113.050143,-7.882803],[113.049601,-7.882803],[113.049601,-7.880895],[113.050413,-7.880895],[113.050413,-7.88035],[113.050684,-7.88035],[113.050684,-7.880078],[113.051225,-7.880078],[113.051225,-7.88035],[113.051767,-7.88035],[113.051767,-7.880895],[113.051225,-7.880895],[113.051225,-7.881168],[113.050684,-7.881168],[113.050684,-7.882803],[113.050413,-7.882803],[113.050413,-7.883075],[113.050955,-7.883075],[113.050955,-7.88253],[113.051225,-7.88253],[113.051225,-7.883075],[113.051767,-7.883075],[113.051767,-7.882803],[113.052308,-7.882803],[113.052308,-7.88035],[113.052579,-7.88035],[113.052579,-7.879805],[113.052849,-7.879805],[113.052849,-7.878988],[113.05312,-7.878988],[113.05312,-7.878715],[113.053391,-7.878715],[113.053391,-7.877353],[113.053661,-7.877353],[113.053661,-7.876808],[113.053391,-7.876808],[113.053391,-7.87708],[113.05312,-7.87708],[113.05312,-7.876535],[113.053391,-7.876535],[113.053391,-7.876263],[113.053661,-7.876263],[113.053661,-7.875717],[113.05312,-7.875717],[113.05312,-7.875172],[113.052849,-7.875172],[113.052849,-7.874627],[113.05312,-7.874627],[113.05312,-7.8749],[113.053661,-7.8749],[113.053661,-7.873537],[113.053391,-7.873537],[113.053391,-7.874082],[113.05312,-7.874082],[113.05312,-7.87381],[113.052579,-7.87381],[113.052579,-7.874082],[113.052308,-7.874082],[113.052308,-7.87381],[113.051496,-7.87381],[113.051496,-7.873537],[113.051225,-7.873537],[113.051225,-7.874082],[113.051496,-7.874082],[113.051496,-7.874627],[113.052037,-7.874627],[113.052037,-7.8749],[113.052579,-7.8749],[113.052579,-7.875717],[113.052849,-7.875717],[113.052849,-7.876808],[113.052579,-7.876808],[113.052579,-7.87708],[113.052037,-7.87708],[113.052037,-7.876808],[113.051496,-7.876808],[113.051496,-7.878715],[113.052037,-7.878715],[113.052037,-7.878988],[113.052308,-7.878988],[113.052308,-7.87926],[113.052037,-7.87926],[113.052037,-7.879533],[113.051225,-7.879533],[113.051225,-7.879805],[113.050955,-7.879805],[113.050955,-7.87926],[113.050413,-7.87926],[113.050413,-7.879805],[113.050143,-7.879805],[113.050143,-7.87926],[113.049601,-7.87926],[113.049601,-7.872992],[113.049331,-7.872992],[113.049331,-7.860185],[113.04906,-7.860185],[113.04906,-7.860457],[113.048789,-7.860457],[113.048789,-7.859912],[113.049331,-7.859912],[113.049331,-7.849284],[113.027135,-7.849284],[113.027135,-7.849557],[113.027947,-7.849557],[113.027947,-7.849829],[113.027135,-7.849829],[113.027135,-7.850374],[113.026594,-7.850374],[113.026594,-7.849829],[113.026323,-7.849829],[113.026323,-7.849557],[113.026052,-7.849557],[113.026052,-7.849284],[113.019827,-7.849284],[113.019827,-7.849557],[113.019556,-7.849557],[113.019556,-7.850374],[113.019286,-7.850374],[113.019286,-7.850102],[113.018474,-7.850102],[113.018474,-7.850374],[113.017391,-7.850374],[113.017391,-7.850102],[113.017662,-7.850102],[113.017662,-7.849284],[113.013601,-7.849284],[113.013601,-7.848739],[113.01306,-7.848739],[113.01306,-7.849557],[113.008188,-7.849557],[113.008188,-7.849829],[113.007917,-7.849829],[113.007917,-7.850102],[113.007647,-7.850102],[113.007647,-7.850374],[113.007376,-7.850374],[113.007376,-7.849829],[113.006834,-7.849829],[113.006834,-7.849557],[113.00494,-7.849557],[113.00494,-7.849829],[113.004669,-7.849829],[113.004669,-7.849557],[112.98518,-7.849557],[112.98518,-7.849284],[112.98491,-7.849284],[112.98491,-7.849557],[112.981662,-7.849557],[112.981662,-7.849829],[112.98112,-7.849829],[112.98112,-7.850102],[112.98085,-7.850102],[112.98085,-7.855279],[112.981391,-7.855279],[112.981391,-7.855824],[112.980579,-7.855824],[112.980579,-7.857187],[112.980308,-7.857187],[112.980308,-7.857732],[112.979767,-7.857732],[112.979767,-7.85746],[112.979496,-7.85746],[112.979496,-7.856642],[112.980038,-7.856642],[112.980038,-7.85637],[112.980308,-7.85637],[112.980308,-7.855824],[112.979226,-7.855824],[112.979226,-7.856097],[112.976519,-7.856097],[112.976519,-7.855552],[112.973,-7.855552],[112.973,-7.856097],[112.972729,-7.856097],[112.972729,-7.855824],[112.970023,-7.855824],[112.970023,-7.856097],[112.968128,-7.856097],[112.968128,-7.855007],[112.967857,-7.855007],[112.967857,-7.855279],[112.967586,-7.855279],[112.967586,-7.854734],[112.968128,-7.854734],[112.968128,-7.851737],[112.967857,-7.851737],[112.967857,-7.851464],[112.968128,-7.851464],[112.968128,-7.850647],[112.967857,-7.850647],[112.967857,-7.849829],[112.968128,-7.849829],[112.968128,-7.849557],[112.965692,-7.849557],[112.965692,-7.849012],[112.96515,-7.849012],[112.96515,-7.849284],[112.96488,-7.849284],[112.96488,-7.849012],[112.964609,-7.849012],[112.964609,-7.849557],[112.963797,-7.849557],[112.963797,-7.849829],[112.963256,-7.849829],[112.963256,-7.850374],[112.962985,-7.850374],[112.962985,-7.849557],[112.958654,-7.849557],[112.958654,-7.850647],[112.958384,-7.850647],[112.958384,-7.851192],[112.958113,-7.851192],[112.958113,-7.850102],[112.957842,-7.850102],[112.957842,-7.849557],[112.955406,-7.849557],[112.955406,-7.849829],[112.954053,-7.849829],[112.954053,-7.849284],[112.953511,-7.849284],[112.953511,-7.849829],[112.951075,-7.849829],[112.951075,-7.847922],[112.950805,-7.847922],[112.950805,-7.846559],[112.950534,-7.846559],[112.950534,-7.845742],[112.950263,-7.845742],[112.950263,-7.844379],[112.949993,-7.844379],[112.949993,-7.843834],[112.949451,-7.843834],[112.949451,-7.843562],[112.949181,-7.843562],[112.949181,-7.835659],[112.94891,-7.835659],[112.94891,-7.835931],[112.948639,-7.835931],[112.948639,-7.836749],[112.948369,-7.836749],[112.948369,-7.837022],[112.948098,-7.837022],[112.948098,-7.837294],[112.947827,-7.837294],[112.947827,-7.837567],[112.947556,-7.837567],[112.947556,-7.837839],[112.946744,-7.837839],[112.946744,-7.837567],[112.947015,-7.837567],[112.947015,-7.837294],[112.947286,-7.837294],[112.947286,-7.836749],[112.947827,-7.836749],[112.947827,-7.835659],[112.948098,-7.835659],[112.948098,-7.835386],[112.948639,-7.835386],[112.948639,-7.835114],[112.94891,-7.835114],[112.94891,-7.834841],[112.949181,-7.834841],[112.949181,-7.823669],[112.947556,-7.823669],[112.947556,-7.823941],[112.946203,-7.823941],[112.946203,-7.824214],[112.945662,-7.824214],[112.945662,-7.824486],[112.94512,-7.824486],[112.94512,-7.824759],[112.94485,-7.824759],[112.94485,-7.825031],[112.943496,-7.825031],[112.943496,-7.825576],[112.94106,-7.825576],[112.94106,-7.825849],[112.939978,-7.825849],[112.939978,-7.826121],[112.939436,-7.826121],[112.939436,-7.826394],[112.938895,-7.826394],[112.938895,-7.826666],[112.938354,-7.826666],[112.938354,-7.826939],[112.937541,-7.826939],[112.937541,-7.827484],[112.937812,-7.827484],[112.937812,-7.828029],[112.938354,-7.828029],[112.938354,-7.828301],[112.938624,-7.828301],[112.938624,-7.828846],[112.938895,-7.828846],[112.938895,-7.829119],[112.939166,-7.829119],[112.939166,-7.828574],[112.938895,-7.828574],[112.938895,-7.828029],[112.938624,-7.828029],[112.938624,-7.827484],[112.939436,-7.827484],[112.939436,-7.828029],[112.939707,-7.828029],[112.939707,-7.828846],[112.939978,-7.828846],[112.939978,-7.829664],[112.94079,-7.829664],[112.94079,-7.829936],[112.94106,-7.829936],[112.94106,-7.830209],[112.94079,-7.830209],[112.94079,-7.830754],[112.94106,-7.830754],[112.94106,-7.832389],[112.940519,-7.832389],[112.940519,-7.831844],[112.939978,-7.831844],[112.939978,-7.832389],[112.939707,-7.832389],[112.939707,-7.832934],[112.939978,-7.832934],[112.939978,-7.833479],[112.940519,-7.833479],[112.940519,-7.833751],[112.94079,-7.833751],[112.94079,-7.834296],[112.940519,-7.834296],[112.940519,-7.835659],[112.939978,-7.835659],[112.939978,-7.835931],[112.940248,-7.835931],[112.940248,-7.836749],[112.939707,-7.836749],[112.939707,-7.837022],[112.939436,-7.837022],[112.939436,-7.837294],[112.939166,-7.837294],[112.939166,-7.837567],[112.939436,-7.837567],[112.939436,-7.837839],[112.939707,-7.837839],[112.939707,-7.838929],[112.939436,-7.838929],[112.939436,-7.839202],[112.939166,-7.839202],[112.939166,-7.840292],[112.939436,-7.840292],[112.939436,-7.840837],[112.938354,-7.840837],[112.938354,-7.841654],[112.938083,-7.841654],[112.938083,-7.842744],[112.937541,-7.842744],[112.937541,-7.843017],[112.937,-7.843017],[112.937,-7.843289],[112.936459,-7.843289],[112.936459,-7.843017],[112.936188,-7.843017],[112.936188,-7.843289],[112.935647,-7.843289],[112.935647,-7.843834],[112.935376,-7.843834],[112.935376,-7.844379],[112.935105,-7.844379],[112.935105,-7.845469],[112.934564,-7.845469],[112.934564,-7.846014],[112.935105,-7.846014],[112.935105,-7.847922],[112.935917,-7.847922],[112.935917,-7.848194],[112.936188,-7.848194],[112.936188,-7.849557],[112.936459,-7.849557],[112.936459,-7.850102],[112.936729,-7.850102],[112.936729,-7.850374],[112.937271,-7.850374],[112.937271,-7.850647],[112.937541,-7.850647],[112.937541,-7.850919],[112.937812,-7.850919],[112.937812,-7.851192],[112.938083,-7.851192],[112.938083,-7.852827],[112.938354,-7.852827],[112.938354,-7.853644],[112.938624,-7.853644],[112.938624,-7.854462],[112.938895,-7.854462],[112.938895,-7.855007],[112.939166,-7.855007],[112.939166,-7.855279],[112.939707,-7.855279],[112.939707,-7.855552],[112.939978,-7.855552],[112.939978,-7.856097],[112.940248,-7.856097],[112.940248,-7.859367],[112.940519,-7.859367],[112.940519,-7.859912],[112.94079,-7.859912],[112.94079,-7.860185],[112.94106,-7.860185],[112.94106,-7.860457],[112.941331,-7.860457],[112.941331,-7.86073],[112.941872,-7.86073],[112.941872,-7.861002],[112.942143,-7.861002],[112.942143,-7.861547],[112.942414,-7.861547],[112.942414,-7.86182],[112.942143,-7.86182],[112.942143,-7.862637],[112.941872,-7.862637],[112.941872,-7.86291],[112.941331,-7.86291],[112.941331,-7.863182],[112.940519,-7.863182],[112.940519,-7.863455],[112.939978,-7.863455],[112.939978,-7.863727],[112.938895,-7.863727],[112.938895,-7.864],[112.935917,-7.864],[112.935917,-7.864272],[112.930233,-7.864272],[112.930233,-7.864],[112.929963,-7.864],[112.929963,-7.863727],[112.929421,-7.863727],[112.929421,-7.863455],[112.928609,-7.863455],[112.928609,-7.863182],[112.928068,-7.863182],[112.928068,-7.86291],[112.927797,-7.86291],[112.927797,-7.862637],[112.927526,-7.862637],[112.927526,-7.861547],[112.927256,-7.861547],[112.927256,-7.861275],[112.926444,-7.861275],[112.926444,-7.861002],[112.926173,-7.861002],[112.926173,-7.86073],[112.925361,-7.86073],[112.925361,-7.860185],[112.92509,-7.860185],[112.92509,-7.85964],[112.92482,-7.85964],[112.92482,-7.858005],[112.92509,-7.858005],[112.92509,-7.857187],[112.92482,-7.857187],[112.92482,-7.856915],[112.924278,-7.856915],[112.924278,-7.854462],[112.92482,-7.854462],[112.92482,-7.854189],[112.924549,-7.854189],[112.924549,-7.853372],[112.924278,-7.853372],[112.924278,-7.853099],[112.924008,-7.853099],[112.924008,-7.852009],[112.924278,-7.852009],[112.924278,-7.851464],[112.923737,-7.851464],[112.923737,-7.850647],[112.923196,-7.850647],[112.923196,-7.850102],[112.922925,-7.850102],[112.922925,-7.849829],[112.922654,-7.849829],[112.922654,-7.849284],[112.922113,-7.849284],[112.922113,-7.846832],[112.921842,-7.846832],[112.921842,-7.846287],[112.921572,-7.846287],[112.921572,-7.845469],[112.921301,-7.845469],[112.921301,-7.845197],[112.92103,-7.845197],[112.92103,-7.844652],[112.92076,-7.844652],[112.92076,-7.843562],[112.920489,-7.843562],[112.920489,-7.843289],[112.919948,-7.843289],[112.919948,-7.842744],[112.919677,-7.842744],[112.919677,-7.840564],[112.919406,-7.840564],[112.919406,-7.839474],[112.919136,-7.839474],[112.919136,-7.838929],[112.918865,-7.838929],[112.918865,-7.838657],[112.918594,-7.838657],[112.918594,-7.838112],[112.918324,-7.838112],[112.918324,-7.837839],[112.917782,-7.837839],[112.917782,-7.837022],[112.917511,-7.837022],[112.917511,-7.836204],[112.917241,-7.836204],[112.917241,-7.835659],[112.91697,-7.835659],[112.91697,-7.831844],[112.916699,-7.831844],[112.916699,-7.831571],[112.916429,-7.831571],[112.916429,-7.831299],[112.916158,-7.831299],[112.916158,-7.831026],[112.915887,-7.831026],[112.915887,-7.830481],[112.915346,-7.830481],[112.915346,-7.829936],[112.915075,-7.829936],[112.915075,-7.829119],[112.914805,-7.829119],[112.914805,-7.828846],[112.914534,-7.828846],[112.914534,-7.827756],[112.913722,-7.827756],[112.913722,-7.827484],[112.913181,-7.827484],[112.913181,-7.827211],[112.91291,-7.827211],[112.91291,-7.826121],[112.912639,-7.826121],[112.912639,-7.825576],[112.912098,-7.825576],[112.912098,-7.825304],[112.911827,-7.825304],[112.911827,-7.824486],[112.911557,-7.824486],[112.911557,-7.823669],[112.911286,-7.823669],[112.911286,-7.823396],[112.910745,-7.823396],[112.910745,-7.823124],[112.910203,-7.823124],[112.910203,-7.822851],[112.909662,-7.822851]],[[112.944038,-7.827211],[112.94485,-7.827211],[112.94485,-7.827484],[112.94512,-7.827484],[112.94512,-7.827211],[112.946203,-7.827211],[112.946203,-7.827756],[112.946474,-7.827756],[112.946474,-7.828574],[112.946203,-7.828574],[112.946203,-7.828301],[112.945662,-7.828301],[112.945662,-7.828574],[112.94512,-7.828574],[112.94512,-7.828846],[112.94485,-7.828846],[112.94485,-7.828574],[112.944308,-7.828574],[112.944308,-7.827756],[112.944038,-7.827756],[112.944038,-7.827211]],[[112.94079,-7.832934],[112.94106,-7.832934],[112.94106,-7.833479],[112.941331,-7.833479],[112.941331,-7.833751],[112.94079,-7.833751],[112.94079,-7.832934]],[[112.946474,-7.837839],[112.946744,-7.837839],[112.946744,-7.838112],[112.946474,-7.838112],[112.946474,-7.837839]],[[112.947827,-7.837839],[112.948098,-7.837839],[112.948098,-7.838112],[112.947827,-7.838112],[112.947827,-7.837839]],[[112.943226,-7.847922],[112.943496,-7.847922],[112.943496,-7.848194],[112.943226,-7.848194],[112.943226,-7.847922]],[[112.949722,-7.848194],[112.949993,-7.848194],[112.949993,-7.848467],[112.949722,-7.848467],[112.949722,-7.848194]],[[112.965421,-7.849557],[112.965692,-7.849557],[112.965692,-7.850647],[112.965421,-7.850647],[112.965421,-7.849557]],[[112.949181,-7.849829],[112.951075,-7.849829],[112.951075,-7.851192],[112.951346,-7.851192],[112.951346,-7.851464],[112.951617,-7.851464],[112.951617,-7.851737],[112.952158,-7.851737],[112.952158,-7.852009],[112.952429,-7.852009],[112.952429,-7.853099],[112.95297,-7.853099],[112.95297,-7.853644],[112.952699,-7.853644],[112.952699,-7.853917],[112.952429,-7.853917],[112.952429,-7.854189],[112.95297,-7.854189],[112.95297,-7.858822],[112.952699,-7.858822],[112.952699,-7.859095],[112.952429,-7.859095],[112.952429,-7.85855],[112.951887,-7.85855],[112.951887,-7.858822],[112.951346,-7.858822],[112.951346,-7.859095],[112.951075,-7.859095],[112.951075,-7.859367],[112.950805,-7.859367],[112.950805,-7.859912],[112.950534,-7.859912],[112.950534,-7.86073],[112.950263,-7.86073],[112.950263,-7.861547],[112.949993,-7.861547],[112.949993,-7.863182],[112.949451,-7.863182],[112.949451,-7.852554],[112.949181,-7.852554],[112.949181,-7.849829]],[[112.953511,-7.849829],[112.953782,-7.849829],[112.953782,-7.850102],[112.953511,-7.850102],[112.953511,-7.849829]],[[112.998173,-7.849829],[112.998444,-7.849829],[112.998444,-7.850102],[112.998714,-7.850102],[112.998714,-7.850374],[112.997902,-7.850374],[112.997902,-7.850102],[112.998173,-7.850102],[112.998173,-7.849829]],[[113.002233,-7.849829],[113.002504,-7.849829],[113.002504,-7.850102],[113.002233,-7.850102],[113.002233,-7.849829]],[[113.006564,-7.849829],[113.006834,-7.849829],[113.006834,-7.850102],[113.006564,-7.850102],[113.006564,-7.849829]],[[112.953782,-7.850102],[112.954053,-7.850102],[112.954053,-7.850374],[112.953782,-7.850374],[112.953782,-7.850102]],[[113.001962,-7.850102],[113.002233,-7.850102],[113.002233,-7.850374],[113.001962,-7.850374],[113.001962,-7.850102]],[[113.024699,-7.850102],[113.02524,-7.850102],[113.02524,-7.850374],[113.024699,-7.850374],[113.024699,-7.850102]],[[112.938083,-7.850374],[112.938354,-7.850374],[112.938354,-7.850647],[112.938083,-7.850647],[112.938083,-7.850374]],[[112.966233,-7.850374],[112.966774,-7.850374],[112.966774,-7.850647],[112.966233,-7.850647],[112.966233,-7.850374]],[[112.997361,-7.850374],[112.997902,-7.850374],[112.997902,-7.850647],[112.997632,-7.850647],[112.997632,-7.850919],[112.997361,-7.850919],[112.997361,-7.850374]],[[113.006564,-7.850374],[113.007376,-7.850374],[113.007376,-7.850919],[113.007105,-7.850919],[113.007105,-7.851464],[113.006834,-7.851464],[113.006834,-7.852554],[113.006564,-7.852554],[113.006564,-7.852827],[113.006293,-7.852827],[113.006293,-7.850919],[113.006564,-7.850919],[113.006564,-7.850374]],[[113.01712,-7.850374],[113.017391,-7.850374],[113.017391,-7.850919],[113.016849,-7.850919],[113.016849,-7.850647],[113.01712,-7.850647],[113.01712,-7.850374]],[[112.964338,-7.850647],[112.96488,-7.850647],[112.96488,-7.850919],[112.964338,-7.850919],[112.964338,-7.850647]],[[112.965692,-7.850647],[112.966233,-7.850647],[112.966233,-7.850919],[112.965692,-7.850919],[112.965692,-7.850647]],[[113.00115,-7.850647],[113.001421,-7.850647],[113.001421,-7.850919],[113.00115,-7.850919],[113.00115,-7.850647]],[[113.002774,-7.850647],[113.003045,-7.850647],[113.003045,-7.850919],[113.003316,-7.850919],[113.003316,-7.851192],[113.002774,-7.851192],[113.002774,-7.850647]],[[113.015496,-7.850647],[113.016037,-7.850647],[113.016037,-7.850919],[113.015496,-7.850919],[113.015496,-7.850647]],[[112.960549,-7.850919],[112.96082,-7.850919],[112.96082,-7.851192],[112.960549,-7.851192],[112.960549,-7.850919]],[[112.963797,-7.850919],[112.964338,-7.850919],[112.964338,-7.851192],[112.963797,-7.851192],[112.963797,-7.850919]],[[112.965421,-7.850919],[112.965692,-7.850919],[112.965692,-7.851464],[112.96515,-7.851464],[112.96515,-7.851192],[112.965421,-7.851192],[112.965421,-7.850919]],[[112.998173,-7.850919],[112.998985,-7.850919],[112.998985,-7.851192],[112.998714,-7.851192],[112.998714,-7.851737],[112.997902,-7.851737],[112.997902,-7.851192],[112.998173,-7.851192],[112.998173,-7.850919]],[[112.956489,-7.851192],[112.95703,-7.851192],[112.95703,-7.851737],[112.956489,-7.851737],[112.956489,-7.851192]],[[112.962985,-7.851192],[112.963256,-7.851192],[112.963256,-7.852827],[112.963526,-7.852827],[112.963526,-7.853917],[112.963256,-7.853917],[112.963256,-7.854189],[112.963526,-7.854189],[112.963526,-7.854462],[112.963256,-7.854462],[112.963256,-7.855552],[112.962985,-7.855552],[112.962985,-7.853917],[112.962714,-7.853917],[112.962714,-7.853372],[112.962444,-7.853372],[112.962444,-7.853099],[112.962985,-7.853099],[112.962985,-7.851192]],[[113.001421,-7.851192],[113.002233,-7.851192],[113.002233,-7.851464],[113.002504,-7.851464],[113.002504,-7.852009],[113.003586,-7.852009],[113.003586,-7.852827],[113.004128,-7.852827],[113.004128,-7.853372],[113.003586,-7.853372],[113.003586,-7.853644],[113.002504,-7.853644],[113.002504,-7.853917],[113.002233,-7.853917],[113.002233,-7.854462],[113.001692,-7.854462],[113.001692,-7.854734],[113.001421,-7.854734],[113.001421,-7.855007],[113.000338,-7.855007],[113.000338,-7.855279],[113.000068,-7.855279],[113.000068,-7.854734],[113.000338,-7.854734],[113.000338,-7.853917],[113.000609,-7.853917],[113.000609,-7.852827],[113.00115,-7.852827],[113.00115,-7.851737],[113.001421,-7.851737],[113.001421,-7.851192]],[[113.016308,-7.851192],[113.016849,-7.851192],[113.016849,-7.851464],[113.016579,-7.851464],[113.016579,-7.851737],[113.016308,-7.851737],[113.016308,-7.852554],[113.016037,-7.852554],[113.016037,-7.851464],[113.016308,-7.851464],[113.016308,-7.851192]],[[112.947286,-7.851464],[112.947556,-7.851464],[112.947556,-7.851737],[112.947286,-7.851737],[112.947286,-7.851464]],[[112.954865,-7.851464],[112.955135,-7.851464],[112.955135,-7.851737],[112.954865,-7.851737],[112.954865,-7.851464]],[[112.958384,-7.851464],[112.958654,-7.851464],[112.958654,-7.853099],[112.958113,-7.853099],[112.958113,-7.851737],[112.958384,-7.851737],[112.958384,-7.851464]],[[112.96488,-7.851464],[112.96515,-7.851464],[112.96515,-7.851737],[112.96488,-7.851737],[112.96488,-7.851464]],[[113.02524,-7.851464],[113.026323,-7.851464],[113.026323,-7.851737],[113.02524,-7.851737],[113.02524,-7.851464]],[[112.955135,-7.851737],[112.955406,-7.851737],[112.955406,-7.853099],[112.955135,-7.853099],[112.955135,-7.851737]],[[112.95703,-7.851737],[112.957301,-7.851737],[112.957301,-7.852827],[112.95703,-7.852827],[112.95703,-7.851737]],[[112.961902,-7.851737],[112.962444,-7.851737],[112.962444,-7.852009],[112.961902,-7.852009],[112.961902,-7.851737]],[[112.98491,-7.851737],[112.98518,-7.851737],[112.98518,-7.852009],[112.98491,-7.852009],[112.98491,-7.851737]],[[112.997632,-7.852009],[112.997902,-7.852009],[112.997902,-7.852827],[112.997632,-7.852827],[112.997632,-7.852009]],[[112.960549,-7.852827],[112.96082,-7.852827],[112.96082,-7.853099],[112.960549,-7.853099],[112.960549,-7.852827]],[[112.998173,-7.852827],[112.998714,-7.852827],[112.998714,-7.853372],[112.998173,-7.853372],[112.998173,-7.852827]],[[112.954053,-7.853099],[112.954594,-7.853099],[112.954594,-7.853644],[112.954053,-7.853644],[112.954053,-7.853099]],[[112.955406,-7.853099],[112.955677,-7.853099],[112.955677,-7.853372],[112.955406,-7.853372],[112.955406,-7.853099]],[[112.956489,-7.853099],[112.95703,-7.853099],[112.95703,-7.853372],[112.956489,-7.853372],[112.956489,-7.853099]],[[112.964338,-7.853099],[112.964609,-7.853099],[112.964609,-7.853644],[112.964338,-7.853644],[112.964338,-7.853099]],[[112.946474,-7.853372],[112.947286,-7.853372],[112.947286,-7.853917],[112.947015,-7.853917],[112.947015,-7.854462],[112.946474,-7.854462],[112.946474,-7.853372]],[[112.996278,-7.853372],[112.996819,-7.853372],[112.996819,-7.853644],[112.996278,-7.853644],[112.996278,-7.853372]],[[113.014413,-7.853372],[113.014684,-7.853372],[113.014684,-7.853644],[113.014413,-7.853644],[113.014413,-7.853372]],[[112.955406,-7.853644],[112.955677,-7.853644],[112.955677,-7.854189],[112.955406,-7.854189],[112.955406,-7.853644]],[[112.981932,-7.853644],[112.982474,-7.853644],[112.982474,-7.853917],[112.982203,-7.853917],[112.982203,-7.854462],[112.981932,-7.854462],[112.981932,-7.855007],[112.981662,-7.855007],[112.981662,-7.854189],[112.981932,-7.854189],[112.981932,-7.853644]],[[112.954594,-7.853917],[112.954865,-7.853917],[112.954865,-7.854462],[112.954594,-7.854462],[112.954594,-7.853917]],[[112.985992,-7.853917],[112.986804,-7.853917],[112.986804,-7.854189],[112.987346,-7.854189],[112.987346,-7.855007],[112.987075,-7.855007],[112.987075,-7.855552],[112.987346,-7.855552],[112.987346,-7.856097],[112.987075,-7.856097],[112.987075,-7.856642],[112.986804,-7.856642],[112.986804,-7.856097],[112.986534,-7.856097],[112.986534,-7.854462],[112.986263,-7.854462],[112.986263,-7.854189],[112.985992,-7.854189],[112.985992,-7.853917]],[[112.955677,-7.854189],[112.955947,-7.854189],[112.955947,-7.854462],[112.955677,-7.854462],[112.955677,-7.854189]],[[112.956489,-7.854189],[112.95703,-7.854189],[112.95703,-7.854462],[112.956489,-7.854462],[112.956489,-7.854189]],[[112.966233,-7.854189],[112.967045,-7.854189],[112.967045,-7.854734],[112.966774,-7.854734],[112.966774,-7.854462],[112.966233,-7.854462],[112.966233,-7.854189]],[[112.95703,-7.854462],[112.957301,-7.854462],[112.957301,-7.854734],[112.95703,-7.854734],[112.95703,-7.854462]],[[113.013872,-7.854462],[113.014143,-7.854462],[113.014143,-7.855007],[113.013872,-7.855007],[113.013872,-7.854462]],[[112.94485,-7.855007],[112.94512,-7.855007],[112.94512,-7.855279],[112.94485,-7.855279],[112.94485,-7.855007]],[[112.963797,-7.855007],[112.964338,-7.855007],[112.964338,-7.855552],[112.963797,-7.855552],[112.963797,-7.855007]],[[112.96515,-7.855007],[112.965692,-7.855007],[112.965692,-7.855552],[112.96515,-7.855552],[112.96515,-7.855007]],[[112.981391,-7.855007],[112.981662,-7.855007],[112.981662,-7.855279],[112.981391,-7.855279],[112.981391,-7.855007]],[[112.98518,-7.855007],[112.985722,-7.855007],[112.985722,-7.855552],[112.986263,-7.855552],[112.986263,-7.856097],[112.986534,-7.856097],[112.986534,-7.856642],[112.985722,-7.856642],[112.985722,-7.85637],[112.985451,-7.85637],[112.985451,-7.855552],[112.98518,-7.855552],[112.98518,-7.855007]],[[112.995195,-7.855007],[112.995466,-7.855007],[112.995466,-7.855279],[112.995195,-7.855279],[112.995195,-7.855007]],[[112.995737,-7.855007],[112.996278,-7.855007],[112.996278,-7.855279],[112.995737,-7.855279],[112.995737,-7.855007]],[[113.004669,-7.855007],[113.00494,-7.855007],[113.00494,-7.855279],[113.004669,-7.855279],[113.004669,-7.855007]],[[113.006834,-7.855007],[113.007105,-7.855007],[113.007105,-7.855552],[113.006834,-7.855552],[113.006834,-7.855824],[113.006564,-7.855824],[113.006564,-7.855279],[113.006834,-7.855279],[113.006834,-7.855007]],[[113.011977,-7.855007],[113.012789,-7.855007],[113.012789,-7.855279],[113.011977,-7.855279],[113.011977,-7.855007]],[[113.013601,-7.855007],[113.013872,-7.855007],[113.013872,-7.855552],[113.013601,-7.855552],[113.013601,-7.856097],[113.013331,-7.856097],[113.013331,-7.855279],[113.013601,-7.855279],[113.013601,-7.855007]],[[112.948098,-7.855279],[112.948369,-7.855279],[112.948369,-7.855552],[112.948098,-7.855552],[112.948098,-7.855279]],[[112.990323,-7.855279],[112.990594,-7.855279],[112.990594,-7.855552],[112.990323,-7.855552],[112.990323,-7.855279]],[[112.994654,-7.855279],[112.994925,-7.855279],[112.994925,-7.855552],[112.994654,-7.855552],[112.994654,-7.855279]],[[112.964338,-7.855552],[112.964609,-7.855552],[112.964609,-7.855824],[112.964338,-7.855824],[112.964338,-7.855552]],[[112.989511,-7.855552],[112.990053,-7.855552],[112.990053,-7.856642],[112.989782,-7.856642],[112.989782,-7.857187],[112.989241,-7.857187],[112.989241,-7.856097],[112.989511,-7.856097],[112.989511,-7.855552]],[[112.996819,-7.855552],[112.997361,-7.855552],[112.997361,-7.855824],[112.996819,-7.855824],[112.996819,-7.855552]],[[113.004128,-7.855552],[113.004398,-7.855552],[113.004398,-7.855824],[113.004128,-7.855824],[113.004128,-7.855552]],[[113.011977,-7.855552],[113.012519,-7.855552],[113.012519,-7.856097],[113.012248,-7.856097],[113.012248,-7.85637],[113.011977,-7.85637],[113.011977,-7.855552]],[[112.955406,-7.855824],[112.955677,-7.855824],[112.955677,-7.856097],[112.955406,-7.856097],[112.955406,-7.855824]],[[112.988699,-7.855824],[112.98897,-7.855824],[112.98897,-7.857187],[112.988699,-7.857187],[112.988699,-7.855824]],[[113.003586,-7.855824],[113.004128,-7.855824],[113.004128,-7.85637],[113.003586,-7.85637],[113.003586,-7.855824]],[[113.010353,-7.855824],[113.011436,-7.855824],[113.011436,-7.85637],[113.011977,-7.85637],[113.011977,-7.856642],[113.011707,-7.856642],[113.011707,-7.856915],[113.011165,-7.856915],[113.011165,-7.85746],[113.010895,-7.85746],[113.010895,-7.857732],[113.010083,-7.857732],[113.010083,-7.858005],[113.009541,-7.858005],[113.009541,-7.85855],[113.010353,-7.85855],[113.010353,-7.858822],[113.010083,-7.858822],[113.010083,-7.859095],[113.009812,-7.859095],[113.009812,-7.85964],[113.009541,-7.85964],[113.009541,-7.859367],[113.009,-7.859367],[113.009,-7.859095],[113.008729,-7.859095],[113.008729,-7.859367],[113.007917,-7.859367],[113.007917,-7.859095],[113.007105,-7.859095],[113.007105,-7.858005],[113.007647,-7.858005],[113.007647,-7.85746],[113.007376,-7.85746],[113.007376,-7.856642],[113.007917,-7.856642],[113.007917,-7.856915],[113.008729,-7.856915],[113.008729,-7.856642],[113.009,-7.856642],[113.009,-7.85637],[113.009541,-7.85637],[113.009541,-7.856097],[113.010353,-7.856097],[113.010353,-7.855824]],[[113.023887,-7.855824],[113.024158,-7.855824],[113.024158,-7.85637],[113.024428,-7.85637],[113.024428,-7.856642],[113.023616,-7.856642],[113.023616,-7.856915],[113.022534,-7.856915],[113.022534,-7.857187],[113.022263,-7.857187],[113.022263,-7.85746],[113.021722,-7.85746],[113.021722,-7.857187],[113.021992,-7.857187],[113.021992,-7.856915],[113.022263,-7.856915],[113.022263,-7.856642],[113.023346,-7.856642],[113.023346,-7.85637],[113.023616,-7.85637],[113.023616,-7.856097],[113.023887,-7.856097],[113.023887,-7.855824]],[[112.966233,-7.856097],[112.966774,-7.856097],[112.966774,-7.856642],[112.966504,-7.856642],[112.966504,-7.856915],[112.965962,-7.856915],[112.965962,-7.85637],[112.966233,-7.85637],[112.966233,-7.856097]],[[113.001962,-7.856097],[113.002504,-7.856097],[113.002504,-7.85637],[113.002233,-7.85637],[113.002233,-7.856642],[113.001692,-7.856642],[113.001692,-7.85637],[113.001962,-7.85637],[113.001962,-7.856097]],[[113.012789,-7.856097],[113.013331,-7.856097],[113.013331,-7.85637],[113.012789,-7.85637],[113.012789,-7.856097]],[[113.014684,-7.856097],[113.014955,-7.856097],[113.014955,-7.856642],[113.014413,-7.856642],[113.014413,-7.85637],[113.014684,-7.85637],[113.014684,-7.856097]],[[113.028759,-7.856097],[113.029301,-7.856097],[113.029301,-7.85637],[113.028759,-7.85637],[113.028759,-7.856097]],[[112.967045,-7.85637],[112.967316,-7.85637],[112.967316,-7.857187],[112.967045,-7.857187],[112.967045,-7.85637]],[[112.968669,-7.85637],[112.969211,-7.85637],[112.969211,-7.856915],[112.968669,-7.856915],[112.968669,-7.857187],[112.968128,-7.857187],[112.968128,-7.857732],[112.967857,-7.857732],[112.967857,-7.856915],[112.968128,-7.856915],[112.968128,-7.856642],[112.968669,-7.856642],[112.968669,-7.85637]],[[112.972729,-7.85637],[112.974083,-7.85637],[112.974083,-7.857187],[112.973541,-7.857187],[112.973541,-7.856642],[112.973271,-7.856642],[112.973271,-7.856915],[112.973,-7.856915],[112.973,-7.857187],[112.972729,-7.857187],[112.972729,-7.85637]],[[112.978143,-7.85637],[112.978414,-7.85637],[112.978414,-7.856642],[112.978143,-7.856642],[112.978143,-7.85637]],[[112.981932,-7.85637],[112.982203,-7.85637],[112.982203,-7.856642],[112.981932,-7.856642],[112.981932,-7.85637]],[[113.003045,-7.85637],[113.003586,-7.85637],[113.003586,-7.85746],[113.003045,-7.85746],[113.003045,-7.857732],[113.002504,-7.857732],[113.002504,-7.85746],[113.002774,-7.85746],[113.002774,-7.856642],[113.003045,-7.856642],[113.003045,-7.85637]],[[113.006022,-7.85637],[113.006564,-7.85637],[113.006564,-7.856642],[113.006293,-7.856642],[113.006293,-7.856915],[113.006022,-7.856915],[113.006022,-7.85637]],[[113.012519,-7.85637],[113.012789,-7.85637],[113.012789,-7.856642],[113.012519,-7.856642],[113.012519,-7.85637]],[[113.025511,-7.85637],[113.025782,-7.85637],[113.025782,-7.856642],[113.025511,-7.856642],[113.025511,-7.85637]],[[112.942684,-7.856642],[112.942955,-7.856642],[112.942955,-7.85746],[112.942684,-7.85746],[112.942684,-7.856642]],[[112.953511,-7.856642],[112.953782,-7.856642],[112.953782,-7.857187],[112.953511,-7.857187],[112.953511,-7.856642]],[[112.981662,-7.856642],[112.981932,-7.856642],[112.981932,-7.856915],[112.981662,-7.856915],[112.981662,-7.856642]],[[112.983827,-7.856642],[112.984098,-7.856642],[112.984098,-7.856915],[112.983827,-7.856915],[112.983827,-7.856642]],[[113.001421,-7.856642],[113.001692,-7.856642],[113.001692,-7.857187],[113.001421,-7.857187],[113.001421,-7.856642]],[[113.011977,-7.856642],[113.012519,-7.856642],[113.012519,-7.856915],[113.012248,-7.856915],[113.012248,-7.857187],[113.011977,-7.857187],[113.011977,-7.856642]],[[113.02497,-7.856642],[113.025511,-7.856642],[113.025511,-7.857187],[113.02497,-7.857187],[113.02497,-7.856642]],[[113.02903,-7.856642],[113.029571,-7.856642],[113.029571,-7.85855],[113.030654,-7.85855],[113.030654,-7.858822],[113.030383,-7.858822],[113.030383,-7.859095],[113.02903,-7.859095],[113.02903,-7.857732],[113.028218,-7.857732],[113.028218,-7.85855],[113.028489,-7.85855],[113.028489,-7.858822],[113.028759,-7.858822],[113.028759,-7.859095],[113.027947,-7.859095],[113.027947,-7.857187],[113.028218,-7.857187],[113.028218,-7.85746],[113.02903,-7.85746],[113.02903,-7.857187],[113.028759,-7.857187],[113.028759,-7.856915],[113.02903,-7.856915],[113.02903,-7.856642]],[[112.947556,-7.856915],[112.948098,-7.856915],[112.948098,-7.857187],[112.948369,-7.857187],[112.948369,-7.857732],[112.947827,-7.857732],[112.947827,-7.857187],[112.947556,-7.857187],[112.947556,-7.856915]],[[112.957571,-7.856915],[112.957842,-7.856915],[112.957842,-7.857187],[112.957571,-7.857187],[112.957571,-7.856915]],[[112.965692,-7.856915],[112.965962,-7.856915],[112.965962,-7.85855],[112.965692,-7.85855],[112.965692,-7.856915]],[[112.970023,-7.856915],[112.970835,-7.856915],[112.970835,-7.857732],[112.970564,-7.857732],[112.970564,-7.857187],[112.970023,-7.857187],[112.970023,-7.856915]],[[112.981391,-7.856915],[112.981662,-7.856915],[112.981662,-7.857187],[112.981391,-7.857187],[112.981391,-7.856915]],[[112.985722,-7.856915],[112.986263,-7.856915],[112.986263,-7.857187],[112.986804,-7.857187],[112.986804,-7.856915],[112.987887,-7.856915],[112.987887,-7.857732],[112.987346,-7.857732],[112.987346,-7.858005],[112.987075,-7.858005],[112.987075,-7.858277],[112.986804,-7.858277],[112.986804,-7.85746],[112.986534,-7.85746],[112.986534,-7.858005],[112.986263,-7.858005],[112.986263,-7.857732],[112.985722,-7.857732],[112.985722,-7.856915]],[[112.991406,-7.856915],[112.991677,-7.856915],[112.991677,-7.857732],[112.991406,-7.857732],[112.991406,-7.856915]],[[113.023616,-7.856915],[113.023887,-7.856915],[113.023887,-7.857187],[113.023616,-7.857187],[113.023616,-7.856915]],[[112.955947,-7.857187],[112.956218,-7.857187],[112.956218,-7.85746],[112.955947,-7.85746],[112.955947,-7.857187]],[[112.977601,-7.857187],[112.977872,-7.857187],[112.977872,-7.85746],[112.977601,-7.85746],[112.977601,-7.857187]],[[112.98085,-7.857187],[112.981391,-7.857187],[112.981391,-7.85746],[112.98085,-7.85746],[112.98085,-7.857187]],[[112.966774,-7.85746],[112.967045,-7.85746],[112.967045,-7.857732],[112.967316,-7.857732],[112.967316,-7.859095],[112.967045,-7.859095],[112.967045,-7.858277],[112.966774,-7.858277],[112.966774,-7.85746]],[[112.975436,-7.85746],[112.975707,-7.85746],[112.975707,-7.857732],[112.975436,-7.857732],[112.975436,-7.85746]],[[112.977331,-7.85746],[112.977601,-7.85746],[112.977601,-7.858005],[112.977331,-7.858005],[112.977331,-7.85746]],[[112.983286,-7.85746],[112.983827,-7.85746],[112.983827,-7.858277],[112.983286,-7.858277],[112.983286,-7.85746]],[[113.02118,-7.85746],[113.021722,-7.85746],[113.021722,-7.858005],[113.02118,-7.858005],[113.02118,-7.85746]],[[113.030654,-7.85746],[113.030925,-7.85746],[113.030925,-7.857732],[113.030654,-7.857732],[113.030654,-7.85746]],[[113.045812,-7.85746],[113.046082,-7.85746],[113.046082,-7.857732],[113.045812,-7.857732],[113.045812,-7.85746]],[[112.992218,-7.857732],[112.992489,-7.857732],[112.992489,-7.858005],[112.992218,-7.858005],[112.992218,-7.857732]],[[113.001962,-7.857732],[113.002233,-7.857732],[113.002233,-7.858277],[113.001962,-7.858277],[113.001962,-7.857732]],[[113.011165,-7.857732],[113.011707,-7.857732],[113.011707,-7.858005],[113.011436,-7.858005],[113.011436,-7.858277],[113.011165,-7.858277],[113.011165,-7.85855],[113.010353,-7.85855],[113.010353,-7.858277],[113.010895,-7.858277],[113.010895,-7.858005],[113.011165,-7.858005],[113.011165,-7.857732]],[[113.02524,-7.857732],[113.025782,-7.857732],[113.025782,-7.858277],[113.025511,-7.858277],[113.025511,-7.858822],[113.02497,-7.858822],[113.02497,-7.858005],[113.02524,-7.858005],[113.02524,-7.857732]],[[112.944038,-7.858005],[112.94512,-7.858005],[112.94512,-7.858277],[112.94485,-7.858277],[112.94485,-7.859095],[112.944579,-7.859095],[112.944579,-7.858277],[112.944038,-7.858277],[112.944038,-7.858005]],[[112.980579,-7.858005],[112.98085,-7.858005],[112.98085,-7.858822],[112.980579,-7.858822],[112.980579,-7.858005]],[[112.94106,-7.858277],[112.941331,-7.858277],[112.941331,-7.85855],[112.94106,-7.85855],[112.94106,-7.858277]],[[112.948639,-7.858277],[112.94891,-7.858277],[112.94891,-7.85855],[112.948639,-7.85855],[112.948639,-7.858277]],[[112.955947,-7.858277],[112.956218,-7.858277],[112.956218,-7.859095],[112.955947,-7.859095],[112.955947,-7.858277]],[[112.981662,-7.858277],[112.982474,-7.858277],[112.982474,-7.85855],[112.982203,-7.85855],[112.982203,-7.859095],[112.981391,-7.859095],[112.981391,-7.85855],[112.981662,-7.85855],[112.981662,-7.858277]],[[112.983015,-7.858277],[112.983286,-7.858277],[112.983286,-7.85855],[112.983015,-7.85855],[112.983015,-7.858277]],[[112.985451,-7.858277],[112.986263,-7.858277],[112.986263,-7.859095],[112.985451,-7.859095],[112.985451,-7.858277]],[[112.991677,-7.858277],[112.991947,-7.858277],[112.991947,-7.85855],[112.991677,-7.85855],[112.991677,-7.858277]],[[113.022263,-7.858277],[113.022534,-7.858277],[113.022534,-7.858822],[113.022263,-7.858822],[113.022263,-7.859095],[113.021992,-7.859095],[113.021992,-7.85855],[113.022263,-7.85855],[113.022263,-7.858277]],[[112.96082,-7.85855],[112.96109,-7.85855],[112.96109,-7.858822],[112.96082,-7.858822],[112.96082,-7.85855]],[[112.968399,-7.85855],[112.96894,-7.85855],[112.96894,-7.859095],[112.968128,-7.859095],[112.968128,-7.859367],[112.967857,-7.859367],[112.967857,-7.858822],[112.968399,-7.858822],[112.968399,-7.85855]],[[112.986534,-7.85855],[112.986804,-7.85855],[112.986804,-7.859367],[112.986534,-7.859367],[112.986534,-7.85855]],[[112.987346,-7.85855],[112.987887,-7.85855],[112.987887,-7.858822],[112.987617,-7.858822],[112.987617,-7.859367],[112.987346,-7.859367],[112.987346,-7.85855]],[[113.020639,-7.85855],[113.02091,-7.85855],[113.02091,-7.858822],[113.020639,-7.858822],[113.020639,-7.85855]],[[113.030925,-7.85855],[113.031195,-7.85855],[113.031195,-7.858822],[113.031466,-7.858822],[113.031466,-7.859095],[113.031195,-7.859095],[113.031195,-7.859367],[113.030925,-7.859367],[113.030925,-7.85855]],[[112.95297,-7.858822],[112.953241,-7.858822],[112.953241,-7.859095],[112.953511,-7.859095],[112.953511,-7.859367],[112.953782,-7.859367],[112.953782,-7.860457],[112.953511,-7.860457],[112.953511,-7.859912],[112.953241,-7.859912],[112.953241,-7.85964],[112.95297,-7.85964],[112.95297,-7.858822]],[[112.954865,-7.858822],[112.955135,-7.858822],[112.955135,-7.86073],[112.955406,-7.86073],[112.955406,-7.861002],[112.955135,-7.861002],[112.955135,-7.86182],[112.954865,-7.86182],[112.954865,-7.861547],[112.954594,-7.861547],[112.954594,-7.861002],[112.954865,-7.861002],[112.954865,-7.858822]],[[112.962173,-7.858822],[112.962444,-7.858822],[112.962444,-7.859095],[112.962173,-7.859095],[112.962173,-7.858822]],[[112.964068,-7.858822],[112.964338,-7.858822],[112.964338,-7.859095],[112.964068,-7.859095],[112.964068,-7.858822]],[[112.972188,-7.858822],[112.972729,-7.858822],[112.972729,-7.85964],[112.971917,-7.85964],[112.971917,-7.859095],[112.972188,-7.859095],[112.972188,-7.858822]],[[112.974895,-7.858822],[112.975436,-7.858822],[112.975436,-7.859095],[112.975165,-7.859095],[112.975165,-7.85964],[112.974895,-7.85964],[112.974895,-7.859367],[112.974624,-7.859367],[112.974624,-7.859095],[112.974895,-7.859095],[112.974895,-7.858822]],[[113.020098,-7.858822],[113.020639,-7.858822],[113.020639,-7.859367],[113.020098,-7.859367],[113.020098,-7.858822]],[[113.027135,-7.858822],[113.027406,-7.858822],[113.027406,-7.859367],[113.026864,-7.859367],[113.026864,-7.859095],[113.027135,-7.859095],[113.027135,-7.858822]],[[112.963526,-7.859095],[112.964068,-7.859095],[112.964068,-7.859367],[112.963526,-7.859367],[112.963526,-7.859095]],[[112.965421,-7.859095],[112.965692,-7.859095],[112.965692,-7.85964],[112.965421,-7.85964],[112.965421,-7.859095]],[[112.969481,-7.859095],[112.969752,-7.859095],[112.969752,-7.859367],[112.969481,-7.859367],[112.969481,-7.859095]],[[112.994383,-7.859095],[112.994654,-7.859095],[112.994654,-7.85964],[112.994383,-7.85964],[112.994383,-7.859095]],[[112.948369,-7.859367],[112.948639,-7.859367],[112.948639,-7.860185],[112.948369,-7.860185],[112.948369,-7.859367]],[[112.963256,-7.859367],[112.963526,-7.859367],[112.963526,-7.85964],[112.963256,-7.85964],[112.963256,-7.859367]],[[112.977601,-7.859367],[112.977872,-7.859367],[112.977872,-7.85964],[112.977601,-7.85964],[112.977601,-7.859367]],[[112.980308,-7.859367],[112.98085,-7.859367],[112.98085,-7.860185],[112.980579,-7.860185],[112.980579,-7.860457],[112.980308,-7.860457],[112.980308,-7.859367]],[[112.990053,-7.859367],[112.990323,-7.859367],[112.990323,-7.85964],[112.990053,-7.85964],[112.990053,-7.859367]],[[113.010895,-7.859367],[113.011165,-7.859367],[113.011165,-7.85964],[113.010895,-7.85964],[113.010895,-7.859367]],[[113.019827,-7.859367],[113.020098,-7.859367],[113.020098,-7.859912],[113.019827,-7.859912],[113.019827,-7.859367]],[[113.026594,-7.859367],[113.026864,-7.859367],[113.026864,-7.85964],[113.027135,-7.85964],[113.027135,-7.860185],[113.026864,-7.860185],[113.026864,-7.859912],[113.026594,-7.859912],[113.026594,-7.859367]],[[113.037692,-7.859367],[113.038504,-7.859367],[113.038504,-7.85964],[113.039316,-7.85964],[113.039316,-7.859367],[113.039586,-7.859367],[113.039586,-7.85964],[113.040128,-7.85964],[113.040128,-7.859912],[113.040669,-7.859912],[113.040669,-7.85964],[113.04094,-7.85964],[113.04094,-7.860185],[113.04121,-7.860185],[113.04121,-7.860457],[113.041481,-7.860457],[113.041481,-7.86073],[113.04121,-7.86073],[113.04121,-7.861002],[113.04094,-7.861002],[113.04094,-7.861275],[113.040669,-7.861275],[113.040669,-7.861002],[113.039857,-7.861002],[113.039857,-7.861275],[113.039586,-7.861275],[113.039586,-7.86073],[113.039045,-7.86073],[113.039045,-7.861002],[113.038774,-7.861002],[113.038774,-7.86073],[113.038504,-7.86073],[113.038504,-7.860457],[113.038774,-7.860457],[113.038774,-7.860185],[113.037692,-7.860185],[113.037692,-7.859912],[113.037962,-7.859912],[113.037962,-7.85964],[113.037692,-7.85964],[113.037692,-7.859367]],[[112.959737,-7.85964],[112.960008,-7.85964],[112.960008,-7.86073],[112.959737,-7.86073],[112.959737,-7.85964]],[[112.962985,-7.85964],[112.963256,-7.85964],[112.963256,-7.859912],[112.962985,-7.859912],[112.962985,-7.85964]],[[112.96515,-7.85964],[112.965421,-7.85964],[112.965421,-7.859912],[112.96515,-7.859912],[112.96515,-7.85964]],[[112.973812,-7.85964],[112.974083,-7.85964],[112.974083,-7.860185],[112.973812,-7.860185],[112.973812,-7.85964]],[[112.975165,-7.85964],[112.975436,-7.85964],[112.975436,-7.860185],[112.975165,-7.860185],[112.975165,-7.85964]],[[112.97706,-7.85964],[112.977331,-7.85964],[112.977331,-7.860185],[112.97706,-7.860185],[112.97706,-7.85964]],[[112.986263,-7.85964],[112.986534,-7.85964],[112.986534,-7.860185],[112.986263,-7.860185],[112.986263,-7.85964]],[[112.988158,-7.85964],[112.988699,-7.85964],[112.988699,-7.859912],[112.988158,-7.859912],[112.988158,-7.85964]],[[112.994113,-7.85964],[112.994383,-7.85964],[112.994383,-7.859912],[112.994113,-7.859912],[112.994113,-7.85964]],[[113.010353,-7.85964],[113.010895,-7.85964],[113.010895,-7.860185],[113.010624,-7.860185],[113.010624,-7.859912],[113.010353,-7.859912],[113.010353,-7.85964]],[[112.964609,-7.859912],[112.96515,-7.859912],[112.96515,-7.860185],[112.964609,-7.860185],[112.964609,-7.859912]],[[112.968399,-7.859912],[112.96894,-7.859912],[112.96894,-7.860457],[112.968399,-7.860457],[112.968399,-7.859912]],[[112.972188,-7.859912],[112.972729,-7.859912],[112.972729,-7.86073],[112.971917,-7.86073],[112.971917,-7.860457],[112.972188,-7.860457],[112.972188,-7.859912]],[[112.987887,-7.859912],[112.988158,-7.859912],[112.988158,-7.860457],[112.987617,-7.860457],[112.987617,-7.860185],[112.987887,-7.860185],[112.987887,-7.859912]],[[113.019556,-7.859912],[113.019827,-7.859912],[113.019827,-7.860457],[113.019556,-7.860457],[113.019556,-7.859912]],[[113.027947,-7.859912],[113.028218,-7.859912],[113.028218,-7.860185],[113.027947,-7.860185],[113.027947,-7.859912]],[[113.036338,-7.859912],[113.036879,-7.859912],[113.036879,-7.860185],[113.036338,-7.860185],[113.036338,-7.859912]],[[112.964338,-7.860185],[112.964609,-7.860185],[112.964609,-7.860457],[112.964338,-7.860457],[112.964338,-7.860185]],[[113.026594,-7.860185],[113.026864,-7.860185],[113.026864,-7.86073],[113.026594,-7.86073],[113.026594,-7.860185]],[[113.036879,-7.860185],[113.03715,-7.860185],[113.03715,-7.860457],[113.037692,-7.860457],[113.037692,-7.86073],[113.037962,-7.86073],[113.037962,-7.861547],[113.037692,-7.861547],[113.037692,-7.861275],[113.036879,-7.861275],[113.036879,-7.860185]],[[112.94512,-7.860457],[112.945391,-7.860457],[112.945391,-7.861002],[112.94512,-7.861002],[112.94512,-7.860457]],[[112.967586,-7.860457],[112.968128,-7.860457],[112.968128,-7.861002],[112.967586,-7.861002],[112.967586,-7.860457]],[[112.973812,-7.860457],[112.974083,-7.860457],[112.974083,-7.861275],[112.973812,-7.861275],[112.973812,-7.860457]],[[112.977601,-7.860457],[112.978143,-7.860457],[112.978143,-7.86073],[112.977872,-7.86073],[112.977872,-7.861002],[112.977601,-7.861002],[112.977601,-7.860457]],[[112.978684,-7.860457],[112.978955,-7.860457],[112.978955,-7.86073],[112.978684,-7.86073],[112.978684,-7.860457]],[[112.985722,-7.860457],[112.986263,-7.860457],[112.986263,-7.86073],[112.985722,-7.86073],[112.985722,-7.860457]],[[113.006564,-7.860457],[113.006834,-7.860457],[113.006834,-7.86073],[113.006564,-7.86073],[113.006564,-7.860457]],[[113.019286,-7.860457],[113.019556,-7.860457],[113.019556,-7.86073],[113.019286,-7.86073],[113.019286,-7.860457]],[[113.02903,-7.860457],[113.029301,-7.860457],[113.029301,-7.861002],[113.02903,-7.861002],[113.02903,-7.860457]],[[112.948098,-7.86073],[112.948369,-7.86073],[112.948369,-7.861002],[112.948098,-7.861002],[112.948098,-7.86073]],[[112.951075,-7.86073],[112.951617,-7.86073],[112.951617,-7.861002],[112.951075,-7.861002],[112.951075,-7.86073]],[[112.952699,-7.86073],[112.95297,-7.86073],[112.95297,-7.861002],[112.952699,-7.861002],[112.952699,-7.86073]],[[113.02497,-7.86073],[113.025511,-7.86073],[113.025511,-7.861002],[113.02497,-7.861002],[113.02497,-7.86073]],[[113.026323,-7.86073],[113.026594,-7.86073],[113.026594,-7.861002],[113.026323,-7.861002],[113.026323,-7.86073]],[[112.96082,-7.861002],[112.96109,-7.861002],[112.96109,-7.861547],[112.96082,-7.861547],[112.96082,-7.861002]],[[112.962444,-7.861002],[112.962714,-7.861002],[112.962714,-7.861275],[112.962444,-7.861275],[112.962444,-7.861002]],[[112.979767,-7.861002],[112.980038,-7.861002],[112.980038,-7.86182],[112.979767,-7.86182],[112.979767,-7.861002]],[[112.982474,-7.861002],[112.982744,-7.861002],[112.982744,-7.862092],[112.982474,-7.862092],[112.982474,-7.86291],[112.982203,-7.86291],[112.982203,-7.863455],[112.981932,-7.863455],[112.981932,-7.863727],[112.981391,-7.863727],[112.981391,-7.863455],[112.98112,-7.863455],[112.98112,-7.863182],[112.981391,-7.863182],[112.981391,-7.86291],[112.981932,-7.86291],[112.981932,-7.862365],[112.982203,-7.862365],[112.982203,-7.861547],[112.982474,-7.861547],[112.982474,-7.861002]],[[112.963526,-7.861275],[112.964068,-7.861275],[112.964068,-7.861547],[112.963526,-7.861547],[112.963526,-7.861275]],[[112.970023,-7.861275],[112.970293,-7.861275],[112.970293,-7.86182],[112.970023,-7.86182],[112.970023,-7.861275]],[[113.006564,-7.861275],[113.006834,-7.861275],[113.006834,-7.861547],[113.006564,-7.861547],[113.006564,-7.861275]],[[113.027406,-7.861275],[113.027947,-7.861275],[113.027947,-7.861547],[113.028489,-7.861547],[113.028489,-7.862365],[113.028759,-7.862365],[113.028759,-7.862637],[113.027406,-7.862637],[113.027406,-7.862092],[113.026864,-7.862092],[113.026864,-7.86182],[113.027135,-7.86182],[113.027135,-7.861547],[113.027406,-7.861547],[113.027406,-7.861275]],[[113.038774,-7.861275],[113.039045,-7.861275],[113.039045,-7.86182],[113.038774,-7.86182],[113.038774,-7.861275]],[[112.952699,-7.861547],[112.95297,-7.861547],[112.95297,-7.862092],[112.952699,-7.862092],[112.952699,-7.861547]],[[112.963256,-7.861547],[112.963526,-7.861547],[112.963526,-7.862365],[112.963256,-7.862365],[112.963256,-7.861547]],[[112.966504,-7.861547],[112.966774,-7.861547],[112.966774,-7.86182],[112.966504,-7.86182],[112.966504,-7.861547]],[[112.973812,-7.861547],[112.974624,-7.861547],[112.974624,-7.862092],[112.973812,-7.862092],[112.973812,-7.862365],[112.973271,-7.862365],[112.973271,-7.86182],[112.973812,-7.86182],[112.973812,-7.861547]],[[113.007105,-7.861547],[113.007376,-7.861547],[113.007376,-7.86182],[113.007105,-7.86182],[113.007105,-7.861547]],[[113.007647,-7.861547],[113.008188,-7.861547],[113.008188,-7.86182],[113.008459,-7.86182],[113.008459,-7.862092],[113.007647,-7.862092],[113.007647,-7.862637],[113.007376,-7.862637],[113.007376,-7.86182],[113.007647,-7.86182],[113.007647,-7.861547]],[[113.025782,-7.861547],[113.026052,-7.861547],[113.026052,-7.86182],[113.025782,-7.86182],[113.025782,-7.861547]],[[112.950534,-7.86182],[112.951075,-7.86182],[112.951075,-7.862092],[112.950534,-7.862092],[112.950534,-7.86182]],[[112.96109,-7.86182],[112.961632,-7.86182],[112.961632,-7.862092],[112.96109,-7.862092],[112.96109,-7.86182]],[[112.967316,-7.86182],[112.967586,-7.86182],[112.967586,-7.862092],[112.967316,-7.862092],[112.967316,-7.86182]],[[112.968399,-7.86182],[112.969211,-7.86182],[112.969211,-7.862092],[112.968399,-7.862092],[112.968399,-7.86182]],[[112.974895,-7.86182],[112.975165,-7.86182],[112.975165,-7.862092],[112.974895,-7.862092],[112.974895,-7.86182]],[[112.977601,-7.86182],[112.977872,-7.86182],[112.977872,-7.862092],[112.978143,-7.862092],[112.978143,-7.86182],[112.978684,-7.86182],[112.978684,-7.863182],[112.977601,-7.863182],[112.977601,-7.86291],[112.977331,-7.86291],[112.977331,-7.862637],[112.977601,-7.862637],[112.977601,-7.86182]],[[112.979496,-7.86182],[112.979767,-7.86182],[112.979767,-7.862092],[112.979496,-7.862092],[112.979496,-7.86182]],[[112.98112,-7.86182],[112.981391,-7.86182],[112.981391,-7.862092],[112.98112,-7.862092],[112.98112,-7.86182]],[[112.98491,-7.86182],[112.98518,-7.86182],[112.98518,-7.862092],[112.98491,-7.862092],[112.98491,-7.86182]],[[112.94485,-7.862092],[112.94512,-7.862092],[112.94512,-7.86291],[112.94485,-7.86291],[112.94485,-7.862092]],[[112.945391,-7.862092],[112.945932,-7.862092],[112.945932,-7.862365],[112.946203,-7.862365],[112.946203,-7.863182],[112.945932,-7.863182],[112.945932,-7.86291],[112.945662,-7.86291],[112.945662,-7.862365],[112.945391,-7.862365],[112.945391,-7.862092]],[[112.947286,-7.862092],[112.947556,-7.862092],[112.947556,-7.862365],[112.947827,-7.862365],[112.947827,-7.86291],[112.947286,-7.86291],[112.947286,-7.862092]],[[112.967045,-7.862092],[112.967316,-7.862092],[112.967316,-7.862637],[112.967045,-7.862637],[112.967045,-7.862092]],[[112.986534,-7.862092],[112.987075,-7.862092],[112.987075,-7.862365],[112.986804,-7.862365],[112.986804,-7.862637],[112.986263,-7.862637],[112.986263,-7.862365],[112.986534,-7.862365],[112.986534,-7.862092]],[[112.979226,-7.862365],[112.979496,-7.862365],[112.979496,-7.862637],[112.979226,-7.862637],[112.979226,-7.862365]],[[113.038774,-7.862365],[113.039045,-7.862365],[113.039045,-7.862637],[113.038774,-7.862637],[113.038774,-7.862365]],[[112.971376,-7.862637],[112.971647,-7.862637],[112.971647,-7.863182],[112.971376,-7.863182],[112.971376,-7.862637]],[[112.985992,-7.862637],[112.986263,-7.862637],[112.986263,-7.86291],[112.985992,-7.86291],[112.985992,-7.862637]],[[113.046353,-7.862637],[113.046624,-7.862637],[113.046624,-7.863455],[113.046353,-7.863455],[113.046353,-7.862637]],[[113.047977,-7.862637],[113.048248,-7.862637],[113.048248,-7.863727],[113.047977,-7.863727],[113.047977,-7.862637]],[[112.980579,-7.86291],[112.98112,-7.86291],[112.98112,-7.863182],[112.980579,-7.863182],[112.980579,-7.86291]],[[112.98518,-7.86291],[112.985451,-7.86291],[112.985451,-7.863182],[112.98518,-7.863182],[112.98518,-7.86291]],[[113.039045,-7.86291],[113.039316,-7.86291],[113.039316,-7.863182],[113.039045,-7.863182],[113.039045,-7.86291]],[[113.043376,-7.86291],[113.043646,-7.86291],[113.043646,-7.863182],[113.043376,-7.863182],[113.043376,-7.86291]],[[112.942414,-7.863182],[112.942684,-7.863182],[112.942684,-7.863727],[112.942414,-7.863727],[112.942414,-7.863182]],[[112.94512,-7.863182],[112.945391,-7.863182],[112.945391,-7.863455],[112.94512,-7.863455],[112.94512,-7.863182]],[[112.946203,-7.863182],[112.946744,-7.863182],[112.946744,-7.863455],[112.947015,-7.863455],[112.947015,-7.864272],[112.946744,-7.864272],[112.946744,-7.863727],[112.946203,-7.863727],[112.946203,-7.863182]],[[112.949993,-7.863182],[112.950263,-7.863182],[112.950263,-7.863455],[112.949993,-7.863455],[112.949993,-7.863182]],[[112.98491,-7.863182],[112.98518,-7.863182],[112.98518,-7.863455],[112.98491,-7.863455],[112.98491,-7.863182]],[[112.964068,-7.863455],[112.964338,-7.863455],[112.964338,-7.863727],[112.964068,-7.863727],[112.964068,-7.863455]],[[113.039316,-7.863455],[113.039586,-7.863455],[113.039586,-7.863727],[113.039316,-7.863727],[113.039316,-7.863455]],[[112.940519,-7.863727],[112.94079,-7.863727],[112.94079,-7.864],[112.940519,-7.864],[112.940519,-7.863727]],[[112.950263,-7.863727],[112.950534,-7.863727],[112.950534,-7.864],[112.950263,-7.864],[112.950263,-7.863727]],[[112.963797,-7.863727],[112.964068,-7.863727],[112.964068,-7.864],[112.963797,-7.864],[112.963797,-7.863727]],[[112.978414,-7.863727],[112.978684,-7.863727],[112.978684,-7.864817],[112.978143,-7.864817],[112.978143,-7.864],[112.978414,-7.864],[112.978414,-7.863727]],[[113.027406,-7.863727],[113.027947,-7.863727],[113.027947,-7.864],[113.027406,-7.864],[113.027406,-7.863727]],[[113.038504,-7.863727],[113.038774,-7.863727],[113.038774,-7.864545],[113.038504,-7.864545],[113.038504,-7.863727]],[[113.041752,-7.863727],[113.042022,-7.863727],[113.042022,-7.864545],[113.041752,-7.864545],[113.041752,-7.863727]],[[112.938895,-7.864],[112.939436,-7.864],[112.939436,-7.86509],[112.939166,-7.86509],[112.939166,-7.864817],[112.938895,-7.864817],[112.938895,-7.864]],[[112.94079,-7.864],[112.94106,-7.864],[112.94106,-7.864817],[112.94079,-7.864817],[112.94079,-7.864]],[[112.962985,-7.864],[112.963256,-7.864],[112.963256,-7.864545],[112.962985,-7.864545],[112.962985,-7.864]],[[113.006022,-7.864],[113.006293,-7.864],[113.006293,-7.864272],[113.006022,-7.864272],[113.006022,-7.864]],[[112.928068,-7.864272],[112.928339,-7.864272],[112.928339,-7.864817],[112.928068,-7.864817],[112.928068,-7.864272]],[[112.950805,-7.864272],[112.951075,-7.864272],[112.951075,-7.864817],[112.950805,-7.864817],[112.950805,-7.864272]],[[112.955947,-7.864272],[112.956489,-7.864272],[112.956489,-7.864545],[112.955947,-7.864545],[112.955947,-7.864272]],[[113.048248,-7.864272],[113.048519,-7.864272],[113.048519,-7.865362],[113.048248,-7.865362],[113.048248,-7.864272]],[[112.94512,-7.864545],[112.945391,-7.864545],[112.945391,-7.864817],[112.94512,-7.864817],[112.94512,-7.864545]],[[112.955677,-7.864545],[112.955947,-7.864545],[112.955947,-7.864817],[112.955677,-7.864817],[112.955677,-7.864545]],[[113.037692,-7.864545],[113.037962,-7.864545],[113.037962,-7.864817],[113.037692,-7.864817],[113.037692,-7.864545]],[[112.971917,-7.864817],[112.972188,-7.864817],[112.972188,-7.865362],[112.971917,-7.865362],[112.971917,-7.864817]],[[112.975707,-7.864817],[112.976248,-7.864817],[112.976248,-7.86509],[112.975707,-7.86509],[112.975707,-7.864817]],[[112.977872,-7.864817],[112.978143,-7.864817],[112.978143,-7.865362],[112.977601,-7.865362],[112.977601,-7.86509],[112.977872,-7.86509],[112.977872,-7.864817]],[[113.038504,-7.864817],[113.039045,-7.864817],[113.039045,-7.86509],[113.038504,-7.86509],[113.038504,-7.864817]],[[113.04094,-7.864817],[113.04121,-7.864817],[113.04121,-7.86509],[113.04094,-7.86509],[113.04094,-7.864817]],[[113.045812,-7.864817],[113.046353,-7.864817],[113.046353,-7.86509],[113.045812,-7.86509],[113.045812,-7.864817]],[[113.038233,-7.86509],[113.038504,-7.86509],[113.038504,-7.865362],[113.038233,-7.865362],[113.038233,-7.86509]],[[112.939978,-7.865362],[112.940248,-7.865362],[112.940248,-7.865635],[112.939978,-7.865635],[112.939978,-7.865362]],[[113.046624,-7.865362],[113.047165,-7.865362],[113.047165,-7.86618],[113.046353,-7.86618],[113.046353,-7.865907],[113.046624,-7.865907],[113.046624,-7.865362]],[[112.927526,-7.865907],[112.927797,-7.865907],[112.927797,-7.866452],[112.927526,-7.866452],[112.927526,-7.865907]],[[112.992218,-7.865907],[112.992489,-7.865907],[112.992489,-7.866452],[112.992218,-7.866452],[112.992218,-7.866725],[112.991947,-7.866725],[112.991947,-7.86618],[112.992218,-7.86618],[112.992218,-7.865907]],[[113.037962,-7.865907],[113.038233,-7.865907],[113.038233,-7.86618],[113.038504,-7.86618],[113.038504,-7.866452],[113.038233,-7.866452],[113.038233,-7.866725],[113.037692,-7.866725],[113.037692,-7.86618],[113.037962,-7.86618],[113.037962,-7.865907]],[[113.038504,-7.865907],[113.039045,-7.865907],[113.039045,-7.86618],[113.038504,-7.86618],[113.038504,-7.865907]],[[113.047977,-7.865907],[113.048248,-7.865907],[113.048248,-7.866452],[113.047977,-7.866452],[113.047977,-7.865907]],[[112.931857,-7.86618],[112.932399,-7.86618],[112.932399,-7.866725],[112.932128,-7.866725],[112.932128,-7.866452],[112.931857,-7.866452],[112.931857,-7.86618]],[[113.046082,-7.866452],[113.046894,-7.866452],[113.046894,-7.867542],[113.047436,-7.867542],[113.047436,-7.867815],[113.046624,-7.867815],[113.046624,-7.867542],[113.046353,-7.867542],[113.046353,-7.866725],[113.046082,-7.866725],[113.046082,-7.866452]],[[112.927797,-7.866725],[112.928068,-7.866725],[112.928068,-7.867542],[112.927797,-7.867542],[112.927797,-7.866725]],[[112.936188,-7.866725],[112.936729,-7.866725],[112.936729,-7.866997],[112.936188,-7.866997],[112.936188,-7.866725]],[[112.937812,-7.866725],[112.938083,-7.866725],[112.938083,-7.866997],[112.937812,-7.866997],[112.937812,-7.866725]],[[112.949451,-7.866725],[112.949722,-7.866725],[112.949722,-7.86727],[112.949451,-7.86727],[112.949451,-7.866725]],[[113.037421,-7.866725],[113.037692,-7.866725],[113.037692,-7.86727],[113.037421,-7.86727],[113.037421,-7.866725]],[[112.983827,-7.866997],[112.984098,-7.866997],[112.984098,-7.867542],[112.983556,-7.867542],[112.983556,-7.86727],[112.983827,-7.86727],[112.983827,-7.866997]],[[112.98491,-7.86727],[112.98518,-7.86727],[112.98518,-7.867815],[112.98491,-7.867815],[112.98491,-7.86727]],[[112.986263,-7.867542],[112.986534,-7.867542],[112.986534,-7.867815],[112.986263,-7.867815],[112.986263,-7.867542]],[[113.036879,-7.867542],[113.037421,-7.867542],[113.037421,-7.867815],[113.036879,-7.867815],[113.036879,-7.867542]],[[112.983286,-7.867815],[112.983556,-7.867815],[112.983556,-7.868087],[112.983286,-7.868087],[112.983286,-7.867815]],[[112.984368,-7.867815],[112.98491,-7.867815],[112.98491,-7.868087],[112.984639,-7.868087],[112.984639,-7.868632],[112.984098,-7.868632],[112.984098,-7.868087],[112.984368,-7.868087],[112.984368,-7.867815]],[[112.988429,-7.867815],[112.988699,-7.867815],[112.988699,-7.86836],[112.987887,-7.86836],[112.987887,-7.868087],[112.988429,-7.868087],[112.988429,-7.867815]],[[112.990053,-7.867815],[112.990323,-7.867815],[112.990323,-7.868087],[112.990053,-7.868087],[112.990053,-7.867815]],[[113.036609,-7.867815],[113.036879,-7.867815],[113.036879,-7.868087],[113.036609,-7.868087],[113.036609,-7.867815]],[[112.939436,-7.868087],[112.939978,-7.868087],[112.939978,-7.86836],[112.939436,-7.86836],[112.939436,-7.868087]],[[112.986534,-7.868087],[112.987075,-7.868087],[112.987075,-7.86836],[112.986534,-7.86836],[112.986534,-7.868087]],[[113.041481,-7.868087],[113.041752,-7.868087],[113.041752,-7.86836],[113.041481,-7.86836],[113.041481,-7.868087]],[[112.928068,-7.86836],[112.928339,-7.86836],[112.928339,-7.868905],[112.928068,-7.868905],[112.928068,-7.86836]],[[112.937541,-7.86836],[112.937812,-7.86836],[112.937812,-7.868632],[112.937541,-7.868632],[112.937541,-7.86836]],[[112.939978,-7.86836],[112.940248,-7.86836],[112.940248,-7.868905],[112.939978,-7.868905],[112.939978,-7.86836]],[[112.983556,-7.86836],[112.983827,-7.86836],[112.983827,-7.868632],[112.983556,-7.868632],[112.983556,-7.86836]],[[112.986263,-7.86836],[112.986534,-7.86836],[112.986534,-7.868632],[112.986263,-7.868632],[112.986263,-7.86836]],[[112.989511,-7.86836],[112.990053,-7.86836],[112.990053,-7.868632],[112.989511,-7.868632],[112.989511,-7.86836]],[[113.036338,-7.86836],[113.036609,-7.86836],[113.036609,-7.869177],[113.036338,-7.869177],[113.036338,-7.86836]],[[112.929692,-7.868632],[112.929963,-7.868632],[112.929963,-7.868905],[112.929692,-7.868905],[112.929692,-7.868632]],[[112.937,-7.868632],[112.937271,-7.868632],[112.937271,-7.868905],[112.937,-7.868905],[112.937,-7.868632]],[[112.983286,-7.868632],[112.983556,-7.868632],[112.983556,-7.869995],[112.983286,-7.869995],[112.983286,-7.87054],[112.982203,-7.87054],[112.982203,-7.870812],[112.981932,-7.870812],[112.981932,-7.869995],[112.982474,-7.869995],[112.982474,-7.869722],[112.983286,-7.869722],[112.983286,-7.868632]],[[113.036879,-7.868632],[113.037421,-7.868632],[113.037421,-7.869177],[113.036879,-7.869177],[113.036879,-7.868632]],[[113.043376,-7.868632],[113.043917,-7.868632],[113.043917,-7.868905],[113.043646,-7.868905],[113.043646,-7.869177],[113.043376,-7.869177],[113.043376,-7.868632]],[[112.937271,-7.868905],[112.937541,-7.868905],[112.937541,-7.86945],[112.937271,-7.86945],[112.937271,-7.868905]],[[112.940248,-7.868905],[112.940519,-7.868905],[112.940519,-7.86945],[112.94079,-7.86945],[112.94079,-7.869722],[112.941602,-7.869722],[112.941602,-7.869995],[112.941872,-7.869995],[112.941872,-7.87054],[112.94106,-7.87054],[112.94106,-7.870812],[112.94079,-7.870812],[112.94079,-7.87054],[112.940519,-7.87054],[112.940519,-7.869722],[112.940248,-7.869722],[112.940248,-7.868905]],[[112.994654,-7.869177],[112.994925,-7.869177],[112.994925,-7.869995],[112.994654,-7.869995],[112.994654,-7.869177]],[[113.036067,-7.869177],[113.036338,-7.869177],[113.036338,-7.86945],[113.036067,-7.86945],[113.036067,-7.869177]],[[113.041752,-7.869177],[113.043105,-7.869177],[113.043105,-7.869995],[113.042564,-7.869995],[113.042564,-7.870267],[113.041752,-7.870267],[113.041752,-7.869177]],[[112.935376,-7.86945],[112.935917,-7.86945],[112.935917,-7.869722],[112.935376,-7.869722],[112.935376,-7.86945]],[[112.992759,-7.86945],[112.993301,-7.86945],[112.993301,-7.869995],[112.992759,-7.869995],[112.992759,-7.86945]],[[112.93294,-7.869722],[112.933211,-7.869722],[112.933211,-7.870267],[112.93294,-7.870267],[112.93294,-7.869722]],[[112.935917,-7.869722],[112.936188,-7.869722],[112.936188,-7.870267],[112.935917,-7.870267],[112.935917,-7.869722]],[[112.937541,-7.869722],[112.937812,-7.869722],[112.937812,-7.869995],[112.937541,-7.869995],[112.937541,-7.869722]],[[112.98491,-7.869722],[112.98518,-7.869722],[112.98518,-7.869995],[112.98491,-7.869995],[112.98491,-7.869722]],[[112.986534,-7.869722],[112.986804,-7.869722],[112.986804,-7.869995],[112.986534,-7.869995],[112.986534,-7.869722]],[[112.983827,-7.869995],[112.984098,-7.869995],[112.984098,-7.870267],[112.983827,-7.870267],[112.983827,-7.869995]],[[112.994383,-7.869995],[112.994654,-7.869995],[112.994654,-7.870267],[112.994383,-7.870267],[112.994383,-7.869995]],[[112.929421,-7.870267],[112.929692,-7.870267],[112.929692,-7.87054],[112.929421,-7.87054],[112.929421,-7.870267]],[[112.933211,-7.870267],[112.933752,-7.870267],[112.933752,-7.87054],[112.933211,-7.87054],[112.933211,-7.870267]],[[112.98085,-7.870267],[112.98112,-7.870267],[112.98112,-7.87054],[112.98085,-7.87054],[112.98085,-7.870267]],[[113.04094,-7.870267],[113.04121,-7.870267],[113.04121,-7.87054],[113.04094,-7.87054],[113.04094,-7.870267]],[[112.929692,-7.87054],[112.929963,-7.87054],[112.929963,-7.870812],[112.929692,-7.870812],[112.929692,-7.87054]],[[112.930775,-7.87054],[112.931045,-7.87054],[112.931045,-7.870812],[112.930775,-7.870812],[112.930775,-7.87054]],[[112.942143,-7.87054],[112.942414,-7.87054],[112.942414,-7.870812],[112.942143,-7.870812],[112.942143,-7.87054]],[[113.042834,-7.87054],[113.043105,-7.87054],[113.043105,-7.870812],[113.042834,-7.870812],[113.042834,-7.87054]],[[112.939166,-7.870812],[112.939707,-7.870812],[112.939707,-7.871085],[112.940519,-7.871085],[112.940519,-7.871357],[112.940248,-7.871357],[112.940248,-7.87163],[112.939978,-7.87163],[112.939978,-7.871357],[112.939436,-7.871357],[112.939436,-7.871085],[112.939166,-7.871085],[112.939166,-7.870812]],[[112.944308,-7.870812],[112.944579,-7.870812],[112.944579,-7.871085],[112.944308,-7.871085],[112.944308,-7.870812]],[[112.994925,-7.870812],[112.995737,-7.870812],[112.995737,-7.871357],[112.994925,-7.871357],[112.994925,-7.870812]],[[112.998173,-7.870812],[112.998444,-7.870812],[112.998444,-7.871085],[112.998173,-7.871085],[112.998173,-7.870812]],[[113.04121,-7.870812],[113.041481,-7.870812],[113.041481,-7.871085],[113.04121,-7.871085],[113.04121,-7.870812]],[[112.930233,-7.871085],[112.930504,-7.871085],[112.930504,-7.871357],[112.930233,-7.871357],[112.930233,-7.871085]],[[112.934835,-7.871085],[112.935105,-7.871085],[112.935105,-7.871357],[112.934835,-7.871357],[112.934835,-7.871085]],[[112.937541,-7.871085],[112.937812,-7.871085],[112.937812,-7.871357],[112.937541,-7.871357],[112.937541,-7.871085]],[[112.942955,-7.871085],[112.943496,-7.871085],[112.943496,-7.871357],[112.942955,-7.871357],[112.942955,-7.871085]],[[112.983286,-7.871085],[112.983556,-7.871085],[112.983556,-7.871357],[112.983286,-7.871357],[112.983286,-7.871085]],[[112.989241,-7.871085],[112.989511,-7.871085],[112.989511,-7.871357],[112.989241,-7.871357],[112.989241,-7.871085]],[[112.997902,-7.871085],[112.998173,-7.871085],[112.998173,-7.871357],[112.997902,-7.871357],[112.997902,-7.871085]],[[112.930504,-7.871357],[112.930775,-7.871357],[112.930775,-7.87163],[112.931045,-7.87163],[112.931045,-7.871902],[112.930504,-7.871902],[112.930504,-7.871357]],[[112.94079,-7.871357],[112.941602,-7.871357],[112.941602,-7.87163],[112.941872,-7.87163],[112.941872,-7.872175],[112.942143,-7.872175],[112.942143,-7.872447],[112.942414,-7.872447],[112.942414,-7.87272],[112.942684,-7.87272],[112.942684,-7.87381],[112.942414,-7.87381],[112.942414,-7.874082],[112.941872,-7.874082],[112.941872,-7.873537],[112.941602,-7.873537],[112.941602,-7.873265],[112.94079,-7.873265],[112.94079,-7.87272],[112.940519,-7.87272],[112.940519,-7.872447],[112.94079,-7.872447],[112.94079,-7.872175],[112.940248,-7.872175],[112.940248,-7.87163],[112.94079,-7.87163],[112.94079,-7.871357]],[[112.994113,-7.87163],[112.994383,-7.87163],[112.994383,-7.871902],[112.994113,-7.871902],[112.994113,-7.87163]],[[113.04527,-7.87163],[113.045812,-7.87163],[113.045812,-7.872175],[113.04527,-7.872175],[113.04527,-7.87163]],[[112.931045,-7.871902],[112.931587,-7.871902],[112.931587,-7.872175],[112.931045,-7.872175],[112.931045,-7.871902]],[[112.936459,-7.871902],[112.937,-7.871902],[112.937,-7.872175],[112.936459,-7.872175],[112.936459,-7.871902]],[[112.987346,-7.871902],[112.987617,-7.871902],[112.987617,-7.872447],[112.987346,-7.872447],[112.987346,-7.871902]],[[112.993842,-7.871902],[112.994113,-7.871902],[112.994113,-7.872175],[112.993842,-7.872175],[112.993842,-7.871902]],[[112.931587,-7.872175],[112.931857,-7.872175],[112.931857,-7.87272],[112.931587,-7.87272],[112.931587,-7.872175]],[[112.937,-7.872175],[112.937541,-7.872175],[112.937541,-7.872992],[112.937271,-7.872992],[112.937271,-7.872447],[112.937,-7.872447],[112.937,-7.872175]],[[113.047436,-7.872175],[113.047977,-7.872175],[113.047977,-7.87272],[113.047707,-7.87272],[113.047707,-7.873265],[113.046894,-7.873265],[113.046894,-7.87272],[113.047436,-7.87272],[113.047436,-7.872175]],[[112.981932,-7.872447],[112.982203,-7.872447],[112.982203,-7.87272],[112.981932,-7.87272],[112.981932,-7.872447]],[[112.983556,-7.872447],[112.983827,-7.872447],[112.983827,-7.87272],[112.983556,-7.87272],[112.983556,-7.872447]],[[112.984098,-7.872447],[112.984368,-7.872447],[112.984368,-7.87272],[112.984098,-7.87272],[112.984098,-7.872447]],[[112.939978,-7.87272],[112.940248,-7.87272],[112.940248,-7.873265],[112.939978,-7.873265],[112.939978,-7.87272]],[[112.937541,-7.872992],[112.937812,-7.872992],[112.937812,-7.873265],[112.937541,-7.873265],[112.937541,-7.872992]],[[112.982744,-7.872992],[112.983286,-7.872992],[112.983286,-7.873265],[112.983556,-7.873265],[112.983556,-7.87381],[112.983286,-7.87381],[112.983286,-7.873537],[112.982744,-7.873537],[112.982744,-7.872992]],[[112.986263,-7.872992],[112.986534,-7.872992],[112.986534,-7.873265],[112.986263,-7.873265],[112.986263,-7.872992]],[[113.04527,-7.872992],[113.045541,-7.872992],[113.045541,-7.873265],[113.04527,-7.873265],[113.04527,-7.872992]],[[112.986534,-7.873265],[112.987346,-7.873265],[112.987346,-7.873537],[112.987075,-7.873537],[112.987075,-7.87381],[112.986804,-7.87381],[112.986804,-7.874082],[112.986263,-7.874082],[112.986263,-7.873537],[112.986534,-7.873537],[112.986534,-7.873265]],[[113.045,-7.873265],[113.04527,-7.873265],[113.04527,-7.873537],[113.045,-7.873537],[113.045,-7.873265]],[[112.938354,-7.873537],[112.938895,-7.873537],[112.938895,-7.87381],[112.938354,-7.87381],[112.938354,-7.873537]],[[112.987617,-7.873537],[112.988429,-7.873537],[112.988429,-7.87381],[112.988699,-7.87381],[112.988699,-7.874082],[112.988158,-7.874082],[112.988158,-7.87381],[112.987617,-7.87381],[112.987617,-7.873537]],[[112.995737,-7.87381],[112.996007,-7.87381],[112.996007,-7.874082],[112.995737,-7.874082],[112.995737,-7.87381]],[[112.935917,-7.874082],[112.937,-7.874082],[112.937,-7.874355],[112.937271,-7.874355],[112.937271,-7.874627],[112.937541,-7.874627],[112.937541,-7.875172],[112.937271,-7.875172],[112.937271,-7.8749],[112.937,-7.8749],[112.937,-7.874627],[112.936459,-7.874627],[112.936459,-7.874355],[112.935917,-7.874355],[112.935917,-7.874082]],[[112.939436,-7.874082],[112.939707,-7.874082],[112.939707,-7.874355],[112.939978,-7.874355],[112.939978,-7.8749],[112.940248,-7.8749],[112.940248,-7.875717],[112.939978,-7.875717],[112.939978,-7.875172],[112.939707,-7.875172],[112.939707,-7.874627],[112.939436,-7.874627],[112.939436,-7.874082]],[[112.987346,-7.874082],[112.987617,-7.874082],[112.987617,-7.874627],[112.987346,-7.874627],[112.987346,-7.874082]],[[112.995466,-7.874082],[112.995737,-7.874082],[112.995737,-7.874355],[112.995466,-7.874355],[112.995466,-7.874082]],[[113.047165,-7.874082],[113.047977,-7.874082],[113.047977,-7.874355],[113.047436,-7.874355],[113.047436,-7.874627],[113.047165,-7.874627],[113.047165,-7.874082]],[[113.045812,-7.874355],[113.046082,-7.874355],[113.046082,-7.874627],[113.045812,-7.874627],[113.045812,-7.874355]],[[112.93294,-7.874627],[112.933211,-7.874627],[112.933211,-7.8749],[112.934023,-7.8749],[112.934023,-7.875445],[112.934293,-7.875445],[112.934293,-7.875172],[112.934835,-7.875172],[112.934835,-7.875717],[112.935105,-7.875717],[112.935105,-7.875172],[112.936459,-7.875172],[112.936459,-7.87599],[112.937541,-7.87599],[112.937541,-7.876263],[112.938895,-7.876263],[112.938895,-7.876535],[112.938083,-7.876535],[112.938083,-7.876808],[112.937541,-7.876808],[112.937541,-7.877353],[112.936729,-7.877353],[112.936729,-7.877625],[112.935917,-7.877625],[112.935917,-7.87817],[112.935376,-7.87817],[112.935376,-7.878443],[112.935105,-7.878443],[112.935105,-7.87817],[112.934835,-7.87817],[112.934835,-7.877625],[112.935105,-7.877625],[112.935105,-7.877353],[112.935376,-7.877353],[112.935376,-7.87708],[112.935105,-7.87708],[112.935105,-7.876535],[112.934564,-7.876535],[112.934564,-7.876263],[112.934293,-7.876263],[112.934293,-7.87599],[112.933211,-7.87599],[112.933211,-7.875445],[112.932128,-7.875445],[112.932128,-7.8749],[112.93294,-7.8749],[112.93294,-7.874627]],[[112.928609,-7.8749],[112.929151,-7.8749],[112.929151,-7.875445],[112.928609,-7.875445],[112.928609,-7.8749]],[[112.98085,-7.8749],[112.98112,-7.8749],[112.98112,-7.875172],[112.98085,-7.875172],[112.98085,-7.8749]],[[113.046624,-7.8749],[113.047436,-7.8749],[113.047436,-7.87599],[113.047165,-7.87599],[113.047165,-7.875717],[113.046624,-7.875717],[113.046624,-7.876263],[113.046353,-7.876263],[113.046353,-7.87599],[113.046082,-7.87599],[113.046082,-7.875717],[113.046353,-7.875717],[113.046353,-7.875445],[113.046624,-7.875445],[113.046624,-7.8749]],[[112.926714,-7.875172],[112.926985,-7.875172],[112.926985,-7.875445],[112.926714,-7.875445],[112.926714,-7.875172]],[[112.987075,-7.875172],[112.987346,-7.875172],[112.987346,-7.875445],[112.987075,-7.875445],[112.987075,-7.875172]],[[112.986804,-7.875445],[112.987075,-7.875445],[112.987075,-7.876263],[112.986804,-7.876263],[112.986804,-7.875445]],[[113.043376,-7.875445],[113.043917,-7.875445],[113.043917,-7.876263],[113.043646,-7.876263],[113.043646,-7.876808],[113.042834,-7.876808],[113.042834,-7.876263],[113.043105,-7.876263],[113.043105,-7.87599],[113.043376,-7.87599],[113.043376,-7.875445]],[[112.927526,-7.875717],[112.927797,-7.875717],[112.927797,-7.87599],[112.927526,-7.87599],[112.927526,-7.875717]],[[112.937541,-7.875717],[112.937812,-7.875717],[112.937812,-7.87599],[112.937541,-7.87599],[112.937541,-7.875717]],[[112.982474,-7.875717],[112.983015,-7.875717],[112.983015,-7.87599],[112.982474,-7.87599],[112.982474,-7.875717]],[[112.983286,-7.875717],[112.983556,-7.875717],[112.983556,-7.87599],[112.983286,-7.87599],[112.983286,-7.875717]],[[112.98491,-7.875717],[112.985722,-7.875717],[112.985722,-7.876808],[112.985451,-7.876808],[112.985451,-7.87708],[112.985722,-7.87708],[112.985722,-7.877898],[112.986263,-7.877898],[112.986263,-7.87817],[112.985992,-7.87817],[112.985992,-7.878443],[112.98491,-7.878443],[112.98491,-7.878988],[112.984368,-7.878988],[112.984368,-7.878715],[112.983827,-7.878715],[112.983827,-7.878443],[112.983556,-7.878443],[112.983556,-7.878715],[112.983286,-7.878715],[112.983286,-7.87817],[112.983556,-7.87817],[112.983556,-7.87708],[112.983827,-7.87708],[112.983827,-7.876808],[112.984098,-7.876808],[112.984098,-7.876535],[112.98491,-7.876535],[112.98491,-7.875717]],[[112.985992,-7.875717],[112.986263,-7.875717],[112.986263,-7.876263],[112.985992,-7.876263],[112.985992,-7.875717]],[[112.931587,-7.87599],[112.931857,-7.87599],[112.931857,-7.876263],[112.931587,-7.876263],[112.931587,-7.87599]],[[112.932399,-7.87599],[112.93294,-7.87599],[112.93294,-7.876263],[112.932399,-7.876263],[112.932399,-7.87599]],[[112.982203,-7.87599],[112.982474,-7.87599],[112.982474,-7.87708],[112.981932,-7.87708],[112.981932,-7.876263],[112.982203,-7.876263],[112.982203,-7.87599]],[[112.93294,-7.876263],[112.933481,-7.876263],[112.933481,-7.876535],[112.934293,-7.876535],[112.934293,-7.87708],[112.934564,-7.87708],[112.934564,-7.877353],[112.934835,-7.877353],[112.934835,-7.877625],[112.933481,-7.877625],[112.933481,-7.87708],[112.93294,-7.87708],[112.93294,-7.876808],[112.933211,-7.876808],[112.933211,-7.876535],[112.93294,-7.876535],[112.93294,-7.876263]],[[112.986534,-7.876263],[112.986804,-7.876263],[112.986804,-7.876808],[112.986534,-7.876808],[112.986534,-7.876263]],[[113.046624,-7.876263],[113.047707,-7.876263],[113.047707,-7.87708],[113.047436,-7.87708],[113.047436,-7.877353],[113.046353,-7.877353],[113.046353,-7.876808],[113.046624,-7.876808],[113.046624,-7.876263]],[[112.927256,-7.876535],[112.927526,-7.876535],[112.927526,-7.87708],[112.927256,-7.87708],[112.927256,-7.876535]],[[112.98112,-7.876535],[112.981391,-7.876535],[112.981391,-7.877625],[112.98112,-7.877625],[112.98112,-7.876535]],[[112.99303,-7.876808],[112.993301,-7.876808],[112.993301,-7.877353],[112.99303,-7.877353],[112.99303,-7.876808]],[[113.043917,-7.876808],[113.044188,-7.876808],[113.044188,-7.87708],[113.043917,-7.87708],[113.043917,-7.876808]],[[113.04527,-7.876808],[113.045812,-7.876808],[113.045812,-7.877625],[113.045541,-7.877625],[113.045541,-7.878443],[113.04527,-7.878443],[113.04527,-7.878715],[113.044729,-7.878715],[113.044729,-7.878988],[113.043646,-7.878988],[113.043646,-7.878443],[113.043917,-7.878443],[113.043917,-7.877898],[113.044188,-7.877898],[113.044188,-7.877625],[113.044729,-7.877625],[113.044729,-7.877353],[113.045,-7.877353],[113.045,-7.87708],[113.04527,-7.87708],[113.04527,-7.876808]],[[113.043646,-7.87708],[113.043917,-7.87708],[113.043917,-7.877353],[113.043646,-7.877353],[113.043646,-7.87708]],[[113.052849,-7.87708],[113.05312,-7.87708],[113.05312,-7.877353],[113.052849,-7.877353],[113.052849,-7.87708]],[[112.979767,-7.877353],[112.98085,-7.877353],[112.98085,-7.877898],[112.980038,-7.877898],[112.980038,-7.877625],[112.979767,-7.877625],[112.979767,-7.877353]],[[112.992759,-7.877353],[112.99303,-7.877353],[112.99303,-7.877898],[112.992759,-7.877898],[112.992759,-7.877353]],[[113.043105,-7.877353],[113.043646,-7.877353],[113.043646,-7.877898],[113.043376,-7.877898],[113.043376,-7.87817],[113.042834,-7.87817],[113.042834,-7.877898],[113.043105,-7.877898],[113.043105,-7.877353]],[[113.046082,-7.877353],[113.046353,-7.877353],[113.046353,-7.877625],[113.046082,-7.877625],[113.046082,-7.877353]],[[112.930504,-7.877625],[112.930775,-7.877625],[112.930775,-7.87817],[112.930504,-7.87817],[112.930504,-7.877625]],[[112.981932,-7.877625],[112.982474,-7.877625],[112.982474,-7.877898],[112.983286,-7.877898],[112.983286,-7.87817],[112.981662,-7.87817],[112.981662,-7.877898],[112.981932,-7.877898],[112.981932,-7.877625]],[[112.936729,-7.877898],[112.937,-7.877898],[112.937,-7.878443],[112.936729,-7.878443],[112.936729,-7.877898]],[[112.937812,-7.877898],[112.938083,-7.877898],[112.938083,-7.878443],[112.937812,-7.878443],[112.937812,-7.877898]],[[112.979496,-7.877898],[112.979767,-7.877898],[112.979767,-7.87817],[112.979496,-7.87817],[112.979496,-7.877898]],[[112.988429,-7.877898],[112.988699,-7.877898],[112.988699,-7.87817],[112.988429,-7.87817],[112.988429,-7.877898]],[[113.042293,-7.877898],[113.042564,-7.877898],[113.042564,-7.87817],[113.042834,-7.87817],[113.042834,-7.878443],[113.041752,-7.878443],[113.041752,-7.87817],[113.042293,-7.87817],[113.042293,-7.877898]],[[112.945391,-7.87817],[112.945662,-7.87817],[112.945662,-7.878715],[112.945391,-7.878715],[112.945391,-7.87817]],[[113.047707,-7.87817],[113.047977,-7.87817],[113.047977,-7.878443],[113.047707,-7.878443],[113.047707,-7.87817]],[[112.932669,-7.878443],[112.93294,-7.878443],[112.93294,-7.878715],[112.932669,-7.878715],[112.932669,-7.878443]],[[113.041481,-7.878443],[113.041752,-7.878443],[113.041752,-7.878715],[113.041481,-7.878715],[113.041481,-7.878443]],[[112.980038,-7.878715],[112.980579,-7.878715],[112.980579,-7.878988],[112.980038,-7.878988],[112.980038,-7.878715]],[[113.04094,-7.878715],[113.041481,-7.878715],[113.041481,-7.878988],[113.04094,-7.878988],[113.04094,-7.878715]],[[112.984098,-7.878988],[112.984368,-7.878988],[112.984368,-7.879533],[112.984098,-7.879533],[112.984098,-7.878988]],[[113.040398,-7.878988],[113.040669,-7.878988],[113.040669,-7.87926],[113.040398,-7.87926],[113.040398,-7.878988]],[[112.984368,-7.879533],[112.98491,-7.879533],[112.98491,-7.879805],[112.984368,-7.879805],[112.984368,-7.879533]],[[113.04527,-7.879533],[113.045541,-7.879533],[113.045541,-7.879805],[113.04527,-7.879805],[113.04527,-7.879533]],[[112.937271,-7.879805],[112.937812,-7.879805],[112.937812,-7.88035],[112.937541,-7.88035],[112.937541,-7.880078],[112.937271,-7.880078],[112.937271,-7.879805]],[[113.045,-7.879805],[113.04527,-7.879805],[113.04527,-7.880078],[113.045,-7.880078],[113.045,-7.879805]],[[113.047436,-7.879805],[113.047707,-7.879805],[113.047707,-7.880078],[113.047436,-7.880078],[113.047436,-7.879805]],[[113.049601,-7.879805],[113.049872,-7.879805],[113.049872,-7.88035],[113.049601,-7.88035],[113.049601,-7.879805]],[[112.943767,-7.880078],[112.944038,-7.880078],[112.944038,-7.88035],[112.943767,-7.88035],[112.943767,-7.880078]],[[113.043646,-7.88144],[113.043917,-7.88144],[113.043917,-7.881713],[113.043646,-7.881713],[113.043646,-7.88144]],[[112.939436,-7.881713],[112.939707,-7.881713],[112.939707,-7.882258],[112.939436,-7.882258],[112.939436,-7.881713]],[[113.042834,-7.881713],[113.043376,-7.881713],[113.043376,-7.881985],[113.043105,-7.881985],[113.043105,-7.88253],[113.042834,-7.88253],[113.042834,-7.883348],[113.042564,-7.883348],[113.042564,-7.88362],[113.042293,-7.88362],[113.042293,-7.883348],[113.042022,-7.883348],[113.042022,-7.88362],[113.041481,-7.88362],[113.041481,-7.883348],[113.041752,-7.883348],[113.041752,-7.882803],[113.042293,-7.882803],[113.042293,-7.88253],[113.042564,-7.88253],[113.042564,-7.882258],[113.042834,-7.882258],[113.042834,-7.881713]],[[112.937541,-7.881985],[112.937812,-7.881985],[112.937812,-7.882258],[112.937541,-7.882258],[112.937541,-7.881985]],[[112.937812,-7.882258],[112.938083,-7.882258],[112.938083,-7.88253],[112.937812,-7.88253],[112.937812,-7.882258]],[[112.942955,-7.882258],[112.943496,-7.882258],[112.943496,-7.88253],[112.942955,-7.88253],[112.942955,-7.882258]],[[113.043646,-7.882258],[113.043917,-7.882258],[113.043917,-7.88253],[113.043646,-7.88253],[113.043646,-7.882258]],[[113.045812,-7.882258],[113.046082,-7.882258],[113.046082,-7.88253],[113.045812,-7.88253],[113.045812,-7.882258]],[[112.939978,-7.883348],[112.940248,-7.883348],[112.940248,-7.883893],[112.939978,-7.883893],[112.939978,-7.883348]],[[113.042834,-7.883348],[113.043105,-7.883348],[113.043105,-7.88362],[113.042834,-7.88362],[113.042834,-7.883348]],[[113.043105,-7.88362],[113.043646,-7.88362],[113.043646,-7.883893],[113.043376,-7.883893],[113.043376,-7.884165],[113.043105,-7.884165],[113.043105,-7.88362]],[[113.04094,-7.883893],[113.04121,-7.883893],[113.04121,-7.884165],[113.04094,-7.884165],[113.04094,-7.883893]],[[113.043646,-7.883893],[113.043917,-7.883893],[113.043917,-7.884165],[113.043646,-7.884165],[113.043646,-7.883893]],[[113.047707,-7.883893],[113.047977,-7.883893],[113.047977,-7.884165],[113.047707,-7.884165],[113.047707,-7.883893]],[[112.939978,-7.884165],[112.940248,-7.884165],[112.940248,-7.88471],[112.939978,-7.88471],[112.939978,-7.884165]],[[112.944308,-7.884165],[112.944579,-7.884165],[112.944579,-7.88471],[112.944308,-7.88471],[112.944308,-7.884165]],[[113.04121,-7.884165],[113.042293,-7.884165],[113.042293,-7.884438],[113.042022,-7.884438],[113.042022,-7.88471],[113.041481,-7.88471],[113.041481,-7.884438],[113.04121,-7.884438],[113.04121,-7.884165]],[[112.932399,-7.884438],[112.932669,-7.884438],[112.932669,-7.88471],[112.932399,-7.88471],[112.932399,-7.884438]],[[113.040398,-7.88471],[113.040669,-7.88471],[113.040669,-7.884983],[113.040398,-7.884983],[113.040398,-7.88471]],[[112.936729,-7.884983],[112.937,-7.884983],[112.937,-7.885528],[112.936729,-7.885528],[112.936729,-7.884983]],[[112.94512,-7.885255],[112.945391,-7.885255],[112.945391,-7.885528],[112.94512,-7.885528],[112.94512,-7.885255]],[[113.047977,-7.885255],[113.048248,-7.885255],[113.048248,-7.8858],[113.047977,-7.8858],[113.047977,-7.885255]],[[112.937271,-7.885528],[112.937541,-7.885528],[112.937541,-7.8858],[112.937271,-7.8858],[112.937271,-7.885528]],[[112.939978,-7.885528],[112.940248,-7.885528],[112.940248,-7.8858],[112.939978,-7.8858],[112.939978,-7.885528]],[[112.94485,-7.885528],[112.94512,-7.885528],[112.94512,-7.8858],[112.94485,-7.8858],[112.94485,-7.885528]],[[112.937812,-7.8858],[112.938083,-7.8858],[112.938083,-7.886345],[112.937812,-7.886345],[112.937812,-7.8858]],[[113.042022,-7.886073],[113.042293,-7.886073],[113.042293,-7.886345],[113.042022,-7.886345],[113.042022,-7.886073]],[[112.938354,-7.886345],[112.938624,-7.886345],[112.938624,-7.88689],[112.938354,-7.88689],[112.938354,-7.886345]],[[113.041481,-7.886345],[113.042022,-7.886345],[113.042022,-7.886618],[113.041481,-7.886618],[113.041481,-7.886345]],[[112.941331,-7.886618],[112.941602,-7.886618],[112.941602,-7.88689],[112.941331,-7.88689],[112.941331,-7.886618]],[[112.941872,-7.886618],[112.942955,-7.886618],[112.942955,-7.887163],[112.942684,-7.887163],[112.942684,-7.887435],[112.943496,-7.887435],[112.943496,-7.88798],[112.944038,-7.88798],[112.944038,-7.888525],[112.943767,-7.888525],[112.943767,-7.888253],[112.942414,-7.888253],[112.942414,-7.888525],[112.942143,-7.888525],[112.942143,-7.88798],[112.942414,-7.88798],[112.942414,-7.887435],[112.941872,-7.887435],[112.941872,-7.887163],[112.941602,-7.887163],[112.941602,-7.88689],[112.941872,-7.88689],[112.941872,-7.886618]],[[113.047436,-7.886618],[113.048248,-7.886618],[113.048248,-7.88689],[113.047436,-7.88689],[113.047436,-7.886618]],[[112.938624,-7.88689],[112.938895,-7.88689],[112.938895,-7.887163],[112.938624,-7.887163],[112.938624,-7.88689]],[[113.04121,-7.88689],[113.041481,-7.88689],[113.041481,-7.887163],[113.04121,-7.887163],[113.04121,-7.88689]],[[113.042022,-7.88689],[113.042293,-7.88689],[113.042293,-7.887163],[113.042022,-7.887163],[113.042022,-7.88689]],[[113.04094,-7.887163],[113.04121,-7.887163],[113.04121,-7.887708],[113.040669,-7.887708],[113.040669,-7.887435],[113.04094,-7.887435],[113.04094,-7.887163]],[[113.047977,-7.887163],[113.048248,-7.887163],[113.048248,-7.887435],[113.047977,-7.887435],[113.047977,-7.887163]],[[112.94106,-7.887435],[112.941331,-7.887435],[112.941331,-7.887708],[112.94106,-7.887708],[112.94106,-7.887435]],[[112.944579,-7.887435],[112.94485,-7.887435],[112.94485,-7.887708],[112.944579,-7.887708],[112.944579,-7.887435]],[[112.939436,-7.887708],[112.939707,-7.887708],[112.939707,-7.88798],[112.939436,-7.88798],[112.939436,-7.887708]],[[113.047436,-7.887708],[113.047707,-7.887708],[113.047707,-7.888253],[113.047436,-7.888253],[113.047436,-7.887708]],[[112.939707,-7.88798],[112.939978,-7.88798],[112.939978,-7.888253],[112.939707,-7.888253],[112.939707,-7.88798]],[[112.94079,-7.88798],[112.94106,-7.88798],[112.94106,-7.888253],[112.94079,-7.888253],[112.94079,-7.88798]],[[113.047977,-7.88798],[113.048248,-7.88798],[113.048248,-7.888253],[113.047977,-7.888253],[113.047977,-7.88798]],[[112.94106,-7.888253],[112.941872,-7.888253],[112.941872,-7.889343],[112.942684,-7.889343],[112.942684,-7.889615],[112.943226,-7.889615],[112.943226,-7.889888],[112.943496,-7.889888],[112.943496,-7.89016],[112.944308,-7.89016],[112.944308,-7.890705],[112.943767,-7.890705],[112.943767,-7.890433],[112.943226,-7.890433],[112.943226,-7.89016],[112.942684,-7.89016],[112.942684,-7.889888],[112.942414,-7.889888],[112.942414,-7.889615],[112.941602,-7.889615],[112.941602,-7.889343],[112.941331,-7.889343],[112.941331,-7.88907],[112.94106,-7.88907],[112.94106,-7.888253]],[[113.047707,-7.888253],[113.047977,-7.888253],[113.047977,-7.88907],[113.047436,-7.88907],[113.047436,-7.889343],[113.046624,-7.889343],[113.046624,-7.88907],[113.047165,-7.88907],[113.047165,-7.888798],[113.047707,-7.888798],[113.047707,-7.888253]],[[112.939978,-7.888525],[112.940248,-7.888525],[112.940248,-7.889343],[112.939978,-7.889343],[112.939978,-7.888525]],[[112.946744,-7.888525],[112.947015,-7.888525],[112.947015,-7.888798],[112.946744,-7.888798],[112.946744,-7.888525]],[[112.931045,-7.888798],[112.931316,-7.888798],[112.931316,-7.88907],[112.931045,-7.88907],[112.931045,-7.888798]],[[113.04121,-7.888798],[113.041481,-7.888798],[113.041481,-7.88907],[113.04121,-7.88907],[113.04121,-7.888798]],[[112.948098,-7.889343],[112.948369,-7.889343],[112.948369,-7.889615],[112.948098,-7.889615],[112.948098,-7.889343]],[[113.040669,-7.889343],[113.04094,-7.889343],[113.04094,-7.889615],[113.040669,-7.889615],[113.040669,-7.889343]],[[112.935105,-7.889615],[112.935376,-7.889615],[112.935376,-7.889888],[112.935105,-7.889888],[112.935105,-7.889615]],[[112.935376,-7.889888],[112.936188,-7.889888],[112.936188,-7.89016],[112.935376,-7.89016],[112.935376,-7.889888]],[[112.945662,-7.889888],[112.945932,-7.889888],[112.945932,-7.89016],[112.946744,-7.89016],[112.946744,-7.890433],[112.945662,-7.890433],[112.945662,-7.889888]],[[112.946744,-7.890433],[112.947286,-7.890433],[112.947286,-7.890705],[112.946744,-7.890705],[112.946744,-7.890433]],[[112.942684,-7.890705],[112.943226,-7.890705],[112.943226,-7.89125],[112.942684,-7.89125],[112.942684,-7.890705]],[[112.945662,-7.890705],[112.945932,-7.890705],[112.945932,-7.890978],[112.946203,-7.890978],[112.946203,-7.89125],[112.946474,-7.89125],[112.946474,-7.891523],[112.945932,-7.891523],[112.945932,-7.89125],[112.945662,-7.89125],[112.945662,-7.890705]],[[112.94079,-7.890978],[112.941602,-7.890978],[112.941602,-7.89125],[112.941872,-7.89125],[112.941872,-7.891795],[112.942143,-7.891795],[112.942143,-7.892068],[112.941331,-7.892068],[112.941331,-7.891795],[112.94079,-7.891795],[112.94079,-7.890978]],[[112.943226,-7.89125],[112.943496,-7.89125],[112.943496,-7.891795],[112.943226,-7.891795],[112.943226,-7.89125]],[[112.944038,-7.89125],[112.944579,-7.89125],[112.944579,-7.891795],[112.944038,-7.891795],[112.944038,-7.89125]],[[112.935917,-7.891523],[112.936188,-7.891523],[112.936188,-7.891795],[112.935917,-7.891795],[112.935917,-7.891523]],[[112.943496,-7.891795],[112.944038,-7.891795],[112.944038,-7.892068],[112.943496,-7.892068],[112.943496,-7.891795]],[[112.94485,-7.891795],[112.94512,-7.891795],[112.94512,-7.892068],[112.94485,-7.892068],[112.94485,-7.891795]],[[113.043646,-7.891795],[113.044188,-7.891795],[113.044188,-7.892068],[113.043646,-7.892068],[113.043646,-7.891795]],[[112.936729,-7.892068],[112.937,-7.892068],[112.937,-7.89234],[112.936729,-7.89234],[112.936729,-7.892068]],[[112.938624,-7.892068],[112.939166,-7.892068],[112.939166,-7.89234],[112.938624,-7.89234],[112.938624,-7.892068]],[[112.94512,-7.892068],[112.945662,-7.892068],[112.945662,-7.89234],[112.94512,-7.89234],[112.94512,-7.892068]],[[113.042834,-7.892068],[113.043646,-7.892068],[113.043646,-7.89234],[113.042834,-7.89234],[113.042834,-7.892068]],[[112.937,-7.89234],[112.937541,-7.89234],[112.937541,-7.892885],[112.937812,-7.892885],[112.937812,-7.89343],[112.937541,-7.89343],[112.937541,-7.893158],[112.937271,-7.893158],[112.937271,-7.892885],[112.937,-7.892885],[112.937,-7.89234]],[[112.942414,-7.89234],[112.942684,-7.89234],[112.942684,-7.892613],[112.942414,-7.892613],[112.942414,-7.89234]],[[112.939436,-7.892613],[112.939707,-7.892613],[112.939707,-7.892885],[112.939436,-7.892885],[112.939436,-7.892613]],[[112.934023,-7.892885],[112.934564,-7.892885],[112.934564,-7.893158],[112.934293,-7.893158],[112.934293,-7.89452],[112.934564,-7.89452],[112.934564,-7.895338],[112.934835,-7.895338],[112.934835,-7.89561],[112.934293,-7.89561],[112.934293,-7.895338],[112.934023,-7.895338],[112.934023,-7.893975],[112.933752,-7.893975],[112.933752,-7.89343],[112.933481,-7.89343],[112.933481,-7.893158],[112.934023,-7.893158],[112.934023,-7.892885]],[[112.939707,-7.892885],[112.939978,-7.892885],[112.939978,-7.893158],[112.939707,-7.893158],[112.939707,-7.892885]],[[112.939978,-7.893158],[112.940248,-7.893158],[112.940248,-7.89343],[112.939978,-7.89343],[112.939978,-7.893158]],[[112.94079,-7.89343],[112.94106,-7.89343],[112.94106,-7.893703],[112.94079,-7.893703],[112.94079,-7.89343]],[[112.931316,-7.893975],[112.931587,-7.893975],[112.931587,-7.894248],[112.931316,-7.894248],[112.931316,-7.893975]],[[112.943496,-7.89452],[112.943767,-7.89452],[112.943767,-7.894793],[112.943496,-7.894793],[112.943496,-7.89452]],[[112.943767,-7.894793],[112.944038,-7.894793],[112.944038,-7.895338],[112.943496,-7.895338],[112.943496,-7.895065],[112.943767,-7.895065],[112.943767,-7.894793]],[[112.931857,-7.895065],[112.932128,-7.895065],[112.932128,-7.895338],[112.931857,-7.895338],[112.931857,-7.895065]],[[113.04527,-7.895065],[113.045541,-7.895065],[113.045541,-7.895338],[113.04527,-7.895338],[113.04527,-7.895065]],[[112.931587,-7.895338],[112.931857,-7.895338],[112.931857,-7.89561],[112.931587,-7.89561],[112.931587,-7.895338]],[[112.944308,-7.895338],[112.944579,-7.895338],[112.944579,-7.89561],[112.944308,-7.89561],[112.944308,-7.895338]],[[112.942955,-7.89561],[112.943226,-7.89561],[112.943226,-7.895883],[112.942955,-7.895883],[112.942955,-7.89561]],[[112.943496,-7.895883],[112.944038,-7.895883],[112.944038,-7.896155],[112.944308,-7.896155],[112.944308,-7.896428],[112.943767,-7.896428],[112.943767,-7.896155],[112.943496,-7.896155],[112.943496,-7.895883]],[[113.035526,-7.895883],[113.036879,-7.895883],[113.036879,-7.896155],[113.035526,-7.896155],[113.035526,-7.895883]],[[113.04527,-7.896155],[113.045541,-7.896155],[113.045541,-7.896701],[113.04527,-7.896701],[113.04527,-7.896155]],[[112.944308,-7.896428],[112.94485,-7.896428],[112.94485,-7.897246],[112.944579,-7.897246],[112.944579,-7.896701],[112.944308,-7.896701],[112.944308,-7.896428]],[[112.927256,-7.896701],[112.927526,-7.896701],[112.927526,-7.896973],[112.927256,-7.896973],[112.927256,-7.896701]],[[112.931857,-7.896973],[112.932399,-7.896973],[112.932399,-7.897246],[112.932669,-7.897246],[112.932669,-7.897518],[112.932399,-7.897518],[112.932399,-7.897791],[112.932128,-7.897791],[112.932128,-7.897518],[112.931857,-7.897518],[112.931857,-7.896973]],[[112.94485,-7.897246],[112.945391,-7.897246],[112.945391,-7.897518],[112.94485,-7.897518],[112.94485,-7.897246]],[[112.948369,-7.897246],[112.94891,-7.897246],[112.94891,-7.897791],[112.948639,-7.897791],[112.948639,-7.897518],[112.948369,-7.897518],[112.948369,-7.897246]],[[112.92888,-7.897518],[112.929151,-7.897518],[112.929151,-7.897791],[112.92888,-7.897791],[112.92888,-7.897518]],[[112.945932,-7.897791],[112.946203,-7.897791],[112.946203,-7.898063],[112.946474,-7.898063],[112.946474,-7.898336],[112.945932,-7.898336],[112.945932,-7.897791]],[[113.040669,-7.897791],[113.041481,-7.897791],[113.041481,-7.898336],[113.04094,-7.898336],[113.04094,-7.898608],[113.040669,-7.898608],[113.040669,-7.897791]],[[113.045,-7.898063],[113.04527,-7.898063],[113.04527,-7.898336],[113.045,-7.898336],[113.045,-7.898063]],[[112.946744,-7.898336],[112.947286,-7.898336],[112.947286,-7.898608],[112.946744,-7.898608],[112.946744,-7.898336]],[[113.034443,-7.898336],[113.034714,-7.898336],[113.034714,-7.898608],[113.034443,-7.898608],[113.034443,-7.898336]],[[113.044729,-7.898336],[113.045,-7.898336],[113.045,-7.898608],[113.044729,-7.898608],[113.044729,-7.898336]]]}},{"type":"Feature","properties":{"fid":1004,"DN":4},"geometry":{"type":"Polygon","coordinates":[[[112.953782,-7.899426],[112.953782,-7.899698],[112.954323,-7.899698],[112.954323,-7.899426],[112.953782,-7.899426]]]}},{"type":"Feature","properties":{"fid":1005,"DN":4},"geometry":{"type":"Polygon","coordinates":[[[113.038233,-7.899426],[113.038233,-7.899698],[113.038504,-7.899698],[113.038504,-7.899426],[113.038233,-7.899426]]]}},{"type":"Feature","properties":{"fid":1006,"DN":4},"geometry":{"type":"Polygon","coordinates":[[[112.94891,-7.899426],[112.94891,-7.899971],[112.949451,-7.899971],[112.949451,-7.899426],[112.94891,-7.899426]]]}},{"type":"Feature","properties":{"fid":1007,"DN":3},"geometry":{"type":"Polygon","coordinates":[[[113.034985,-7.899426],[113.034985,-7.899971],[113.035255,-7.899971],[113.035255,-7.899426],[113.034985,-7.899426]]]}},{"type":"Feature","properties":{"fid":1008,"DN":4},"geometry":{"type":"Polygon","coordinates":[[[112.933752,-7.899698],[112.933752,-7.899971],[112.934293,-7.899971],[112.934293,-7.899698],[112.933752,-7.899698]]]}},{"type":"Feature","properties":{"fid":1009,"DN":4},"geometry":{"type":"Polygon","coordinates":[[[112.940519,-7.899698],[112.940519,-7.899971],[112.94079,-7.899971],[112.94079,-7.899698],[112.940519,-7.899698]]]}},{"type":"Feature","properties":{"fid":1010,"DN":4},"geometry":{"type":"Polygon","coordinates":[[[113.042293,-7.899698],[113.042293,-7.899971],[113.042564,-7.899971],[113.042564,-7.899698],[113.042293,-7.899698]]]}},{"type":"Feature","properties":{"fid":1011,"DN":4},"geometry":{"type":"Polygon","coordinates":[[[112.967586,-7.899426],[112.967586,-7.899698],[112.966774,-7.899698],[112.966774,-7.899971],[112.967586,-7.899971],[112.967586,-7.900243],[112.968399,-7.900243],[112.968399,-7.899426],[112.967586,-7.899426]]]}},{"type":"Feature","properties":{"fid":1012,"DN":4},"geometry":{"type":"Polygon","coordinates":[[[112.945391,-7.899971],[112.945391,-7.900243],[112.945662,-7.900243],[112.945662,-7.899971],[112.945391,-7.899971]]]}},{"type":"Feature","properties":{"fid":1013,"DN":4},"geometry":{"type":"Polygon","coordinates":[[[113.039045,-7.899971],[113.039045,-7.900243],[113.039316,-7.900243],[113.039316,-7.899971],[113.039045,-7.899971]]]}},{"type":"Feature","properties":{"fid":1014,"DN":4},"geometry":{"type":"Polygon","coordinates":[[[112.96082,-7.899426],[112.96082,-7.900516],[112.96109,-7.900516],[112.96109,-7.899426],[112.96082,-7.899426]]]}},{"type":"Feature","properties":{"fid":1015,"DN":3},"geometry":{"type":"Polygon","coordinates":[[[113.037962,-7.899426],[113.037962,-7.900516],[113.038504,-7.900516],[113.038504,-7.900243],[113.039045,-7.900243],[113.039045,-7.899971],[113.039316,-7.899971],[113.039316,-7.900243],[113.039586,-7.900243],[113.039586,-7.899971],[113.039857,-7.899971],[113.039857,-7.899426],[113.038504,-7.899426],[113.038504,-7.899698],[113.038233,-7.899698],[113.038233,-7.899426],[113.037962,-7.899426]]]}},{"type":"Feature","properties":{"fid":1016,"DN":4},"geometry":{"type":"Polygon","coordinates":[[[112.934293,-7.899971],[112.934293,-7.900243],[112.934564,-7.900243],[112.934564,-7.900516],[112.934835,-7.900516],[112.934835,-7.899971],[112.934293,-7.899971]]]}},{"type":"Feature","properties":{"fid":1017,"DN":4},"geometry":{"type":"Polygon","coordinates":[[[113.043105,-7.899971],[113.043105,-7.900516],[113.043376,-7.900516],[113.043376,-7.900243],[113.043917,-7.900243],[113.043917,-7.900516],[113.044188,-7.900516],[113.044188,-7.899971],[113.043105,-7.899971]]]}},{"type":"Feature","properties":{"fid":1018,"DN":3},"geometry":{"type":"Polygon","coordinates":[[[112.94485,-7.900516],[112.94485,-7.900788],[112.945391,-7.900788],[112.945391,-7.900516],[112.94485,-7.900516]]]}},{"type":"Feature","properties":{"fid":1019,"DN":4},"geometry":{"type":"Polygon","coordinates":[[[112.963256,-7.899426],[112.963256,-7.899971],[112.962444,-7.899971],[112.962444,-7.899698],[112.961632,-7.899698],[112.961632,-7.900516],[112.961361,-7.900516],[112.961361,-7.900788],[112.962444,-7.900788],[112.962444,-7.900516],[112.963256,-7.900516],[112.963256,-7.900788],[112.965962,-7.900788],[112.965962,-7.900243],[112.966774,-7.900243],[112.966774,-7.899971],[112.965692,-7.899971],[112.965692,-7.899698],[112.965962,-7.899698],[112.965962,-7.899426],[112.96515,-7.899426],[112.96515,-7.899698],[112.96488,-7.899698],[112.96488,-7.899971],[112.963797,-7.899971],[112.963797,-7.899698],[112.963526,-7.899698],[112.963526,-7.899426],[112.963256,-7.899426]]]}},{"type":"Feature","properties":{"fid":1020,"DN":3},"geometry":{"type":"Polygon","coordinates":[[[112.937271,-7.900243],[112.937271,-7.900788],[112.937,-7.900788],[112.937,-7.901061],[112.937812,-7.901061],[112.937812,-7.900788],[112.937541,-7.900788],[112.937541,-7.900243],[112.937271,-7.900243]]]}},{"type":"Feature","properties":{"fid":1021,"DN":3},"geometry":{"type":"Polygon","coordinates":[[[112.939436,-7.900788],[112.939436,-7.901333],[112.939978,-7.901333],[112.939978,-7.901061],[112.939707,-7.901061],[112.939707,-7.900788],[112.939436,-7.900788]]]}},{"type":"Feature","properties":{"fid":1022,"DN":3},"geometry":{"type":"Polygon","coordinates":[[[112.942143,-7.900788],[112.942143,-7.901333],[112.942955,-7.901333],[112.942955,-7.900788],[112.942143,-7.900788]]]}},{"type":"Feature","properties":{"fid":1023,"DN":3},"geometry":{"type":"Polygon","coordinates":[[[112.997902,-7.900788],[112.997902,-7.901333],[112.998173,-7.901333],[112.998173,-7.900788],[112.997902,-7.900788]]]}},{"type":"Feature","properties":{"fid":1024,"DN":4},"geometry":{"type":"Polygon","coordinates":[[[113.041481,-7.901061],[113.041481,-7.901333],[113.041752,-7.901333],[113.041752,-7.901061],[113.041481,-7.901061]]]}},{"type":"Feature","properties":{"fid":1025,"DN":4},"geometry":{"type":"Polygon","coordinates":[[[113.042293,-7.901061],[113.042293,-7.901333],[113.042564,-7.901333],[113.042564,-7.901061],[113.042293,-7.901061]]]}},{"type":"Feature","properties":{"fid":1026,"DN":4},"geometry":{"type":"Polygon","coordinates":[[[113.043376,-7.901061],[113.043376,-7.901333],[113.043917,-7.901333],[113.043917,-7.901061],[113.043376,-7.901061]]]}},{"type":"Feature","properties":{"fid":1027,"DN":3},"geometry":{"type":"Polygon","coordinates":[[[112.943226,-7.901061],[112.943226,-7.901606],[112.943496,-7.901606],[112.943496,-7.901333],[112.944038,-7.901333],[112.944038,-7.901061],[112.943226,-7.901061]]]}},{"type":"Feature","properties":{"fid":1028,"DN":3},"geometry":{"type":"Polygon","coordinates":[[[113.03715,-7.896428],[113.03715,-7.897791],[113.036879,-7.897791],[113.036879,-7.898608],[113.036609,-7.898608],[113.036609,-7.898881],[113.036338,-7.898881],[113.036338,-7.897791],[113.035797,-7.897791],[113.035797,-7.899153],[113.035526,-7.899153],[113.035526,-7.901333],[113.036067,-7.901333],[113.036067,-7.901878],[113.036338,-7.901878],[113.036338,-7.899153],[113.038233,-7.899153],[113.038233,-7.899426],[113.038504,-7.899426],[113.038504,-7.898608],[113.038774,-7.898608],[113.038774,-7.898063],[113.038504,-7.898063],[113.038504,-7.897791],[113.037962,-7.897791],[113.037962,-7.897518],[113.037692,-7.897518],[113.037692,-7.896973],[113.037421,-7.896973],[113.037421,-7.896428],[113.03715,-7.896428]],[[113.037421,-7.897518],[113.037692,-7.897518],[113.037692,-7.897791],[113.037421,-7.897791],[113.037421,-7.897518]]]}},{"type":"Feature","properties":{"fid":1029,"DN":4},"geometry":{"type":"Polygon","coordinates":[[[112.953241,-7.901061],[112.953241,-7.901878],[112.953782,-7.901878],[112.953782,-7.901606],[112.953511,-7.901606],[112.953511,-7.901061],[112.953241,-7.901061]]]}},{"type":"Feature","properties":{"fid":1030,"DN":4},"geometry":{"type":"Polygon","coordinates":[[[113.042022,-7.901333],[113.042022,-7.901878],[113.042293,-7.901878],[113.042293,-7.901333],[113.042022,-7.901333]]]}},{"type":"Feature","properties":{"fid":1031,"DN":4},"geometry":{"type":"Polygon","coordinates":[[[112.923466,-7.901606],[112.923466,-7.901878],[112.924008,-7.901878],[112.924008,-7.901606],[112.923466,-7.901606]]]}},{"type":"Feature","properties":{"fid":1032,"DN":4},"geometry":{"type":"Polygon","coordinates":[[[112.933211,-7.901878],[112.933211,-7.902151],[112.933481,-7.902151],[112.933481,-7.901878],[112.933211,-7.901878]]]}},{"type":"Feature","properties":{"fid":1033,"DN":3},"geometry":{"type":"Polygon","coordinates":[[[113.039045,-7.900243],[113.039045,-7.901061],[113.038504,-7.901061],[113.038504,-7.902151],[113.039045,-7.902151],[113.039045,-7.902423],[113.039316,-7.902423],[113.039316,-7.900243],[113.039045,-7.900243]]]}},{"type":"Feature","properties":{"fid":1034,"DN":3},"geometry":{"type":"Polygon","coordinates":[[[112.94079,-7.901606],[112.94079,-7.902423],[112.941602,-7.902423],[112.941602,-7.901606],[112.94079,-7.901606]]]}},{"type":"Feature","properties":{"fid":1035,"DN":4},"geometry":{"type":"Polygon","coordinates":[[[112.937271,-7.902151],[112.937271,-7.902423],[112.937812,-7.902423],[112.937812,-7.902151],[112.937271,-7.902151]]]}},{"type":"Feature","properties":{"fid":1036,"DN":4},"geometry":{"type":"Polygon","coordinates":[[[112.963256,-7.902151],[112.963256,-7.902423],[112.963797,-7.902423],[112.963797,-7.902151],[112.963256,-7.902151]]]}},{"type":"Feature","properties":{"fid":1037,"DN":3},"geometry":{"type":"Polygon","coordinates":[[[112.944038,-7.901333],[112.944038,-7.901606],[112.943767,-7.901606],[112.943767,-7.901878],[112.944579,-7.901878],[112.944579,-7.902423],[112.94512,-7.902423],[112.94512,-7.902696],[112.945662,-7.902696],[112.945662,-7.902423],[112.945391,-7.902423],[112.945391,-7.901606],[112.944579,-7.901606],[112.944579,-7.901333],[112.944038,-7.901333]]]}},{"type":"Feature","properties":{"fid":1038,"DN":4},"geometry":{"type":"Polygon","coordinates":[[[112.935647,-7.902423],[112.935647,-7.902696],[112.936188,-7.902696],[112.936188,-7.902423],[112.935647,-7.902423]]]}},{"type":"Feature","properties":{"fid":1039,"DN":3},"geometry":{"type":"Polygon","coordinates":[[[112.946744,-7.902423],[112.946744,-7.902696],[112.947015,-7.902696],[112.947015,-7.902423],[112.946744,-7.902423]]]}},{"type":"Feature","properties":{"fid":1040,"DN":3},"geometry":{"type":"Polygon","coordinates":[[[113.03715,-7.902151],[113.03715,-7.902968],[113.037421,-7.902968],[113.037421,-7.902151],[113.03715,-7.902151]]]}},{"type":"Feature","properties":{"fid":1041,"DN":4},"geometry":{"type":"Polygon","coordinates":[[[113.041481,-7.902151],[113.041481,-7.902968],[113.041752,-7.902968],[113.041752,-7.902151],[113.041481,-7.902151]]]}},{"type":"Feature","properties":{"fid":1042,"DN":3},"geometry":{"type":"Polygon","coordinates":[[[112.941602,-7.902423],[112.941602,-7.902968],[112.942684,-7.902968],[112.942684,-7.902696],[112.942955,-7.902696],[112.942955,-7.902423],[112.941602,-7.902423]]]}},{"type":"Feature","properties":{"fid":1043,"DN":3},"geometry":{"type":"Polygon","coordinates":[[[113.035526,-7.902423],[113.035526,-7.902968],[113.036067,-7.902968],[113.036067,-7.902423],[113.035526,-7.902423]]]}},{"type":"Feature","properties":{"fid":1044,"DN":3},"geometry":{"type":"Polygon","coordinates":[[[112.947015,-7.902696],[112.947015,-7.903241],[112.947556,-7.903241],[112.947556,-7.902696],[112.947015,-7.902696]]]}},{"type":"Feature","properties":{"fid":1045,"DN":4},"geometry":{"type":"Polygon","coordinates":[[[112.953241,-7.902696],[112.953241,-7.903241],[112.953782,-7.903241],[112.953782,-7.902696],[112.953241,-7.902696]]]}},{"type":"Feature","properties":{"fid":1046,"DN":3},"geometry":{"type":"Polygon","coordinates":[[[112.997632,-7.902696],[112.997632,-7.903241],[112.997902,-7.903241],[112.997902,-7.902696],[112.997632,-7.902696]]]}},{"type":"Feature","properties":{"fid":1047,"DN":3},"geometry":{"type":"Polygon","coordinates":[[[113.037962,-7.902423],[113.037962,-7.902696],[113.037692,-7.902696],[113.037692,-7.902968],[113.038233,-7.902968],[113.038233,-7.903241],[113.038504,-7.903241],[113.038504,-7.902423],[113.037962,-7.902423]]]}},{"type":"Feature","properties":{"fid":1048,"DN":4},"geometry":{"type":"Polygon","coordinates":[[[112.937,-7.902968],[112.937,-7.903241],[112.938083,-7.903241],[112.938083,-7.902968],[112.937,-7.902968]]]}},{"type":"Feature","properties":{"fid":1049,"DN":3},"geometry":{"type":"Polygon","coordinates":[[[112.940248,-7.902968],[112.940248,-7.903241],[112.940519,-7.903241],[112.940519,-7.902968],[112.940248,-7.902968]]]}},{"type":"Feature","properties":{"fid":1050,"DN":4},"geometry":{"type":"Polygon","coordinates":[[[113.04094,-7.902968],[113.04094,-7.903241],[113.041481,-7.903241],[113.041481,-7.902968],[113.04094,-7.902968]]]}},{"type":"Feature","properties":{"fid":1051,"DN":4},"geometry":{"type":"Polygon","coordinates":[[[113.039857,-7.899426],[113.039857,-7.899971],[113.039586,-7.899971],[113.039586,-7.900243],[113.039316,-7.900243],[113.039316,-7.902423],[113.040128,-7.902423],[113.040128,-7.903513],[113.040669,-7.903513],[113.040669,-7.902968],[113.04094,-7.902968],[113.04094,-7.902423],[113.040669,-7.902423],[113.040669,-7.901878],[113.040398,-7.901878],[113.040398,-7.901333],[113.040128,-7.901333],[113.040128,-7.899426],[113.039857,-7.899426]]]}},{"type":"Feature","properties":{"fid":1052,"DN":3},"geometry":{"type":"Polygon","coordinates":[[[112.942955,-7.902696],[112.942955,-7.903241],[112.943496,-7.903241],[112.943496,-7.903513],[112.943767,-7.903513],[112.943767,-7.902968],[112.943226,-7.902968],[112.943226,-7.902696],[112.942955,-7.902696]]]}},{"type":"Feature","properties":{"fid":1053,"DN":3},"geometry":{"type":"Polygon","coordinates":[[[112.940519,-7.903241],[112.940519,-7.903513],[112.94079,-7.903513],[112.94079,-7.903241],[112.940519,-7.903241]]]}},{"type":"Feature","properties":{"fid":1054,"DN":3},"geometry":{"type":"Polygon","coordinates":[[[112.945391,-7.903241],[112.945391,-7.903513],[112.945662,-7.903513],[112.945662,-7.903241],[112.945391,-7.903241]]]}},{"type":"Feature","properties":{"fid":1055,"DN":4},"geometry":{"type":"Polygon","coordinates":[[[112.953782,-7.903241],[112.953782,-7.903513],[112.954053,-7.903513],[112.954053,-7.903241],[112.953782,-7.903241]]]}},{"type":"Feature","properties":{"fid":1056,"DN":3},"geometry":{"type":"Polygon","coordinates":[[[112.997902,-7.903241],[112.997902,-7.903513],[112.998173,-7.903513],[112.998173,-7.903241],[112.997902,-7.903241]]]}},{"type":"Feature","properties":{"fid":1057,"DN":3},"geometry":{"type":"Polygon","coordinates":[[[112.998444,-7.903241],[112.998444,-7.903513],[112.998714,-7.903513],[112.998714,-7.903241],[112.998444,-7.903241]]]}},{"type":"Feature","properties":{"fid":1058,"DN":4},"geometry":{"type":"Polygon","coordinates":[[[112.938083,-7.903241],[112.938083,-7.903786],[112.938895,-7.903786],[112.938895,-7.903513],[112.938354,-7.903513],[112.938354,-7.903241],[112.938083,-7.903241]]]}},{"type":"Feature","properties":{"fid":1059,"DN":4},"geometry":{"type":"Polygon","coordinates":[[[112.968128,-7.902696],[112.968128,-7.902968],[112.967045,-7.902968],[112.967045,-7.903241],[112.966774,-7.903241],[112.966774,-7.903513],[112.967586,-7.903513],[112.967586,-7.903786],[112.967857,-7.903786],[112.967857,-7.903513],[112.968399,-7.903513],[112.968399,-7.902696],[112.968128,-7.902696]]]}},{"type":"Feature","properties":{"fid":1060,"DN":4},"geometry":{"type":"Polygon","coordinates":[[[112.940519,-7.903513],[112.940519,-7.903786],[112.94079,-7.903786],[112.94079,-7.903513],[112.940519,-7.903513]]]}},{"type":"Feature","properties":{"fid":1061,"DN":3},"geometry":{"type":"Polygon","coordinates":[[[112.998173,-7.903513],[112.998173,-7.903786],[112.998444,-7.903786],[112.998444,-7.903513],[112.998173,-7.903513]]]}},{"type":"Feature","properties":{"fid":1062,"DN":4},"geometry":{"type":"Polygon","coordinates":[[[113.041752,-7.902968],[113.041752,-7.904058],[113.042022,-7.904058],[113.042022,-7.902968],[113.041752,-7.902968]]]}},{"type":"Feature","properties":{"fid":1063,"DN":3},"geometry":{"type":"Polygon","coordinates":[[[112.945662,-7.903513],[112.945662,-7.904058],[112.946474,-7.904058],[112.946474,-7.903513],[112.946203,-7.903513],[112.946203,-7.903786],[112.945932,-7.903786],[112.945932,-7.903513],[112.945662,-7.903513]]]}},{"type":"Feature","properties":{"fid":1064,"DN":4},"geometry":{"type":"Polygon","coordinates":[[[112.951617,-7.903513],[112.951617,-7.904058],[112.951887,-7.904058],[112.951887,-7.903786],[112.952699,-7.903786],[112.952699,-7.903513],[112.951617,-7.903513]]]}},{"type":"Feature","properties":{"fid":1065,"DN":4},"geometry":{"type":"Polygon","coordinates":[[[113.04094,-7.903513],[113.04094,-7.904058],[113.041481,-7.904058],[113.041481,-7.903513],[113.04094,-7.903513]]]}},{"type":"Feature","properties":{"fid":1066,"DN":4},"geometry":{"type":"Polygon","coordinates":[[[112.938895,-7.903786],[112.938895,-7.904058],[112.939166,-7.904058],[112.939166,-7.903786],[112.938895,-7.903786]]]}},{"type":"Feature","properties":{"fid":1067,"DN":4},"geometry":{"type":"Polygon","coordinates":[[[112.94079,-7.903786],[112.94079,-7.904058],[112.941331,-7.904058],[112.941331,-7.903786],[112.94079,-7.903786]]]}},{"type":"Feature","properties":{"fid":1068,"DN":4},"geometry":{"type":"Polygon","coordinates":[[[112.968669,-7.903786],[112.968669,-7.904058],[112.96894,-7.904058],[112.96894,-7.903786],[112.968669,-7.903786]]]}},{"type":"Feature","properties":{"fid":1069,"DN":4},"geometry":{"type":"Polygon","coordinates":[[[112.958384,-7.903513],[112.958384,-7.904331],[112.958654,-7.904331],[112.958654,-7.903513],[112.958384,-7.903513]]]}},{"type":"Feature","properties":{"fid":1070,"DN":4},"geometry":{"type":"Polygon","coordinates":[[[112.942955,-7.904058],[112.942955,-7.904331],[112.943226,-7.904331],[112.943226,-7.904058],[112.942955,-7.904058]]]}},{"type":"Feature","properties":{"fid":1071,"DN":4},"geometry":{"type":"Polygon","coordinates":[[[112.96894,-7.904058],[112.96894,-7.904331],[112.969211,-7.904331],[112.969211,-7.904058],[112.96894,-7.904058]]]}},{"type":"Feature","properties":{"fid":1072,"DN":4},"geometry":{"type":"Polygon","coordinates":[[[112.969211,-7.904331],[112.969211,-7.904603],[112.969752,-7.904603],[112.969752,-7.904331],[112.969211,-7.904331]]]}},{"type":"Feature","properties":{"fid":1073,"DN":4},"geometry":{"type":"Polygon","coordinates":[[[112.958384,-7.904603],[112.958384,-7.904876],[112.958654,-7.904876],[112.958654,-7.904603],[112.958384,-7.904603]]]}},{"type":"Feature","properties":{"fid":1074,"DN":3},"geometry":{"type":"Polygon","coordinates":[[[112.947556,-7.903513],[112.947556,-7.903786],[112.947015,-7.903786],[112.947015,-7.904058],[112.946474,-7.904058],[112.946474,-7.904331],[112.946203,-7.904331],[112.946203,-7.905148],[112.946474,-7.905148],[112.946474,-7.904603],[112.946744,-7.904603],[112.946744,-7.905148],[112.947556,-7.905148],[112.947556,-7.904603],[112.948098,-7.904603],[112.948098,-7.904331],[112.948639,-7.904331],[112.948639,-7.904603],[112.949181,-7.904603],[112.949181,-7.904331],[112.949993,-7.904331],[112.949993,-7.904058],[112.949451,-7.904058],[112.949451,-7.903786],[112.949181,-7.903786],[112.949181,-7.903513],[112.947556,-7.903513]]]}},{"type":"Feature","properties":{"fid":1075,"DN":4},"geometry":{"type":"Polygon","coordinates":[[[112.96082,-7.904603],[112.96082,-7.905148],[112.96109,-7.905148],[112.96109,-7.904603],[112.96082,-7.904603]]]}},{"type":"Feature","properties":{"fid":1076,"DN":4},"geometry":{"type":"Polygon","coordinates":[[[112.970023,-7.904603],[112.970023,-7.905148],[112.970564,-7.905148],[112.970564,-7.904876],[112.970293,-7.904876],[112.970293,-7.904603],[112.970023,-7.904603]]]}},{"type":"Feature","properties":{"fid":1077,"DN":3},"geometry":{"type":"Polygon","coordinates":[[[113.040398,-7.904603],[113.040398,-7.905148],[113.040669,-7.905148],[113.040669,-7.904603],[113.040398,-7.904603]]]}},{"type":"Feature","properties":{"fid":1078,"DN":4},"geometry":{"type":"Polygon","coordinates":[[[112.934835,-7.905148],[112.934835,-7.905421],[112.935376,-7.905421],[112.935376,-7.905148],[112.934835,-7.905148]]]}},{"type":"Feature","properties":{"fid":1079,"DN":3},"geometry":{"type":"Polygon","coordinates":[[[113.039586,-7.904058],[113.039586,-7.904603],[113.039045,-7.904603],[113.039045,-7.904876],[113.038504,-7.904876],[113.038504,-7.905148],[113.037962,-7.905148],[113.037962,-7.905421],[113.038774,-7.905421],[113.038774,-7.905693],[113.039316,-7.905693],[113.039316,-7.905148],[113.040128,-7.905148],[113.040128,-7.904058],[113.039586,-7.904058]]]}},{"type":"Feature","properties":{"fid":1080,"DN":4},"geometry":{"type":"Polygon","coordinates":[[[112.935376,-7.905421],[112.935376,-7.905693],[112.936459,-7.905693],[112.936459,-7.905966],[112.937812,-7.905966],[112.937812,-7.905693],[112.936729,-7.905693],[112.936729,-7.905421],[112.935376,-7.905421]]]}},{"type":"Feature","properties":{"fid":1081,"DN":4},"geometry":{"type":"Polygon","coordinates":[[[112.964068,-7.905421],[112.964068,-7.905966],[112.96515,-7.905966],[112.96515,-7.905421],[112.964068,-7.905421]]]}},{"type":"Feature","properties":{"fid":1082,"DN":4},"geometry":{"type":"Polygon","coordinates":[[[112.967316,-7.905421],[112.967316,-7.905966],[112.967586,-7.905966],[112.967586,-7.905421],[112.967316,-7.905421]]]}},{"type":"Feature","properties":{"fid":1083,"DN":4},"geometry":{"type":"Polygon","coordinates":[[[112.938083,-7.905966],[112.938083,-7.906238],[112.939436,-7.906238],[112.939436,-7.906511],[112.940519,-7.906511],[112.940519,-7.906238],[112.939707,-7.906238],[112.939707,-7.905966],[112.938083,-7.905966]]]}},{"type":"Feature","properties":{"fid":1084,"DN":3},"geometry":{"type":"Polygon","coordinates":[[[112.951075,-7.905693],[112.951075,-7.905966],[112.950534,-7.905966],[112.950534,-7.906238],[112.950805,-7.906238],[112.950805,-7.906511],[112.951617,-7.906511],[112.951617,-7.905966],[112.951346,-7.905966],[112.951346,-7.905693],[112.951075,-7.905693]]]}},{"type":"Feature","properties":{"fid":1085,"DN":4},"geometry":{"type":"Polygon","coordinates":[[[112.966233,-7.905966],[112.966233,-7.906238],[112.966774,-7.906238],[112.966774,-7.906511],[112.967316,-7.906511],[112.967316,-7.905966],[112.966233,-7.905966]]]}},{"type":"Feature","properties":{"fid":1086,"DN":4},"geometry":{"type":"Polygon","coordinates":[[[112.92888,-7.906238],[112.92888,-7.906511],[112.929151,-7.906511],[112.929151,-7.906238],[112.92888,-7.906238]]]}},{"type":"Feature","properties":{"fid":1087,"DN":4},"geometry":{"type":"Polygon","coordinates":[[[112.947015,-7.906238],[112.947015,-7.906511],[112.947556,-7.906511],[112.947556,-7.906238],[112.947015,-7.906238]]]}},{"type":"Feature","properties":{"fid":1088,"DN":4},"geometry":{"type":"Polygon","coordinates":[[[112.955947,-7.906238],[112.955947,-7.906511],[112.956218,-7.906511],[112.956218,-7.906238],[112.955947,-7.906238]]]}},{"type":"Feature","properties":{"fid":1089,"DN":3},"geometry":{"type":"Polygon","coordinates":[[[113.043105,-7.906238],[113.043105,-7.906783],[113.043646,-7.906783],[113.043646,-7.906238],[113.043105,-7.906238]]]}},{"type":"Feature","properties":{"fid":1090,"DN":4},"geometry":{"type":"Polygon","coordinates":[[[112.941331,-7.906511],[112.941331,-7.906783],[112.941872,-7.906783],[112.941872,-7.906511],[112.941331,-7.906511]]]}},{"type":"Feature","properties":{"fid":1091,"DN":4},"geometry":{"type":"Polygon","coordinates":[[[112.947556,-7.906511],[112.947556,-7.906783],[112.947827,-7.906783],[112.947827,-7.906511],[112.947556,-7.906511]]]}},{"type":"Feature","properties":{"fid":1092,"DN":4},"geometry":{"type":"Polygon","coordinates":[[[112.997361,-7.906511],[112.997361,-7.906783],[112.997632,-7.906783],[112.997632,-7.906511],[112.997361,-7.906511]]]}},{"type":"Feature","properties":{"fid":1093,"DN":3},"geometry":{"type":"Polygon","coordinates":[[[113.037692,-7.906511],[113.037692,-7.906783],[113.037962,-7.906783],[113.037962,-7.906511],[113.037692,-7.906511]]]}},{"type":"Feature","properties":{"fid":1094,"DN":4},"geometry":{"type":"Polygon","coordinates":[[[112.942684,-7.906783],[112.942684,-7.907056],[112.942955,-7.907056],[112.942955,-7.906783],[112.942684,-7.906783]]]}},{"type":"Feature","properties":{"fid":1095,"DN":4},"geometry":{"type":"Polygon","coordinates":[[[112.955406,-7.906783],[112.955406,-7.907056],[112.955677,-7.907056],[112.955677,-7.906783],[112.955406,-7.906783]]]}},{"type":"Feature","properties":{"fid":1096,"DN":3},"geometry":{"type":"Polygon","coordinates":[[[112.98518,-7.905966],[112.98518,-7.906238],[112.98491,-7.906238],[112.98491,-7.906783],[112.98518,-7.906783],[112.98518,-7.907056],[112.985722,-7.907056],[112.985722,-7.907328],[112.986804,-7.907328],[112.986804,-7.907056],[112.986263,-7.907056],[112.986263,-7.906783],[112.985722,-7.906783],[112.985722,-7.905966],[112.98518,-7.905966]]]}},{"type":"Feature","properties":{"fid":1097,"DN":3},"geometry":{"type":"Polygon","coordinates":[[[113.03715,-7.906511],[113.03715,-7.907328],[113.037421,-7.907328],[113.037421,-7.907056],[113.037692,-7.907056],[113.037692,-7.906783],[113.037421,-7.906783],[113.037421,-7.906511],[113.03715,-7.906511]]]}},{"type":"Feature","properties":{"fid":1098,"DN":4},"geometry":{"type":"Polygon","coordinates":[[[113.032007,-7.907056],[113.032007,-7.907328],[113.032278,-7.907328],[113.032278,-7.907056],[113.032007,-7.907056]]]}},{"type":"Feature","properties":{"fid":1099,"DN":3},"geometry":{"type":"Polygon","coordinates":[[[113.042564,-7.906783],[113.042564,-7.907601],[113.042834,-7.907601],[113.042834,-7.907328],[113.043105,-7.907328],[113.043105,-7.906783],[113.042564,-7.906783]]]}},{"type":"Feature","properties":{"fid":1100,"DN":4},"geometry":{"type":"Polygon","coordinates":[[[112.967045,-7.907056],[112.967045,-7.907601],[112.967316,-7.907601],[112.967316,-7.907056],[112.967045,-7.907056]]]}},{"type":"Feature","properties":{"fid":1101,"DN":3},"geometry":{"type":"Polygon","coordinates":[[[112.974083,-7.907328],[112.974083,-7.907601],[112.974624,-7.907601],[112.974624,-7.907328],[112.974083,-7.907328]]]}},{"type":"Feature","properties":{"fid":1102,"DN":4},"geometry":{"type":"Polygon","coordinates":[[[112.977601,-7.907328],[112.977601,-7.907601],[112.978143,-7.907601],[112.978143,-7.907328],[112.977601,-7.907328]]]}},{"type":"Feature","properties":{"fid":1103,"DN":4},"geometry":{"type":"Polygon","coordinates":[[[112.996007,-7.907328],[112.996007,-7.907601],[112.996549,-7.907601],[112.996549,-7.907328],[112.996007,-7.907328]]]}},{"type":"Feature","properties":{"fid":1104,"DN":3},"geometry":{"type":"Polygon","coordinates":[[[113.036879,-7.907328],[113.036879,-7.907601],[113.03715,-7.907601],[113.03715,-7.907328],[113.036879,-7.907328]]]}},{"type":"Feature","properties":{"fid":1105,"DN":4},"geometry":{"type":"Polygon","coordinates":[[[112.946474,-7.907056],[112.946474,-7.907873],[112.946744,-7.907873],[112.946744,-7.907056],[112.946474,-7.907056]]]}},{"type":"Feature","properties":{"fid":1106,"DN":3},"geometry":{"type":"Polygon","coordinates":[[[113.032549,-7.905693],[113.032549,-7.906238],[113.032278,-7.906238],[113.032278,-7.906783],[113.032007,-7.906783],[113.032007,-7.907056],[113.031737,-7.907056],[113.031737,-7.907873],[113.032278,-7.907873],[113.032278,-7.907601],[113.032549,-7.907601],[113.032549,-7.907056],[113.032819,-7.907056],[113.032819,-7.905693],[113.032549,-7.905693]],[[113.032007,-7.907056],[113.032278,-7.907056],[113.032278,-7.907328],[113.032007,-7.907328],[113.032007,-7.907056]]]}},{"type":"Feature","properties":{"fid":1107,"DN":4},"geometry":{"type":"Polygon","coordinates":[[[112.933481,-7.907328],[112.933481,-7.907873],[112.933752,-7.907873],[112.933752,-7.907328],[112.933481,-7.907328]]]}},{"type":"Feature","properties":{"fid":1108,"DN":4},"geometry":{"type":"Polygon","coordinates":[[[112.929151,-7.907601],[112.929151,-7.907873],[112.929421,-7.907873],[112.929421,-7.907601],[112.929151,-7.907601]]]}},{"type":"Feature","properties":{"fid":1109,"DN":4},"geometry":{"type":"Polygon","coordinates":[[[112.974083,-7.907601],[112.974083,-7.907873],[112.974624,-7.907873],[112.974624,-7.907601],[112.974083,-7.907601]]]}},{"type":"Feature","properties":{"fid":1110,"DN":4},"geometry":{"type":"Polygon","coordinates":[[[112.997902,-7.907601],[112.997902,-7.907873],[112.998173,-7.907873],[112.998173,-7.907601],[112.997902,-7.907601]]]}},{"type":"Feature","properties":{"fid":1111,"DN":3},"geometry":{"type":"Polygon","coordinates":[[[113.042293,-7.907601],[113.042293,-7.907873],[113.042564,-7.907873],[113.042564,-7.907601],[113.042293,-7.907601]]]}},{"type":"Feature","properties":{"fid":1112,"DN":4},"geometry":{"type":"Polygon","coordinates":[[[112.997902,-7.906511],[112.997902,-7.906783],[112.997632,-7.906783],[112.997632,-7.907328],[112.99709,-7.907328],[112.99709,-7.908146],[112.997632,-7.908146],[112.997632,-7.907601],[112.997902,-7.907601],[112.997902,-7.907328],[112.998173,-7.907328],[112.998173,-7.906511],[112.997902,-7.906511]]]}},{"type":"Feature","properties":{"fid":1113,"DN":3},"geometry":{"type":"Polygon","coordinates":[[[112.996549,-7.905966],[112.996549,-7.906511],[112.996007,-7.906511],[112.996007,-7.906783],[112.995737,-7.906783],[112.995737,-7.907328],[112.995466,-7.907328],[112.995466,-7.907601],[112.996007,-7.907601],[112.996007,-7.907873],[112.996549,-7.907873],[112.996549,-7.908146],[112.99709,-7.908146],[112.99709,-7.907328],[112.997632,-7.907328],[112.997632,-7.906783],[112.997902,-7.906783],[112.997902,-7.906511],[112.998173,-7.906511],[112.998173,-7.906238],[112.997902,-7.906238],[112.997902,-7.905966],[112.996549,-7.905966]],[[112.997361,-7.906511],[112.997632,-7.906511],[112.997632,-7.906783],[112.997361,-7.906783],[112.997361,-7.906511]],[[112.996007,-7.907328],[112.996549,-7.907328],[112.996549,-7.907601],[112.996007,-7.907601],[112.996007,-7.907328]]]}},{"type":"Feature","properties":{"fid":1114,"DN":4},"geometry":{"type":"Polygon","coordinates":[[[112.939166,-7.907873],[112.939166,-7.908146],[112.939707,-7.908146],[112.939707,-7.907873],[112.939166,-7.907873]]]}},{"type":"Feature","properties":{"fid":1115,"DN":4},"geometry":{"type":"Polygon","coordinates":[[[112.940519,-7.907873],[112.940519,-7.908146],[112.941331,-7.908146],[112.941331,-7.907873],[112.940519,-7.907873]]]}},{"type":"Feature","properties":{"fid":1116,"DN":4},"geometry":{"type":"Polygon","coordinates":[[[112.977331,-7.907873],[112.977331,-7.908146],[112.977601,-7.908146],[112.977601,-7.907873],[112.977331,-7.907873]]]}},{"type":"Feature","properties":{"fid":1117,"DN":3},"geometry":{"type":"Polygon","coordinates":[[[112.981391,-7.907873],[112.981391,-7.908146],[112.981932,-7.908146],[112.981932,-7.907873],[112.981391,-7.907873]]]}},{"type":"Feature","properties":{"fid":1118,"DN":4},"geometry":{"type":"Polygon","coordinates":[[[112.935647,-7.907601],[112.935647,-7.907873],[112.935917,-7.907873],[112.935917,-7.908146],[112.936188,-7.908146],[112.936188,-7.908418],[112.936459,-7.908418],[112.936459,-7.908146],[112.938624,-7.908146],[112.938624,-7.907873],[112.936459,-7.907873],[112.936459,-7.907601],[112.935647,-7.907601]]]}},{"type":"Feature","properties":{"fid":1119,"DN":4},"geometry":{"type":"Polygon","coordinates":[[[112.934023,-7.908146],[112.934023,-7.908418],[112.934293,-7.908418],[112.934293,-7.908146],[112.934023,-7.908146]]]}},{"type":"Feature","properties":{"fid":1120,"DN":4},"geometry":{"type":"Polygon","coordinates":[[[112.935376,-7.908146],[112.935376,-7.908418],[112.935647,-7.908418],[112.935647,-7.908146],[112.935376,-7.908146]]]}},{"type":"Feature","properties":{"fid":1121,"DN":4},"geometry":{"type":"Polygon","coordinates":[[[112.949993,-7.908146],[112.949993,-7.908418],[112.950263,-7.908418],[112.950263,-7.908146],[112.949993,-7.908146]]]}},{"type":"Feature","properties":{"fid":1122,"DN":3},"geometry":{"type":"Polygon","coordinates":[[[112.979767,-7.908146],[112.979767,-7.908418],[112.980038,-7.908418],[112.980038,-7.908146],[112.979767,-7.908146]]]}},{"type":"Feature","properties":{"fid":1123,"DN":3},"geometry":{"type":"Polygon","coordinates":[[[112.992218,-7.908146],[112.992218,-7.908418],[112.992489,-7.908418],[112.992489,-7.908146],[112.992218,-7.908146]]]}},{"type":"Feature","properties":{"fid":1124,"DN":4},"geometry":{"type":"Polygon","coordinates":[[[112.998444,-7.908146],[112.998444,-7.908418],[112.998985,-7.908418],[112.998985,-7.908146],[112.998444,-7.908146]]]}},{"type":"Feature","properties":{"fid":1125,"DN":4},"geometry":{"type":"Polygon","coordinates":[[[112.935647,-7.899698],[112.935647,-7.900243],[112.935376,-7.900243],[112.935376,-7.900788],[112.935647,-7.900788],[112.935647,-7.901061],[112.936459,-7.901061],[112.936459,-7.901333],[112.937271,-7.901333],[112.937271,-7.901606],[112.937812,-7.901606],[112.937812,-7.901333],[112.938083,-7.901333],[112.938083,-7.901606],[112.938895,-7.901606],[112.938895,-7.902151],[112.939436,-7.902151],[112.939436,-7.902423],[112.938624,-7.902423],[112.938624,-7.902151],[112.938354,-7.902151],[112.938354,-7.902968],[112.938624,-7.902968],[112.938624,-7.903241],[112.938895,-7.903241],[112.938895,-7.903513],[112.939166,-7.903513],[112.939166,-7.903241],[112.939436,-7.903241],[112.939436,-7.903786],[112.940248,-7.903786],[112.940248,-7.903513],[112.940519,-7.903513],[112.940519,-7.903241],[112.94079,-7.903241],[112.94079,-7.903513],[112.942955,-7.903513],[112.942955,-7.903786],[112.943226,-7.903786],[112.943226,-7.904058],[112.943767,-7.904058],[112.943767,-7.904603],[112.944038,-7.904603],[112.944038,-7.905421],[112.944579,-7.905421],[112.944579,-7.904331],[112.94512,-7.904331],[112.94512,-7.904603],[112.945662,-7.904603],[112.945662,-7.905148],[112.946203,-7.905148],[112.946203,-7.905421],[112.947015,-7.905421],[112.947015,-7.905693],[112.947827,-7.905693],[112.947827,-7.905966],[112.948639,-7.905966],[112.948639,-7.906238],[112.94891,-7.906238],[112.94891,-7.906511],[112.948098,-7.906511],[112.948098,-7.906783],[112.947827,-7.906783],[112.947827,-7.907056],[112.947556,-7.907056],[112.947556,-7.907873],[112.948098,-7.907873],[112.948098,-7.908691],[112.948639,-7.908691],[112.948639,-7.908418],[112.94891,-7.908418],[112.94891,-7.907873],[112.949181,-7.907873],[112.949181,-7.907328],[112.94891,-7.907328],[112.94891,-7.907056],[112.949181,-7.907056],[112.949181,-7.906511],[112.949451,-7.906511],[112.949451,-7.906238],[112.949993,-7.906238],[112.949993,-7.906783],[112.950534,-7.906783],[112.950534,-7.906511],[112.950805,-7.906511],[112.950805,-7.906783],[112.951346,-7.906783],[112.951346,-7.907056],[112.951887,-7.907056],[112.951887,-7.906783],[112.952699,-7.906783],[112.952699,-7.906511],[112.952429,-7.906511],[112.952429,-7.906238],[112.952699,-7.906238],[112.952699,-7.905693],[112.95297,-7.905693],[112.95297,-7.905421],[112.952699,-7.905421],[112.952699,-7.904603],[112.951617,-7.904603],[112.951617,-7.904058],[112.951075,-7.904058],[112.951075,-7.903241],[112.950534,-7.903241],[112.950534,-7.902696],[112.950805,-7.902696],[112.950805,-7.901878],[112.950534,-7.901878],[112.950534,-7.901061],[112.948639,-7.901061],[112.948639,-7.901606],[112.94891,-7.901606],[112.94891,-7.901878],[112.948369,-7.901878],[112.948369,-7.901606],[112.947015,-7.901606],[112.947015,-7.901333],[112.946474,-7.901333],[112.946474,-7.901061],[112.945932,-7.901061],[112.945932,-7.900788],[112.945662,-7.900788],[112.945662,-7.900516],[112.945391,-7.900516],[112.945391,-7.900243],[112.94485,-7.900243],[112.94485,-7.899971],[112.944308,-7.899971],[112.944308,-7.899698],[112.944038,-7.899698],[112.944038,-7.900243],[112.943767,-7.900243],[112.943767,-7.899698],[112.942414,-7.899698],[112.942414,-7.899971],[112.942143,-7.899971],[112.942143,-7.899698],[112.941602,-7.899698],[112.941602,-7.899971],[112.941331,-7.899971],[112.941331,-7.899698],[112.94106,-7.899698],[112.94106,-7.900243],[112.941331,-7.900243],[112.941331,-7.900516],[112.941602,-7.900516],[112.941602,-7.901061],[112.941331,-7.901061],[112.941331,-7.900788],[112.94106,-7.900788],[112.94106,-7.900516],[112.94079,-7.900516],[112.94079,-7.900243],[112.940519,-7.900243],[112.940519,-7.899971],[112.939978,-7.899971],[112.939978,-7.899698],[112.935647,-7.899698]],[[112.937271,-7.900243],[112.937541,-7.900243],[112.937541,-7.900788],[112.937812,-7.900788],[112.937812,-7.901061],[112.937,-7.901061],[112.937,-7.900788],[112.937271,-7.900788],[112.937271,-7.900243]],[[112.94485,-7.900516],[112.945391,-7.900516],[112.945391,-7.900788],[112.94485,-7.900788],[112.94485,-7.900516]],[[112.939436,-7.900788],[112.939707,-7.900788],[112.939707,-7.901061],[112.939978,-7.901061],[112.939978,-7.901333],[112.939436,-7.901333],[112.939436,-7.900788]],[[112.942143,-7.900788],[112.942955,-7.900788],[112.942955,-7.901333],[112.942143,-7.901333],[112.942143,-7.900788]],[[112.943226,-7.901061],[112.944038,-7.901061],[112.944038,-7.901333],[112.943496,-7.901333],[112.943496,-7.901606],[112.943226,-7.901606],[112.943226,-7.901061]],[[112.944038,-7.901333],[112.944579,-7.901333],[112.944579,-7.901606],[112.945391,-7.901606],[112.945391,-7.902423],[112.945662,-7.902423],[112.945662,-7.902696],[112.94512,-7.902696],[112.94512,-7.902423],[112.944579,-7.902423],[112.944579,-7.901878],[112.943767,-7.901878],[112.943767,-7.901606],[112.944038,-7.901606],[112.944038,-7.901333]],[[112.94079,-7.901606],[112.941602,-7.901606],[112.941602,-7.902423],[112.94079,-7.902423],[112.94079,-7.901606]],[[112.941602,-7.902423],[112.942955,-7.902423],[112.942955,-7.902696],[112.942684,-7.902696],[112.942684,-7.902968],[112.941602,-7.902968],[112.941602,-7.902423]],[[112.946744,-7.902423],[112.947015,-7.902423],[112.947015,-7.902696],[112.946744,-7.902696],[112.946744,-7.902423]],[[112.942955,-7.902696],[112.943226,-7.902696],[112.943226,-7.902968],[112.943767,-7.902968],[112.943767,-7.903513],[112.943496,-7.903513],[112.943496,-7.903241],[112.942955,-7.903241],[112.942955,-7.902696]],[[112.947015,-7.902696],[112.947556,-7.902696],[112.947556,-7.903241],[112.947015,-7.903241],[112.947015,-7.902696]],[[112.940248,-7.902968],[112.940519,-7.902968],[112.940519,-7.903241],[112.940248,-7.903241],[112.940248,-7.902968]],[[112.945391,-7.903241],[112.945662,-7.903241],[112.945662,-7.903513],[112.945391,-7.903513],[112.945391,-7.903241]],[[112.945662,-7.903513],[112.945932,-7.903513],[112.945932,-7.903786],[112.946203,-7.903786],[112.946203,-7.903513],[112.946474,-7.903513],[112.946474,-7.904058],[112.945662,-7.904058],[112.945662,-7.903513]],[[112.947556,-7.903513],[112.949181,-7.903513],[112.949181,-7.903786],[112.949451,-7.903786],[112.949451,-7.904058],[112.949993,-7.904058],[112.949993,-7.904331],[112.949181,-7.904331],[112.949181,-7.904603],[112.948639,-7.904603],[112.948639,-7.904331],[112.948098,-7.904331],[112.948098,-7.904603],[112.947556,-7.904603],[112.947556,-7.905148],[112.946744,-7.905148],[112.946744,-7.904603],[112.946474,-7.904603],[112.946474,-7.905148],[112.946203,-7.905148],[112.946203,-7.904331],[112.946474,-7.904331],[112.946474,-7.904058],[112.947015,-7.904058],[112.947015,-7.903786],[112.947556,-7.903786],[112.947556,-7.903513]],[[112.951075,-7.905693],[112.951346,-7.905693],[112.951346,-7.905966],[112.951617,-7.905966],[112.951617,-7.906511],[112.950805,-7.906511],[112.950805,-7.906238],[112.950534,-7.906238],[112.950534,-7.905966],[112.951075,-7.905966],[112.951075,-7.905693]]]}},{"type":"Feature","properties":{"fid":1126,"DN":4},"geometry":{"type":"Polygon","coordinates":[[[112.995466,-7.907601],[112.995466,-7.907873],[112.995737,-7.907873],[112.995737,-7.908418],[112.996007,-7.908418],[112.996007,-7.908691],[112.996549,-7.908691],[112.996549,-7.908418],[112.99709,-7.908418],[112.99709,-7.908146],[112.996549,-7.908146],[112.996549,-7.907873],[112.996007,-7.907873],[112.996007,-7.907601],[112.995466,-7.907601]]]}},{"type":"Feature","properties":{"fid":1127,"DN":4},"geometry":{"type":"Polygon","coordinates":[[[113.043105,-7.906783],[113.043105,-7.907328],[113.042834,-7.907328],[113.042834,-7.907601],[113.042564,-7.907601],[113.042564,-7.907873],[113.042293,-7.907873],[113.042293,-7.908146],[113.042022,-7.908146],[113.042022,-7.908691],[113.042293,-7.908691],[113.042293,-7.908418],[113.042564,-7.908418],[113.042564,-7.908146],[113.042834,-7.908146],[113.042834,-7.907873],[113.043105,-7.907873],[113.043105,-7.907601],[113.043646,-7.907601],[113.043646,-7.906783],[113.043105,-7.906783]]]}},{"type":"Feature","properties":{"fid":1128,"DN":4},"geometry":{"type":"Polygon","coordinates":[[[112.937541,-7.908418],[112.937541,-7.908691],[112.937812,-7.908691],[112.937812,-7.908418],[112.937541,-7.908418]]]}},{"type":"Feature","properties":{"fid":1129,"DN":3},"geometry":{"type":"Polygon","coordinates":[[[112.946203,-7.908418],[112.946203,-7.908691],[112.946474,-7.908691],[112.946474,-7.908418],[112.946203,-7.908418]]]}},{"type":"Feature","properties":{"fid":1130,"DN":3},"geometry":{"type":"Polygon","coordinates":[[[113.042293,-7.908418],[113.042293,-7.908691],[113.042564,-7.908691],[113.042564,-7.908418],[113.042293,-7.908418]]]}},{"type":"Feature","properties":{"fid":1131,"DN":4},"geometry":{"type":"Polygon","coordinates":[[[113.042564,-7.908418],[113.042564,-7.908691],[113.042834,-7.908691],[113.042834,-7.908418],[113.042564,-7.908418]]]}},{"type":"Feature","properties":{"fid":1132,"DN":3},"geometry":{"type":"Polygon","coordinates":[[[113.041752,-7.907873],[113.041752,-7.908963],[113.042293,-7.908963],[113.042293,-7.908691],[113.042022,-7.908691],[113.042022,-7.908146],[113.042293,-7.908146],[113.042293,-7.907873],[113.041752,-7.907873]]]}},{"type":"Feature","properties":{"fid":1133,"DN":3},"geometry":{"type":"Polygon","coordinates":[[[112.971105,-7.908146],[112.971105,-7.908963],[112.971376,-7.908963],[112.971376,-7.908418],[112.971917,-7.908418],[112.971917,-7.908146],[112.971105,-7.908146]]]}},{"type":"Feature","properties":{"fid":1134,"DN":4},"geometry":{"type":"Polygon","coordinates":[[[112.934564,-7.908418],[112.934564,-7.908691],[112.935105,-7.908691],[112.935105,-7.908963],[112.935376,-7.908963],[112.935376,-7.909236],[112.935647,-7.909236],[112.935647,-7.908691],[112.935376,-7.908691],[112.935376,-7.908418],[112.934564,-7.908418]]]}},{"type":"Feature","properties":{"fid":1135,"DN":3},"geometry":{"type":"Polygon","coordinates":[[[112.942955,-7.908691],[112.942955,-7.909236],[112.943226,-7.909236],[112.943226,-7.908963],[112.943496,-7.908963],[112.943496,-7.908691],[112.942955,-7.908691]]]}},{"type":"Feature","properties":{"fid":1136,"DN":3},"geometry":{"type":"Polygon","coordinates":[[[112.991135,-7.908691],[112.991135,-7.908963],[112.991677,-7.908963],[112.991677,-7.909236],[112.991947,-7.909236],[112.991947,-7.908691],[112.991135,-7.908691]]]}},{"type":"Feature","properties":{"fid":1137,"DN":3},"geometry":{"type":"Polygon","coordinates":[[[112.970564,-7.908963],[112.970564,-7.909236],[112.971105,-7.909236],[112.971105,-7.908963],[112.970564,-7.908963]]]}},{"type":"Feature","properties":{"fid":1138,"DN":4},"geometry":{"type":"Polygon","coordinates":[[[112.971376,-7.908418],[112.971376,-7.908963],[112.971105,-7.908963],[112.971105,-7.909236],[112.971917,-7.909236],[112.971917,-7.908418],[112.971376,-7.908418]]]}},{"type":"Feature","properties":{"fid":1139,"DN":4},"geometry":{"type":"Polygon","coordinates":[[[112.974353,-7.908963],[112.974353,-7.909236],[112.974895,-7.909236],[112.974895,-7.908963],[112.974353,-7.908963]]]}},{"type":"Feature","properties":{"fid":1140,"DN":4},"geometry":{"type":"Polygon","coordinates":[[[112.995195,-7.908963],[112.995195,-7.909236],[112.995466,-7.909236],[112.995466,-7.908963],[112.995195,-7.908963]]]}},{"type":"Feature","properties":{"fid":1141,"DN":4},"geometry":{"type":"Polygon","coordinates":[[[112.948639,-7.908963],[112.948639,-7.909508],[112.94891,-7.909508],[112.94891,-7.908963],[112.948639,-7.908963]]]}},{"type":"Feature","properties":{"fid":1142,"DN":4},"geometry":{"type":"Polygon","coordinates":[[[112.94106,-7.909236],[112.94106,-7.909508],[112.941331,-7.909508],[112.941331,-7.909236],[112.94106,-7.909236]]]}},{"type":"Feature","properties":{"fid":1143,"DN":4},"geometry":{"type":"Polygon","coordinates":[[[112.960549,-7.909236],[112.960549,-7.909508],[112.96082,-7.909508],[112.96082,-7.909236],[112.960549,-7.909236]]]}},{"type":"Feature","properties":{"fid":1144,"DN":4},"geometry":{"type":"Polygon","coordinates":[[[112.965692,-7.909236],[112.965692,-7.909508],[112.965962,-7.909508],[112.965962,-7.909236],[112.965692,-7.909236]]]}},{"type":"Feature","properties":{"fid":1145,"DN":4},"geometry":{"type":"Polygon","coordinates":[[[112.975977,-7.909236],[112.975977,-7.909508],[112.976248,-7.909508],[112.976248,-7.909236],[112.975977,-7.909236]]]}},{"type":"Feature","properties":{"fid":1146,"DN":4},"geometry":{"type":"Polygon","coordinates":[[[112.976789,-7.909236],[112.976789,-7.909508],[112.97706,-7.909508],[112.97706,-7.909236],[112.976789,-7.909236]]]}},{"type":"Feature","properties":{"fid":1147,"DN":3},"geometry":{"type":"Polygon","coordinates":[[[113.034443,-7.909236],[113.034443,-7.909508],[113.034714,-7.909508],[113.034714,-7.909236],[113.034443,-7.909236]]]}},{"type":"Feature","properties":{"fid":1148,"DN":4},"geometry":{"type":"Polygon","coordinates":[[[112.958925,-7.904603],[112.958925,-7.905148],[112.959196,-7.905148],[112.959196,-7.905693],[112.959737,-7.905693],[112.959737,-7.905966],[112.960008,-7.905966],[112.960008,-7.906238],[112.959737,-7.906238],[112.959737,-7.906783],[112.959196,-7.906783],[112.959196,-7.907328],[112.959737,-7.907328],[112.959737,-7.907056],[112.960278,-7.907056],[112.960278,-7.906511],[112.96082,-7.906511],[112.96082,-7.907601],[112.96109,-7.907601],[112.96109,-7.908418],[112.961361,-7.908418],[112.961361,-7.908963],[112.961632,-7.908963],[112.961632,-7.909236],[112.962173,-7.909236],[112.962173,-7.907873],[112.961632,-7.907873],[112.961632,-7.907328],[112.962173,-7.907328],[112.962173,-7.907056],[112.962444,-7.907056],[112.962444,-7.907328],[112.962985,-7.907328],[112.962985,-7.907601],[112.963256,-7.907601],[112.963256,-7.908691],[112.963797,-7.908691],[112.963797,-7.909236],[112.964068,-7.909236],[112.964068,-7.909508],[112.964609,-7.909508],[112.964609,-7.909781],[112.96515,-7.909781],[112.96515,-7.910053],[112.965421,-7.910053],[112.965421,-7.908963],[112.965692,-7.908963],[112.965692,-7.908691],[112.965962,-7.908691],[112.965962,-7.908146],[112.967045,-7.908146],[112.967045,-7.907601],[112.966233,-7.907601],[112.966233,-7.907328],[112.966504,-7.907328],[112.966504,-7.906783],[112.966233,-7.906783],[112.966233,-7.906511],[112.965962,-7.906511],[112.965962,-7.906238],[112.964068,-7.906238],[112.964068,-7.905966],[112.963256,-7.905966],[112.963256,-7.906238],[112.961361,-7.906238],[112.961361,-7.905966],[112.96082,-7.905966],[112.96082,-7.905693],[112.960278,-7.905693],[112.960278,-7.905148],[112.960008,-7.905148],[112.960008,-7.904876],[112.959196,-7.904876],[112.959196,-7.904603],[112.958925,-7.904603]]]}},{"type":"Feature","properties":{"fid":1149,"DN":4},"geometry":{"type":"Polygon","coordinates":[[[112.996549,-7.908691],[112.996549,-7.909236],[112.996819,-7.909236],[112.996819,-7.909781],[112.99709,-7.909781],[112.99709,-7.910053],[112.997902,-7.910053],[112.997902,-7.909236],[112.997632,-7.909236],[112.997632,-7.908963],[112.996819,-7.908963],[112.996819,-7.908691],[112.996549,-7.908691]]]}},{"type":"Feature","properties":{"fid":1150,"DN":4},"geometry":{"type":"Polygon","coordinates":[[[112.962714,-7.909236],[112.962714,-7.909508],[112.962985,-7.909508],[112.962985,-7.910053],[112.963256,-7.910053],[112.963256,-7.909508],[112.963797,-7.909508],[112.963797,-7.909236],[112.962714,-7.909236]]]}},{"type":"Feature","properties":{"fid":1151,"DN":4},"geometry":{"type":"Polygon","coordinates":[[[112.994383,-7.909236],[112.994383,-7.910053],[112.994654,-7.910053],[112.994654,-7.909236],[112.994383,-7.909236]]]}},{"type":"Feature","properties":{"fid":1152,"DN":4},"geometry":{"type":"Polygon","coordinates":[[[112.933211,-7.909508],[112.933211,-7.910053],[112.933481,-7.910053],[112.933481,-7.909508],[112.933211,-7.909508]]]}},{"type":"Feature","properties":{"fid":1153,"DN":4},"geometry":{"type":"Polygon","coordinates":[[[112.960008,-7.909508],[112.960008,-7.910053],[112.96082,-7.910053],[112.96082,-7.909781],[112.960278,-7.909781],[112.960278,-7.909508],[112.960008,-7.909508]]]}},{"type":"Feature","properties":{"fid":1154,"DN":3},"geometry":{"type":"Polygon","coordinates":[[[112.988429,-7.909781],[112.988429,-7.910053],[112.988699,-7.910053],[112.988699,-7.909781],[112.988429,-7.909781]]]}},{"type":"Feature","properties":{"fid":1155,"DN":3},"geometry":{"type":"Polygon","coordinates":[[[112.992489,-7.908963],[112.992489,-7.909781],[112.992759,-7.909781],[112.992759,-7.910053],[112.99303,-7.910053],[112.99303,-7.910326],[112.993301,-7.910326],[112.993301,-7.909236],[112.992759,-7.909236],[112.992759,-7.908963],[112.992489,-7.908963]]]}},{"type":"Feature","properties":{"fid":1156,"DN":4},"geometry":{"type":"Polygon","coordinates":[[[112.935647,-7.909236],[112.935647,-7.909508],[112.937541,-7.909508],[112.937541,-7.910053],[112.937812,-7.910053],[112.937812,-7.910326],[112.938354,-7.910326],[112.938354,-7.910053],[112.938083,-7.910053],[112.938083,-7.909508],[112.937812,-7.909508],[112.937812,-7.909236],[112.935647,-7.909236]]]}},{"type":"Feature","properties":{"fid":1157,"DN":3},"geometry":{"type":"Polygon","coordinates":[[[112.943496,-7.909508],[112.943496,-7.909781],[112.943226,-7.909781],[112.943226,-7.910326],[112.943767,-7.910326],[112.943767,-7.909508],[112.943496,-7.909508]]]}},{"type":"Feature","properties":{"fid":1158,"DN":4},"geometry":{"type":"Polygon","coordinates":[[[112.933481,-7.910053],[112.933481,-7.910326],[112.933752,-7.910326],[112.933752,-7.910053],[112.933481,-7.910053]]]}},{"type":"Feature","properties":{"fid":1159,"DN":4},"geometry":{"type":"Polygon","coordinates":[[[112.955135,-7.910053],[112.955135,-7.910326],[112.955406,-7.910326],[112.955406,-7.910053],[112.955135,-7.910053]]]}},{"type":"Feature","properties":{"fid":1160,"DN":4},"geometry":{"type":"Polygon","coordinates":[[[112.995737,-7.910053],[112.995737,-7.910326],[112.996007,-7.910326],[112.996007,-7.910053],[112.995737,-7.910053]]]}},{"type":"Feature","properties":{"fid":1161,"DN":3},"geometry":{"type":"Polygon","coordinates":[[[112.987887,-7.910053],[112.987887,-7.910326],[112.988158,-7.910326],[112.988158,-7.910598],[112.988429,-7.910598],[112.988429,-7.910053],[112.987887,-7.910053]]]}},{"type":"Feature","properties":{"fid":1162,"DN":3},"geometry":{"type":"Polygon","coordinates":[[[112.988699,-7.910053],[112.988699,-7.910598],[112.989241,-7.910598],[112.989241,-7.910053],[112.988699,-7.910053]]]}},{"type":"Feature","properties":{"fid":1163,"DN":4},"geometry":{"type":"Polygon","coordinates":[[[112.934023,-7.910326],[112.934023,-7.910598],[112.934293,-7.910598],[112.934293,-7.910326],[112.934023,-7.910326]]]}},{"type":"Feature","properties":{"fid":1164,"DN":3},"geometry":{"type":"Polygon","coordinates":[[[112.985451,-7.910326],[112.985451,-7.910598],[112.985722,-7.910598],[112.985722,-7.910326],[112.985451,-7.910326]]]}},{"type":"Feature","properties":{"fid":1165,"DN":4},"geometry":{"type":"Polygon","coordinates":[[[112.985722,-7.910326],[112.985722,-7.910598],[112.985992,-7.910598],[112.985992,-7.910326],[112.985722,-7.910326]]]}},{"type":"Feature","properties":{"fid":1166,"DN":4},"geometry":{"type":"Polygon","coordinates":[[[112.987887,-7.910326],[112.987887,-7.910598],[112.988158,-7.910598],[112.988158,-7.910326],[112.987887,-7.910326]]]}},{"type":"Feature","properties":{"fid":1167,"DN":4},"geometry":{"type":"Polygon","coordinates":[[[112.995466,-7.910326],[112.995466,-7.910598],[112.995737,-7.910598],[112.995737,-7.910326],[112.995466,-7.910326]]]}},{"type":"Feature","properties":{"fid":1168,"DN":4},"geometry":{"type":"Polygon","coordinates":[[[112.950534,-7.910598],[112.950534,-7.910871],[112.950805,-7.910871],[112.950805,-7.910598],[112.950534,-7.910598]]]}},{"type":"Feature","properties":{"fid":1169,"DN":4},"geometry":{"type":"Polygon","coordinates":[[[112.974624,-7.910598],[112.974624,-7.910871],[112.974895,-7.910871],[112.974895,-7.910598],[112.974624,-7.910598]]]}},{"type":"Feature","properties":{"fid":1170,"DN":4},"geometry":{"type":"Polygon","coordinates":[[[112.982744,-7.910326],[112.982744,-7.910598],[112.982474,-7.910598],[112.982474,-7.910871],[112.983556,-7.910871],[112.983556,-7.910326],[112.982744,-7.910326]]]}},{"type":"Feature","properties":{"fid":1171,"DN":4},"geometry":{"type":"Polygon","coordinates":[[[112.986263,-7.910598],[112.986263,-7.910871],[112.987346,-7.910871],[112.987346,-7.910598],[112.986263,-7.910598]]]}},{"type":"Feature","properties":{"fid":1172,"DN":4},"geometry":{"type":"Polygon","coordinates":[[[112.996819,-7.910598],[112.996819,-7.910871],[112.99709,-7.910871],[112.99709,-7.910598],[112.996819,-7.910598]]]}},{"type":"Feature","properties":{"fid":1173,"DN":4},"geometry":{"type":"Polygon","coordinates":[[[112.997632,-7.910598],[112.997632,-7.910871],[112.997902,-7.910871],[112.997902,-7.910598],[112.997632,-7.910598]]]}},{"type":"Feature","properties":{"fid":1174,"DN":4},"geometry":{"type":"Polygon","coordinates":[[[112.96109,-7.909781],[112.96109,-7.910053],[112.96082,-7.910053],[112.96082,-7.910326],[112.96109,-7.910326],[112.96109,-7.911143],[112.961632,-7.911143],[112.961632,-7.910053],[112.961361,-7.910053],[112.961361,-7.909781],[112.96109,-7.909781]]]}},{"type":"Feature","properties":{"fid":1175,"DN":4},"geometry":{"type":"Polygon","coordinates":[[[112.938624,-7.910326],[112.938624,-7.910598],[112.938895,-7.910598],[112.938895,-7.910871],[112.939166,-7.910871],[112.939166,-7.911143],[112.939436,-7.911143],[112.939436,-7.910598],[112.939166,-7.910598],[112.939166,-7.910326],[112.938624,-7.910326]]]}},{"type":"Feature","properties":{"fid":1176,"DN":3},"geometry":{"type":"Polygon","coordinates":[[[112.964609,-7.910598],[112.964609,-7.911143],[112.96515,-7.911143],[112.96515,-7.910598],[112.964609,-7.910598]]]}},{"type":"Feature","properties":{"fid":1177,"DN":4},"geometry":{"type":"Polygon","coordinates":[[[112.994925,-7.910598],[112.994925,-7.911143],[112.995195,-7.911143],[112.995195,-7.910871],[112.995466,-7.910871],[112.995466,-7.910598],[112.994925,-7.910598]]]}},{"type":"Feature","properties":{"fid":1178,"DN":3},"geometry":{"type":"Polygon","coordinates":[[[112.953782,-7.910871],[112.953782,-7.911143],[112.954053,-7.911143],[112.954053,-7.910871],[112.953782,-7.910871]]]}},{"type":"Feature","properties":{"fid":1179,"DN":3},"geometry":{"type":"Polygon","coordinates":[[[112.945391,-7.910598],[112.945391,-7.910871],[112.94512,-7.910871],[112.94512,-7.911143],[112.945391,-7.911143],[112.945391,-7.911416],[112.945662,-7.911416],[112.945662,-7.910871],[112.945932,-7.910871],[112.945932,-7.910598],[112.945391,-7.910598]]]}},{"type":"Feature","properties":{"fid":1180,"DN":4},"geometry":{"type":"Polygon","coordinates":[[[112.953511,-7.910871],[112.953511,-7.911416],[112.954053,-7.911416],[112.954053,-7.911143],[112.953782,-7.911143],[112.953782,-7.910871],[112.953511,-7.910871]]]}},{"type":"Feature","properties":{"fid":1181,"DN":4},"geometry":{"type":"Polygon","coordinates":[[[112.990323,-7.910871],[112.990323,-7.911416],[112.990594,-7.911416],[112.990594,-7.910871],[112.990323,-7.910871]]]}},{"type":"Feature","properties":{"fid":1182,"DN":4},"geometry":{"type":"Polygon","coordinates":[[[112.933481,-7.911143],[112.933481,-7.911416],[112.934023,-7.911416],[112.934023,-7.911143],[112.933481,-7.911143]]]}},{"type":"Feature","properties":{"fid":1183,"DN":4},"geometry":{"type":"Polygon","coordinates":[[[112.951617,-7.911143],[112.951617,-7.911416],[112.952158,-7.911416],[112.952158,-7.911143],[112.951617,-7.911143]]]}},{"type":"Feature","properties":{"fid":1184,"DN":4},"geometry":{"type":"Polygon","coordinates":[[[112.961632,-7.911143],[112.961632,-7.911416],[112.962173,-7.911416],[112.962173,-7.911143],[112.961632,-7.911143]]]}},{"type":"Feature","properties":{"fid":1185,"DN":4},"geometry":{"type":"Polygon","coordinates":[[[112.991677,-7.911143],[112.991677,-7.911416],[112.991947,-7.911416],[112.991947,-7.911143],[112.991677,-7.911143]]]}},{"type":"Feature","properties":{"fid":1186,"DN":4},"geometry":{"type":"Polygon","coordinates":[[[112.955135,-7.911416],[112.955135,-7.911688],[112.955677,-7.911688],[112.955677,-7.911416],[112.955135,-7.911416]]]}},{"type":"Feature","properties":{"fid":1187,"DN":4},"geometry":{"type":"Polygon","coordinates":[[[112.996549,-7.911416],[112.996549,-7.911688],[112.996819,-7.911688],[112.996819,-7.911416],[112.996549,-7.911416]]]}},{"type":"Feature","properties":{"fid":1188,"DN":4},"geometry":{"type":"Polygon","coordinates":[[[112.942955,-7.911143],[112.942955,-7.911416],[112.943226,-7.911416],[112.943226,-7.911961],[112.943767,-7.911961],[112.943767,-7.911688],[112.943496,-7.911688],[112.943496,-7.911143],[112.942955,-7.911143]]]}},{"type":"Feature","properties":{"fid":1189,"DN":4},"geometry":{"type":"Polygon","coordinates":[[[112.974895,-7.911143],[112.974895,-7.911961],[112.975165,-7.911961],[112.975165,-7.911688],[112.975436,-7.911688],[112.975436,-7.911143],[112.974895,-7.911143]]]}},{"type":"Feature","properties":{"fid":1190,"DN":4},"geometry":{"type":"Polygon","coordinates":[[[112.979226,-7.911143],[112.979226,-7.911961],[112.979767,-7.911961],[112.979767,-7.911143],[112.979226,-7.911143]]]}},{"type":"Feature","properties":{"fid":1191,"DN":3},"geometry":{"type":"Polygon","coordinates":[[[112.945932,-7.911416],[112.945932,-7.911961],[112.946203,-7.911961],[112.946203,-7.911416],[112.945932,-7.911416]]]}},{"type":"Feature","properties":{"fid":1192,"DN":4},"geometry":{"type":"Polygon","coordinates":[[[112.936459,-7.911688],[112.936459,-7.911961],[112.937541,-7.911961],[112.937541,-7.911688],[112.936459,-7.911688]]]}},{"type":"Feature","properties":{"fid":1193,"DN":4},"geometry":{"type":"Polygon","coordinates":[[[112.941602,-7.911688],[112.941602,-7.911961],[112.941872,-7.911961],[112.941872,-7.911688],[112.941602,-7.911688]]]}},{"type":"Feature","properties":{"fid":1194,"DN":4},"geometry":{"type":"Polygon","coordinates":[[[112.994654,-7.911143],[112.994654,-7.911416],[112.994383,-7.911416],[112.994383,-7.911688],[112.994113,-7.911688],[112.994113,-7.911961],[112.994383,-7.911961],[112.994383,-7.912506],[112.994654,-7.912506],[112.994654,-7.911688],[112.994925,-7.911688],[112.994925,-7.911143],[112.994654,-7.911143]]]}},{"type":"Feature","properties":{"fid":1195,"DN":4},"geometry":{"type":"Polygon","coordinates":[[[112.939436,-7.904058],[112.939436,-7.904331],[112.940248,-7.904331],[112.940248,-7.904876],[112.940519,-7.904876],[112.940519,-7.905966],[112.94079,-7.905966],[112.94079,-7.905693],[112.941331,-7.905693],[112.941331,-7.905966],[112.942955,-7.905966],[112.942955,-7.906238],[112.943767,-7.906238],[112.943767,-7.906511],[112.944038,-7.906511],[112.944038,-7.906783],[112.943226,-7.906783],[112.943226,-7.907056],[112.943496,-7.907056],[112.943496,-7.907601],[112.943767,-7.907601],[112.943767,-7.907873],[112.943496,-7.907873],[112.943496,-7.908146],[112.941872,-7.908146],[112.941872,-7.908418],[112.941331,-7.908418],[112.941331,-7.908691],[112.942143,-7.908691],[112.942143,-7.908418],[112.942684,-7.908418],[112.942684,-7.908963],[112.942414,-7.908963],[112.942414,-7.909236],[112.942955,-7.909236],[112.942955,-7.909508],[112.942684,-7.909508],[112.942684,-7.909781],[112.942414,-7.909781],[112.942414,-7.910598],[112.942684,-7.910598],[112.942684,-7.910871],[112.943767,-7.910871],[112.943767,-7.911143],[112.944038,-7.911143],[112.944038,-7.911961],[112.943767,-7.911961],[112.943767,-7.912233],[112.94512,-7.912233],[112.94512,-7.912506],[112.945932,-7.912506],[112.945932,-7.912233],[112.946474,-7.912233],[112.946474,-7.911416],[112.946744,-7.911416],[112.946744,-7.911143],[112.947286,-7.911143],[112.947286,-7.910598],[112.947556,-7.910598],[112.947556,-7.909508],[112.947015,-7.909508],[112.947015,-7.908691],[112.947556,-7.908691],[112.947556,-7.908418],[112.946474,-7.908418],[112.946474,-7.908146],[112.945662,-7.908146],[112.945662,-7.907873],[112.945391,-7.907873],[112.945391,-7.907328],[112.94512,-7.907328],[112.94512,-7.907056],[112.945391,-7.907056],[112.945391,-7.906783],[112.945662,-7.906783],[112.945662,-7.907056],[112.946203,-7.907056],[112.946203,-7.906783],[112.946474,-7.906783],[112.946474,-7.906511],[112.946203,-7.906511],[112.946203,-7.906238],[112.945662,-7.906238],[112.945662,-7.905966],[112.943767,-7.905966],[112.943767,-7.905693],[112.943226,-7.905693],[112.943226,-7.905421],[112.942955,-7.905421],[112.942955,-7.905148],[112.942684,-7.905148],[112.942684,-7.904331],[112.942143,-7.904331],[112.942143,-7.904058],[112.941602,-7.904058],[112.941602,-7.904331],[112.941872,-7.904331],[112.941872,-7.904876],[112.942143,-7.904876],[112.942143,-7.905148],[112.941602,-7.905148],[112.941602,-7.904876],[112.941331,-7.904876],[112.941331,-7.904331],[112.940519,-7.904331],[112.940519,-7.904058],[112.939436,-7.904058]],[[112.946203,-7.908418],[112.946474,-7.908418],[112.946474,-7.908691],[112.946203,-7.908691],[112.946203,-7.908418]],[[112.942955,-7.908691],[112.943496,-7.908691],[112.943496,-7.908963],[112.943226,-7.908963],[112.943226,-7.909236],[112.942955,-7.909236],[112.942955,-7.908691]],[[112.943496,-7.909508],[112.943767,-7.909508],[112.943767,-7.910326],[112.943226,-7.910326],[112.943226,-7.909781],[112.943496,-7.909781],[112.943496,-7.909508]],[[112.945391,-7.910598],[112.945932,-7.910598],[112.945932,-7.910871],[112.945662,-7.910871],[112.945662,-7.911416],[112.945391,-7.911416],[112.945391,-7.911143],[112.94512,-7.911143],[112.94512,-7.910871],[112.945391,-7.910871],[112.945391,-7.910598]],[[112.945932,-7.911416],[112.946203,-7.911416],[112.946203,-7.911961],[112.945932,-7.911961],[112.945932,-7.911416]]]}},{"type":"Feature","properties":{"fid":1196,"DN":3},"geometry":{"type":"Polygon","coordinates":[[[112.962444,-7.911961],[112.962444,-7.912233],[112.962985,-7.912233],[112.962985,-7.912506],[112.963797,-7.912506],[112.963797,-7.912233],[112.963526,-7.912233],[112.963526,-7.911961],[112.962444,-7.911961]]]}},{"type":"Feature","properties":{"fid":1197,"DN":3},"geometry":{"type":"Polygon","coordinates":[[[113.039045,-7.911961],[113.039045,-7.912506],[113.039316,-7.912506],[113.039316,-7.911961],[113.039045,-7.911961]]]}},{"type":"Feature","properties":{"fid":1198,"DN":3},"geometry":{"type":"Polygon","coordinates":[[[112.957842,-7.912233],[112.957842,-7.912506],[112.958113,-7.912506],[112.958113,-7.912233],[112.957842,-7.912233]]]}},{"type":"Feature","properties":{"fid":1199,"DN":3},"geometry":{"type":"Polygon","coordinates":[[[113.029301,-7.912233],[113.029301,-7.912506],[113.029571,-7.912506],[113.029571,-7.912233],[113.029301,-7.912233]]]}},{"type":"Feature","properties":{"fid":1200,"DN":4},"geometry":{"type":"Polygon","coordinates":[[[112.971376,-7.910871],[112.971376,-7.911416],[112.971917,-7.911416],[112.971917,-7.911961],[112.971376,-7.911961],[112.971376,-7.911688],[112.971105,-7.911688],[112.971105,-7.911416],[112.970835,-7.911416],[112.970835,-7.911961],[112.971105,-7.911961],[112.971105,-7.912233],[112.971376,-7.912233],[112.971376,-7.912506],[112.971917,-7.912506],[112.971917,-7.912778],[112.973,-7.912778],[112.973,-7.912506],[112.973812,-7.912506],[112.973812,-7.912233],[112.973541,-7.912233],[112.973541,-7.911688],[112.973,-7.911688],[112.973,-7.911416],[112.972459,-7.911416],[112.972459,-7.910871],[112.971376,-7.910871]]]}},{"type":"Feature","properties":{"fid":1201,"DN":3},"geometry":{"type":"Polygon","coordinates":[[[113.040128,-7.898336],[113.040128,-7.898608],[113.039857,-7.898608],[113.039857,-7.899426],[113.040128,-7.899426],[113.040128,-7.901333],[113.040398,-7.901333],[113.040398,-7.901878],[113.040669,-7.901878],[113.040669,-7.902423],[113.04094,-7.902423],[113.04094,-7.902968],[113.040669,-7.902968],[113.040669,-7.903513],[113.040128,-7.903513],[113.040128,-7.902423],[113.039316,-7.902423],[113.039316,-7.902968],[113.039586,-7.902968],[113.039586,-7.903786],[113.040128,-7.903786],[113.040128,-7.904058],[113.04094,-7.904058],[113.04094,-7.904331],[113.04121,-7.904331],[113.04121,-7.904876],[113.042022,-7.904876],[113.042022,-7.905421],[113.042293,-7.905421],[113.042293,-7.905693],[113.043646,-7.905693],[113.043646,-7.905966],[113.044188,-7.905966],[113.044188,-7.906238],[113.043917,-7.906238],[113.043917,-7.906783],[113.043646,-7.906783],[113.043646,-7.907601],[113.043105,-7.907601],[113.043105,-7.907873],[113.042834,-7.907873],[113.042834,-7.908146],[113.042564,-7.908146],[113.042564,-7.908418],[113.042834,-7.908418],[113.042834,-7.908691],[113.042564,-7.908691],[113.042564,-7.909236],[113.042293,-7.909236],[113.042293,-7.910053],[113.042022,-7.910053],[113.042022,-7.910326],[113.041752,-7.910326],[113.041752,-7.911688],[113.041481,-7.911688],[113.041481,-7.912778],[113.041752,-7.912778],[113.041752,-7.912233],[113.042022,-7.912233],[113.042022,-7.911961],[113.042293,-7.911961],[113.042293,-7.911688],[113.042834,-7.911688],[113.042834,-7.911416],[113.043376,-7.911416],[113.043376,-7.911143],[113.043646,-7.911143],[113.043646,-7.910871],[113.044188,-7.910871],[113.044188,-7.910598],[113.044458,-7.910598],[113.044458,-7.910326],[113.044729,-7.910326],[113.044729,-7.909236],[113.045,-7.909236],[113.045,-7.908691],[113.04527,-7.908691],[113.04527,-7.908418],[113.045541,-7.908418],[113.045541,-7.907873],[113.046082,-7.907873],[113.046082,-7.907601],[113.04527,-7.907601],[113.04527,-7.907328],[113.044729,-7.907328],[113.044729,-7.906783],[113.044458,-7.906783],[113.044458,-7.906238],[113.044729,-7.906238],[113.044729,-7.904876],[113.044458,-7.904876],[113.044458,-7.904331],[113.044188,-7.904331],[113.044188,-7.902423],[113.044458,-7.902423],[113.044458,-7.901061],[113.044729,-7.901061],[113.044729,-7.899971],[113.045,-7.899971],[113.045,-7.899698],[113.04527,-7.899698],[113.04527,-7.899426],[113.040398,-7.899426],[113.040398,-7.899153],[113.040669,-7.899153],[113.040669,-7.898608],[113.040398,-7.898608],[113.040398,-7.898336],[113.040128,-7.898336]],[[113.042293,-7.899698],[113.042564,-7.899698],[113.042564,-7.899971],[113.042293,-7.899971],[113.042293,-7.899698]],[[113.043105,-7.899971],[113.044188,-7.899971],[113.044188,-7.900516],[113.043917,-7.900516],[113.043917,-7.900243],[113.043376,-7.900243],[113.043376,-7.900516],[113.043105,-7.900516],[113.043105,-7.899971]],[[113.041481,-7.901061],[113.041752,-7.901061],[113.041752,-7.901333],[113.041481,-7.901333],[113.041481,-7.901061]],[[113.042293,-7.901061],[113.042564,-7.901061],[113.042564,-7.901333],[113.042293,-7.901333],[113.042293,-7.901061]],[[113.043376,-7.901061],[113.043917,-7.901061],[113.043917,-7.901333],[113.043376,-7.901333],[113.043376,-7.901061]],[[113.042022,-7.901333],[113.042293,-7.901333],[113.042293,-7.901878],[113.042022,-7.901878],[113.042022,-7.901333]],[[113.041481,-7.902151],[113.041752,-7.902151],[113.041752,-7.902968],[113.041481,-7.902968],[113.041481,-7.902151]],[[113.04094,-7.902968],[113.041481,-7.902968],[113.041481,-7.903241],[113.04094,-7.903241],[113.04094,-7.902968]],[[113.041752,-7.902968],[113.042022,-7.902968],[113.042022,-7.904058],[113.041752,-7.904058],[113.041752,-7.902968]],[[113.04094,-7.903513],[113.041481,-7.903513],[113.041481,-7.904058],[113.04094,-7.904058],[113.04094,-7.903513]]]}},{"type":"Feature","properties":{"fid":1202,"DN":4},"geometry":{"type":"Polygon","coordinates":[[[112.980579,-7.912506],[112.980579,-7.912778],[112.98085,-7.912778],[112.98085,-7.912506],[112.980579,-7.912506]]]}},{"type":"Feature","properties":{"fid":1203,"DN":3},"geometry":{"type":"Polygon","coordinates":[[[113.028759,-7.912506],[113.028759,-7.912778],[113.02903,-7.912778],[113.02903,-7.912506],[113.028759,-7.912506]]]}},{"type":"Feature","properties":{"fid":1204,"DN":3},"geometry":{"type":"Polygon","coordinates":[[[113.038774,-7.912506],[113.038774,-7.912778],[113.039045,-7.912778],[113.039045,-7.912506],[113.038774,-7.912506]]]}},{"type":"Feature","properties":{"fid":1205,"DN":3},"geometry":{"type":"Polygon","coordinates":[[[112.961361,-7.912233],[112.961361,-7.913051],[112.961632,-7.913051],[112.961632,-7.912778],[112.962173,-7.912778],[112.962173,-7.912233],[112.961361,-7.912233]]]}},{"type":"Feature","properties":{"fid":1206,"DN":3},"geometry":{"type":"Polygon","coordinates":[[[112.959737,-7.912778],[112.959737,-7.913051],[112.960008,-7.913051],[112.960008,-7.912778],[112.959737,-7.912778]]]}},{"type":"Feature","properties":{"fid":1207,"DN":3},"geometry":{"type":"Polygon","coordinates":[[[112.968669,-7.912778],[112.968669,-7.913051],[112.96894,-7.913051],[112.96894,-7.912778],[112.968669,-7.912778]]]}},{"type":"Feature","properties":{"fid":1208,"DN":3},"geometry":{"type":"Polygon","coordinates":[[[113.031195,-7.912778],[113.031195,-7.913051],[113.031466,-7.913051],[113.031466,-7.912778],[113.031195,-7.912778]]]}},{"type":"Feature","properties":{"fid":1209,"DN":3},"geometry":{"type":"Polygon","coordinates":[[[113.032278,-7.912778],[113.032278,-7.913051],[113.032549,-7.913051],[113.032549,-7.912778],[113.032278,-7.912778]]]}},{"type":"Feature","properties":{"fid":1210,"DN":3},"geometry":{"type":"Polygon","coordinates":[[[113.037692,-7.912778],[113.037692,-7.913051],[113.038504,-7.913051],[113.038504,-7.912778],[113.037692,-7.912778]]]}},{"type":"Feature","properties":{"fid":1211,"DN":4},"geometry":{"type":"Polygon","coordinates":[[[112.935917,-7.912778],[112.935917,-7.913051],[112.936188,-7.913051],[112.936188,-7.913323],[112.937541,-7.913323],[112.937541,-7.913051],[112.936459,-7.913051],[112.936459,-7.912778],[112.935917,-7.912778]]]}},{"type":"Feature","properties":{"fid":1212,"DN":4},"geometry":{"type":"Polygon","coordinates":[[[112.933211,-7.913051],[112.933211,-7.913323],[112.933752,-7.913323],[112.933752,-7.913051],[112.933211,-7.913051]]]}},{"type":"Feature","properties":{"fid":1213,"DN":4},"geometry":{"type":"Polygon","coordinates":[[[112.937812,-7.913051],[112.937812,-7.913323],[112.938083,-7.913323],[112.938083,-7.913051],[112.937812,-7.913051]]]}},{"type":"Feature","properties":{"fid":1214,"DN":3},"geometry":{"type":"Polygon","coordinates":[[[112.961902,-7.913051],[112.961902,-7.913323],[112.962173,-7.913323],[112.962173,-7.913051],[112.961902,-7.913051]]]}},{"type":"Feature","properties":{"fid":1215,"DN":4},"geometry":{"type":"Polygon","coordinates":[[[112.970293,-7.913051],[112.970293,-7.913323],[112.970835,-7.913323],[112.970835,-7.913051],[112.970293,-7.913051]]]}},{"type":"Feature","properties":{"fid":1216,"DN":4},"geometry":{"type":"Polygon","coordinates":[[[112.973812,-7.913051],[112.973812,-7.913323],[112.974353,-7.913323],[112.974353,-7.913051],[112.973812,-7.913051]]]}},{"type":"Feature","properties":{"fid":1217,"DN":4},"geometry":{"type":"Polygon","coordinates":[[[112.943226,-7.912233],[112.943226,-7.912506],[112.942955,-7.912506],[112.942955,-7.913596],[112.943226,-7.913596],[112.943226,-7.913323],[112.943767,-7.913323],[112.943767,-7.912506],[112.943496,-7.912506],[112.943496,-7.912233],[112.943226,-7.912233]]]}},{"type":"Feature","properties":{"fid":1218,"DN":3},"geometry":{"type":"Polygon","coordinates":[[[113.039586,-7.912778],[113.039586,-7.913051],[113.04094,-7.913051],[113.04094,-7.913596],[113.04121,-7.913596],[113.04121,-7.913051],[113.041481,-7.913051],[113.041481,-7.912778],[113.039586,-7.912778]]]}},{"type":"Feature","properties":{"fid":1219,"DN":3},"geometry":{"type":"Polygon","coordinates":[[[112.96082,-7.913051],[112.96082,-7.913596],[112.96109,-7.913596],[112.96109,-7.913051],[112.96082,-7.913051]]]}},{"type":"Feature","properties":{"fid":1220,"DN":4},"geometry":{"type":"Polygon","coordinates":[[[112.941872,-7.913323],[112.941872,-7.913596],[112.942414,-7.913596],[112.942414,-7.913323],[112.941872,-7.913323]]]}},{"type":"Feature","properties":{"fid":1221,"DN":4},"geometry":{"type":"Polygon","coordinates":[[[112.970835,-7.913323],[112.970835,-7.913596],[112.971105,-7.913596],[112.971105,-7.913323],[112.970835,-7.913323]]]}},{"type":"Feature","properties":{"fid":1222,"DN":4},"geometry":{"type":"Polygon","coordinates":[[[112.979767,-7.913323],[112.979767,-7.913596],[112.980038,-7.913596],[112.980038,-7.913323],[112.979767,-7.913323]]]}},{"type":"Feature","properties":{"fid":1223,"DN":3},"geometry":{"type":"Polygon","coordinates":[[[112.966504,-7.913051],[112.966504,-7.913323],[112.967045,-7.913323],[112.967045,-7.913868],[112.967316,-7.913868],[112.967316,-7.913323],[112.967586,-7.913323],[112.967586,-7.913051],[112.966504,-7.913051]]]}},{"type":"Feature","properties":{"fid":1224,"DN":3},"geometry":{"type":"Polygon","coordinates":[[[112.939436,-7.913596],[112.939436,-7.913868],[112.939978,-7.913868],[112.939978,-7.913596],[112.939436,-7.913596]]]}},{"type":"Feature","properties":{"fid":1225,"DN":3},"geometry":{"type":"Polygon","coordinates":[[[112.96488,-7.912778],[112.96488,-7.913051],[112.964609,-7.913051],[112.964609,-7.913323],[112.96515,-7.913323],[112.96515,-7.913868],[112.965962,-7.913868],[112.965962,-7.914141],[112.966233,-7.914141],[112.966233,-7.912778],[112.965962,-7.912778],[112.965962,-7.913051],[112.96515,-7.913051],[112.96515,-7.912778],[112.96488,-7.912778]]]}},{"type":"Feature","properties":{"fid":1226,"DN":3},"geometry":{"type":"Polygon","coordinates":[[[113.036338,-7.913323],[113.036338,-7.914141],[113.036609,-7.914141],[113.036609,-7.913596],[113.036879,-7.913596],[113.036879,-7.913323],[113.036338,-7.913323]]]}},{"type":"Feature","properties":{"fid":1227,"DN":3},"geometry":{"type":"Polygon","coordinates":[[[112.958384,-7.913596],[112.958384,-7.914141],[112.958654,-7.914141],[112.958654,-7.913596],[112.958384,-7.913596]]]}},{"type":"Feature","properties":{"fid":1228,"DN":4},"geometry":{"type":"Polygon","coordinates":[[[112.935105,-7.913868],[112.935105,-7.914141],[112.935376,-7.914141],[112.935376,-7.913868],[112.935105,-7.913868]]]}},{"type":"Feature","properties":{"fid":1229,"DN":4},"geometry":{"type":"Polygon","coordinates":[[[112.936459,-7.914141],[112.936459,-7.914413],[112.936729,-7.914413],[112.936729,-7.914141],[112.936459,-7.914141]]]}},{"type":"Feature","properties":{"fid":1230,"DN":4},"geometry":{"type":"Polygon","coordinates":[[[112.94512,-7.914141],[112.94512,-7.914413],[112.945391,-7.914413],[112.945391,-7.914141],[112.94512,-7.914141]]]}},{"type":"Feature","properties":{"fid":1231,"DN":3},"geometry":{"type":"Polygon","coordinates":[[[112.966233,-7.914141],[112.966233,-7.914413],[112.966774,-7.914413],[112.966774,-7.914141],[112.966233,-7.914141]]]}},{"type":"Feature","properties":{"fid":1232,"DN":4},"geometry":{"type":"Polygon","coordinates":[[[112.971105,-7.914141],[112.971105,-7.914413],[112.971376,-7.914413],[112.971376,-7.914141],[112.971105,-7.914141]]]}},{"type":"Feature","properties":{"fid":1233,"DN":3},"geometry":{"type":"Polygon","coordinates":[[[113.037962,-7.913868],[113.037962,-7.914141],[113.037692,-7.914141],[113.037692,-7.914413],[113.037962,-7.914413],[113.037962,-7.914686],[113.038504,-7.914686],[113.038504,-7.914413],[113.038774,-7.914413],[113.038774,-7.914141],[113.038233,-7.914141],[113.038233,-7.913868],[113.037962,-7.913868]]]}},{"type":"Feature","properties":{"fid":1234,"DN":4},"geometry":{"type":"Polygon","coordinates":[[[112.937812,-7.911961],[112.937812,-7.912778],[112.938083,-7.912778],[112.938083,-7.913051],[112.938354,-7.913051],[112.938354,-7.913323],[112.938624,-7.913323],[112.938624,-7.913596],[112.939166,-7.913596],[112.939166,-7.913868],[112.939436,-7.913868],[112.939436,-7.914141],[112.938895,-7.914141],[112.938895,-7.914413],[112.938354,-7.914413],[112.938354,-7.914141],[112.938083,-7.914141],[112.938083,-7.914413],[112.937812,-7.914413],[112.937812,-7.914686],[112.938624,-7.914686],[112.938624,-7.914958],[112.939436,-7.914958],[112.939436,-7.914686],[112.940248,-7.914686],[112.940248,-7.914141],[112.940519,-7.914141],[112.940519,-7.913868],[112.94106,-7.913868],[112.94106,-7.913596],[112.941331,-7.913596],[112.941331,-7.913323],[112.94079,-7.913323],[112.94079,-7.913596],[112.940248,-7.913596],[112.940248,-7.913323],[112.939978,-7.913323],[112.939978,-7.913051],[112.938895,-7.913051],[112.938895,-7.912778],[112.938624,-7.912778],[112.938624,-7.912233],[112.938354,-7.912233],[112.938354,-7.911961],[112.937812,-7.911961]],[[112.939436,-7.913596],[112.939978,-7.913596],[112.939978,-7.913868],[112.939436,-7.913868],[112.939436,-7.913596]]]}},{"type":"Feature","properties":{"fid":1235,"DN":3},"geometry":{"type":"Polygon","coordinates":[[[113.026323,-7.914413],[113.026323,-7.914958],[113.027135,-7.914958],[113.027135,-7.914413],[113.026323,-7.914413]]]}},{"type":"Feature","properties":{"fid":1236,"DN":3},"geometry":{"type":"Polygon","coordinates":[[[113.030925,-7.914686],[113.030925,-7.914958],[113.031195,-7.914958],[113.031195,-7.914686],[113.030925,-7.914686]]]}},{"type":"Feature","properties":{"fid":1237,"DN":3},"geometry":{"type":"Polygon","coordinates":[[[112.962173,-7.912778],[112.962173,-7.913051],[112.962444,-7.913051],[112.962444,-7.913868],[112.962173,-7.913868],[112.962173,-7.914413],[112.962444,-7.914413],[112.962444,-7.914958],[112.962985,-7.914958],[112.962985,-7.915231],[112.963526,-7.915231],[112.963526,-7.914413],[112.963256,-7.914413],[112.963256,-7.914141],[112.962714,-7.914141],[112.962714,-7.913323],[112.963256,-7.913323],[112.963256,-7.913051],[112.962714,-7.913051],[112.962714,-7.912778],[112.962173,-7.912778]]]}},{"type":"Feature","properties":{"fid":1238,"DN":3},"geometry":{"type":"Polygon","coordinates":[[[112.960278,-7.914686],[112.960278,-7.914958],[112.960549,-7.914958],[112.960549,-7.915231],[112.96082,-7.915231],[112.96082,-7.914686],[112.960278,-7.914686]]]}},{"type":"Feature","properties":{"fid":1239,"DN":4},"geometry":{"type":"Polygon","coordinates":[[[112.968128,-7.914686],[112.968128,-7.914958],[112.968399,-7.914958],[112.968399,-7.915231],[112.968669,-7.915231],[112.968669,-7.914686],[112.968128,-7.914686]]]}},{"type":"Feature","properties":{"fid":1240,"DN":4},"geometry":{"type":"Polygon","coordinates":[[[112.971376,-7.914686],[112.971376,-7.914958],[112.971647,-7.914958],[112.971647,-7.915231],[112.972188,-7.915231],[112.972188,-7.915503],[112.972459,-7.915503],[112.972459,-7.914686],[112.971376,-7.914686]]]}},{"type":"Feature","properties":{"fid":1241,"DN":3},"geometry":{"type":"Polygon","coordinates":[[[112.963797,-7.915231],[112.963797,-7.915503],[112.964609,-7.915503],[112.964609,-7.915231],[112.963797,-7.915231]]]}},{"type":"Feature","properties":{"fid":1242,"DN":3},"geometry":{"type":"Polygon","coordinates":[[[112.96082,-7.915231],[112.96082,-7.915776],[112.96109,-7.915776],[112.96109,-7.915503],[112.961361,-7.915503],[112.961361,-7.915231],[112.96082,-7.915231]]]}},{"type":"Feature","properties":{"fid":1243,"DN":4},"geometry":{"type":"Polygon","coordinates":[[[112.974895,-7.915231],[112.974895,-7.915776],[112.975165,-7.915776],[112.975165,-7.915503],[112.975436,-7.915503],[112.975436,-7.915231],[112.974895,-7.915231]]]}},{"type":"Feature","properties":{"fid":1244,"DN":3},"geometry":{"type":"Polygon","coordinates":[[[112.96488,-7.915503],[112.96488,-7.915776],[112.96515,-7.915776],[112.96515,-7.915503],[112.96488,-7.915503]]]}},{"type":"Feature","properties":{"fid":1245,"DN":4},"geometry":{"type":"Polygon","coordinates":[[[112.970835,-7.915503],[112.970835,-7.915776],[112.971647,-7.915776],[112.971647,-7.915503],[112.970835,-7.915503]]]}},{"type":"Feature","properties":{"fid":1246,"DN":4},"geometry":{"type":"Polygon","coordinates":[[[113.034714,-7.915503],[113.034714,-7.915776],[113.034985,-7.915776],[113.034985,-7.915503],[113.034714,-7.915503]]]}},{"type":"Feature","properties":{"fid":1247,"DN":3},"geometry":{"type":"Polygon","coordinates":[[[112.964609,-7.915776],[112.964609,-7.916048],[112.96488,-7.916048],[112.96488,-7.915776],[112.964609,-7.915776]]]}},{"type":"Feature","properties":{"fid":1248,"DN":4},"geometry":{"type":"Polygon","coordinates":[[[112.972188,-7.915776],[112.972188,-7.916048],[112.973,-7.916048],[112.973,-7.915776],[112.972188,-7.915776]]]}},{"type":"Feature","properties":{"fid":1249,"DN":3},"geometry":{"type":"Polygon","coordinates":[[[112.961361,-7.915776],[112.961361,-7.916321],[112.961902,-7.916321],[112.961902,-7.915776],[112.961361,-7.915776]]]}},{"type":"Feature","properties":{"fid":1250,"DN":3},"geometry":{"type":"Polygon","coordinates":[[[113.034985,-7.915503],[113.034985,-7.915776],[113.034714,-7.915776],[113.034714,-7.916321],[113.035526,-7.916321],[113.035526,-7.915503],[113.034985,-7.915503]]]}},{"type":"Feature","properties":{"fid":1251,"DN":4},"geometry":{"type":"Polygon","coordinates":[[[112.963256,-7.916048],[112.963256,-7.916594],[112.963526,-7.916594],[112.963526,-7.916048],[112.963256,-7.916048]]]}},{"type":"Feature","properties":{"fid":1252,"DN":3},"geometry":{"type":"Polygon","coordinates":[[[112.967045,-7.916048],[112.967045,-7.916594],[112.967857,-7.916594],[112.967857,-7.916048],[112.967045,-7.916048]]]}},{"type":"Feature","properties":{"fid":1253,"DN":4},"geometry":{"type":"Polygon","coordinates":[[[112.969752,-7.916048],[112.969752,-7.916594],[112.970023,-7.916594],[112.970023,-7.916048],[112.969752,-7.916048]]]}},{"type":"Feature","properties":{"fid":1254,"DN":4},"geometry":{"type":"Polygon","coordinates":[[[112.936729,-7.916321],[112.936729,-7.916594],[112.937271,-7.916594],[112.937271,-7.916321],[112.936729,-7.916321]]]}},{"type":"Feature","properties":{"fid":1255,"DN":4},"geometry":{"type":"Polygon","coordinates":[[[112.970293,-7.916321],[112.970293,-7.916866],[112.970564,-7.916866],[112.970564,-7.916321],[112.970293,-7.916321]]]}},{"type":"Feature","properties":{"fid":1256,"DN":3},"geometry":{"type":"Polygon","coordinates":[[[113.035526,-7.916321],[113.035526,-7.916866],[113.035797,-7.916866],[113.035797,-7.916321],[113.035526,-7.916321]]]}},{"type":"Feature","properties":{"fid":1257,"DN":3},"geometry":{"type":"Polygon","coordinates":[[[113.036067,-7.916321],[113.036067,-7.916866],[113.036338,-7.916866],[113.036338,-7.916321],[113.036067,-7.916321]]]}},{"type":"Feature","properties":{"fid":1258,"DN":4},"geometry":{"type":"Polygon","coordinates":[[[112.936188,-7.916594],[112.936188,-7.916866],[112.936459,-7.916866],[112.936459,-7.916594],[112.936188,-7.916594]]]}},{"type":"Feature","properties":{"fid":1259,"DN":3},"geometry":{"type":"Polygon","coordinates":[[[112.962173,-7.916594],[112.962173,-7.916866],[112.962444,-7.916866],[112.962444,-7.916594],[112.962173,-7.916594]]]}},{"type":"Feature","properties":{"fid":1260,"DN":3},"geometry":{"type":"Polygon","coordinates":[[[113.024158,-7.916594],[113.024158,-7.916866],[113.024428,-7.916866],[113.024428,-7.916594],[113.024158,-7.916594]]]}},{"type":"Feature","properties":{"fid":1261,"DN":4},"geometry":{"type":"Polygon","coordinates":[[[112.965962,-7.915776],[112.965962,-7.916594],[112.966233,-7.916594],[112.966233,-7.916866],[112.966774,-7.916866],[112.966774,-7.917139],[112.967045,-7.917139],[112.967045,-7.916866],[112.967586,-7.916866],[112.967586,-7.917139],[112.967857,-7.917139],[112.967857,-7.916594],[112.968128,-7.916594],[112.968128,-7.915776],[112.965962,-7.915776]],[[112.967045,-7.916048],[112.967857,-7.916048],[112.967857,-7.916594],[112.967045,-7.916594],[112.967045,-7.916048]]]}},{"type":"Feature","properties":{"fid":1262,"DN":3},"geometry":{"type":"Polygon","coordinates":[[[113.024699,-7.915231],[113.024699,-7.915503],[113.02497,-7.915503],[113.02497,-7.915776],[113.024699,-7.915776],[113.024699,-7.916321],[113.024428,-7.916321],[113.024428,-7.916594],[113.024699,-7.916594],[113.024699,-7.917139],[113.02497,-7.917139],[113.02497,-7.916866],[113.02524,-7.916866],[113.02524,-7.916594],[113.025782,-7.916594],[113.025782,-7.916866],[113.026052,-7.916866],[113.026052,-7.916594],[113.026323,-7.916594],[113.026323,-7.915776],[113.026594,-7.915776],[113.026594,-7.915503],[113.026052,-7.915503],[113.026052,-7.915231],[113.025782,-7.915231],[113.025782,-7.915503],[113.02524,-7.915503],[113.02524,-7.915231],[113.024699,-7.915231]]]}},{"type":"Feature","properties":{"fid":1263,"DN":4},"geometry":{"type":"Polygon","coordinates":[[[112.968399,-7.915776],[112.968399,-7.916594],[112.968128,-7.916594],[112.968128,-7.916866],[112.968399,-7.916866],[112.968399,-7.917139],[112.968669,-7.917139],[112.968669,-7.915776],[112.968399,-7.915776]]]}},{"type":"Feature","properties":{"fid":1264,"DN":4},"geometry":{"type":"Polygon","coordinates":[[[112.935105,-7.916866],[112.935105,-7.917139],[112.935376,-7.917139],[112.935376,-7.916866],[112.935105,-7.916866]]]}},{"type":"Feature","properties":{"fid":1265,"DN":3},"geometry":{"type":"Polygon","coordinates":[[[112.960278,-7.916866],[112.960278,-7.917139],[112.96082,-7.917139],[112.96082,-7.916866],[112.960278,-7.916866]]]}},{"type":"Feature","properties":{"fid":1266,"DN":4},"geometry":{"type":"Polygon","coordinates":[[[112.963256,-7.916866],[112.963256,-7.917139],[112.963526,-7.917139],[112.963526,-7.916866],[112.963256,-7.916866]]]}},{"type":"Feature","properties":{"fid":1267,"DN":3},"geometry":{"type":"Polygon","coordinates":[[[113.035797,-7.916866],[113.035797,-7.917139],[113.036067,-7.917139],[113.036067,-7.916866],[113.035797,-7.916866]]]}},{"type":"Feature","properties":{"fid":1268,"DN":4},"geometry":{"type":"Polygon","coordinates":[[[112.965421,-7.916866],[112.965421,-7.917139],[112.965692,-7.917139],[112.965692,-7.917411],[112.965962,-7.917411],[112.965962,-7.916866],[112.965421,-7.916866]]]}},{"type":"Feature","properties":{"fid":1269,"DN":4},"geometry":{"type":"Polygon","coordinates":[[[113.033631,-7.916321],[113.033631,-7.916866],[113.033361,-7.916866],[113.033361,-7.917411],[113.033631,-7.917411],[113.033631,-7.917139],[113.033902,-7.917139],[113.033902,-7.916321],[113.033631,-7.916321]]]}},{"type":"Feature","properties":{"fid":1270,"DN":4},"geometry":{"type":"Polygon","coordinates":[[[112.934293,-7.917139],[112.934293,-7.917411],[112.934835,-7.917411],[112.934835,-7.917139],[112.934293,-7.917139]]]}},{"type":"Feature","properties":{"fid":1271,"DN":3},"geometry":{"type":"Polygon","coordinates":[[[112.959737,-7.917139],[112.959737,-7.917411],[112.960008,-7.917411],[112.960008,-7.917139],[112.959737,-7.917139]]]}},{"type":"Feature","properties":{"fid":1272,"DN":4},"geometry":{"type":"Polygon","coordinates":[[[112.963797,-7.917139],[112.963797,-7.917684],[112.964338,-7.917684],[112.964338,-7.917956],[112.964609,-7.917956],[112.964609,-7.917411],[112.96488,-7.917411],[112.96488,-7.917139],[112.963797,-7.917139]]]}},{"type":"Feature","properties":{"fid":1273,"DN":4},"geometry":{"type":"Polygon","coordinates":[[[112.934023,-7.917411],[112.934023,-7.917956],[112.934293,-7.917956],[112.934293,-7.917411],[112.934023,-7.917411]]]}},{"type":"Feature","properties":{"fid":1274,"DN":4},"geometry":{"type":"Polygon","coordinates":[[[112.965962,-7.917411],[112.965962,-7.917684],[112.966233,-7.917684],[112.966233,-7.917956],[112.966774,-7.917956],[112.966774,-7.917411],[112.965962,-7.917411]]]}},{"type":"Feature","properties":{"fid":1275,"DN":3},"geometry":{"type":"Polygon","coordinates":[[[113.036338,-7.917411],[113.036338,-7.917956],[113.036609,-7.917956],[113.036609,-7.917411],[113.036338,-7.917411]]]}},{"type":"Feature","properties":{"fid":1276,"DN":4},"geometry":{"type":"Polygon","coordinates":[[[113.03309,-7.917684],[113.03309,-7.917956],[113.033361,-7.917956],[113.033361,-7.917684],[113.03309,-7.917684]]]}},{"type":"Feature","properties":{"fid":1277,"DN":3},"geometry":{"type":"Polygon","coordinates":[[[112.963797,-7.917684],[112.963797,-7.918229],[112.964609,-7.918229],[112.964609,-7.917956],[112.964338,-7.917956],[112.964338,-7.917684],[112.963797,-7.917684]]]}},{"type":"Feature","properties":{"fid":1278,"DN":4},"geometry":{"type":"Polygon","coordinates":[[[112.967857,-7.917684],[112.967857,-7.917956],[112.968128,-7.917956],[112.968128,-7.918229],[112.968669,-7.918229],[112.968669,-7.917684],[112.967857,-7.917684]]]}},{"type":"Feature","properties":{"fid":1279,"DN":4},"geometry":{"type":"Polygon","coordinates":[[[112.933752,-7.917956],[112.933752,-7.918229],[112.934023,-7.918229],[112.934023,-7.917956],[112.933752,-7.917956]]]}},{"type":"Feature","properties":{"fid":1280,"DN":4},"geometry":{"type":"Polygon","coordinates":[[[112.967045,-7.917956],[112.967045,-7.918229],[112.967857,-7.918229],[112.967857,-7.917956],[112.967045,-7.917956]]]}},{"type":"Feature","properties":{"fid":1281,"DN":4},"geometry":{"type":"Polygon","coordinates":[[[112.958654,-7.917956],[112.958654,-7.918501],[112.958925,-7.918501],[112.958925,-7.917956],[112.958654,-7.917956]]]}},{"type":"Feature","properties":{"fid":1282,"DN":4},"geometry":{"type":"Polygon","coordinates":[[[112.960278,-7.918229],[112.960278,-7.918501],[112.960549,-7.918501],[112.960549,-7.918229],[112.960278,-7.918229]]]}},{"type":"Feature","properties":{"fid":1283,"DN":3},"geometry":{"type":"Polygon","coordinates":[[[112.964609,-7.918229],[112.964609,-7.918501],[112.96488,-7.918501],[112.96488,-7.918229],[112.964609,-7.918229]]]}},{"type":"Feature","properties":{"fid":1284,"DN":4},"geometry":{"type":"Polygon","coordinates":[[[113.032549,-7.918229],[113.032549,-7.918501],[113.03309,-7.918501],[113.03309,-7.918229],[113.032549,-7.918229]]]}},{"type":"Feature","properties":{"fid":1285,"DN":3},"geometry":{"type":"Polygon","coordinates":[[[112.96109,-7.916594],[112.96109,-7.916866],[112.961361,-7.916866],[112.961361,-7.917684],[112.961902,-7.917684],[112.961902,-7.918229],[112.961361,-7.918229],[112.961361,-7.918501],[112.962173,-7.918501],[112.962173,-7.919046],[112.962444,-7.919046],[112.962444,-7.919319],[112.962714,-7.919319],[112.962714,-7.919046],[112.963256,-7.919046],[112.963256,-7.918501],[112.963526,-7.918501],[112.963526,-7.917956],[112.963256,-7.917956],[112.963256,-7.917684],[112.962985,-7.917684],[112.962985,-7.917411],[112.962444,-7.917411],[112.962444,-7.917139],[112.961902,-7.917139],[112.961902,-7.916594],[112.96109,-7.916594]]]}},{"type":"Feature","properties":{"fid":1286,"DN":4},"geometry":{"type":"Polygon","coordinates":[[[112.967045,-7.918501],[112.967045,-7.919319],[112.967316,-7.919319],[112.967316,-7.918501],[112.967045,-7.918501]]]}},{"type":"Feature","properties":{"fid":1287,"DN":3},"geometry":{"type":"Polygon","coordinates":[[[113.034443,-7.918501],[113.034443,-7.919319],[113.034714,-7.919319],[113.034714,-7.918501],[113.034443,-7.918501]]]}},{"type":"Feature","properties":{"fid":1288,"DN":4},"geometry":{"type":"Polygon","coordinates":[[[112.960549,-7.919046],[112.960549,-7.919591],[112.96082,-7.919591],[112.96082,-7.919046],[112.960549,-7.919046]]]}},{"type":"Feature","properties":{"fid":1289,"DN":3},"geometry":{"type":"Polygon","coordinates":[[[112.963526,-7.919319],[112.963526,-7.919591],[112.963797,-7.919591],[112.963797,-7.919319],[112.963526,-7.919319]]]}},{"type":"Feature","properties":{"fid":1290,"DN":4},"geometry":{"type":"Polygon","coordinates":[[[112.970835,-7.919319],[112.970835,-7.919591],[112.971647,-7.919591],[112.971647,-7.919319],[112.970835,-7.919319]]]}},{"type":"Feature","properties":{"fid":1291,"DN":3},"geometry":{"type":"Polygon","coordinates":[[[112.96515,-7.918774],[112.96515,-7.919046],[112.964609,-7.919046],[112.964609,-7.919591],[112.96488,-7.919591],[112.96488,-7.919864],[112.965421,-7.919864],[112.965421,-7.918774],[112.96515,-7.918774]]]}},{"type":"Feature","properties":{"fid":1292,"DN":3},"geometry":{"type":"Polygon","coordinates":[[[113.019015,-7.919591],[113.019015,-7.919864],[113.019286,-7.919864],[113.019286,-7.919591],[113.019015,-7.919591]]]}},{"type":"Feature","properties":{"fid":1293,"DN":3},"geometry":{"type":"Polygon","coordinates":[[[113.027135,-7.919591],[113.027135,-7.919864],[113.027406,-7.919864],[113.027406,-7.919591],[113.027135,-7.919591]]]}},{"type":"Feature","properties":{"fid":1294,"DN":3},"geometry":{"type":"Polygon","coordinates":[[[113.019286,-7.919864],[113.019286,-7.920136],[113.019556,-7.920136],[113.019556,-7.919864],[113.019286,-7.919864]]]}},{"type":"Feature","properties":{"fid":1295,"DN":4},"geometry":{"type":"Polygon","coordinates":[[[113.028218,-7.919864],[113.028218,-7.920136],[113.028759,-7.920136],[113.028759,-7.919864],[113.028218,-7.919864]]]}},{"type":"Feature","properties":{"fid":1296,"DN":4},"geometry":{"type":"Polygon","coordinates":[[[113.029842,-7.919864],[113.029842,-7.920136],[113.030383,-7.920136],[113.030383,-7.919864],[113.029842,-7.919864]]]}},{"type":"Feature","properties":{"fid":1297,"DN":4},"geometry":{"type":"Polygon","coordinates":[[[112.931587,-7.919864],[112.931587,-7.920409],[112.931857,-7.920409],[112.931857,-7.919864],[112.931587,-7.919864]]]}},{"type":"Feature","properties":{"fid":1298,"DN":3},"geometry":{"type":"Polygon","coordinates":[[[112.964338,-7.920136],[112.964338,-7.920409],[112.964609,-7.920409],[112.964609,-7.920136],[112.964338,-7.920136]]]}},{"type":"Feature","properties":{"fid":1299,"DN":3},"geometry":{"type":"Polygon","coordinates":[[[112.96488,-7.920136],[112.96488,-7.920681],[112.96515,-7.920681],[112.96515,-7.920136],[112.96488,-7.920136]]]}},{"type":"Feature","properties":{"fid":1300,"DN":3},"geometry":{"type":"Polygon","coordinates":[[[112.965692,-7.919864],[112.965692,-7.920136],[112.965421,-7.920136],[112.965421,-7.920409],[112.965692,-7.920409],[112.965692,-7.920681],[112.965962,-7.920681],[112.965962,-7.919864],[112.965692,-7.919864]]]}},{"type":"Feature","properties":{"fid":1301,"DN":3},"geometry":{"type":"Polygon","coordinates":[[[113.03715,-7.918229],[113.03715,-7.918774],[113.036879,-7.918774],[113.036879,-7.919046],[113.03715,-7.919046],[113.03715,-7.920136],[113.036879,-7.920136],[113.036879,-7.920681],[113.03715,-7.920681],[113.03715,-7.920409],[113.037421,-7.920409],[113.037421,-7.918229],[113.03715,-7.918229]]]}},{"type":"Feature","properties":{"fid":1302,"DN":4},"geometry":{"type":"Polygon","coordinates":[[[112.968128,-7.918501],[112.968128,-7.918774],[112.967586,-7.918774],[112.967586,-7.919591],[112.967857,-7.919591],[112.967857,-7.919864],[112.967586,-7.919864],[112.967586,-7.920136],[112.967857,-7.920136],[112.967857,-7.920409],[112.967586,-7.920409],[112.967586,-7.920681],[112.968399,-7.920681],[112.968399,-7.919864],[112.968669,-7.919864],[112.968669,-7.920409],[112.969481,-7.920409],[112.969481,-7.919864],[112.969752,-7.919864],[112.969752,-7.919591],[112.970564,-7.919591],[112.970564,-7.919319],[112.970293,-7.919319],[112.970293,-7.918501],[112.970023,-7.918501],[112.970023,-7.919319],[112.969211,-7.919319],[112.969211,-7.918774],[112.968669,-7.918774],[112.968669,-7.918501],[112.968128,-7.918501]]]}},{"type":"Feature","properties":{"fid":1303,"DN":4},"geometry":{"type":"Polygon","coordinates":[[[112.970293,-7.920409],[112.970293,-7.920681],[112.970835,-7.920681],[112.970835,-7.920409],[112.970293,-7.920409]]]}},{"type":"Feature","properties":{"fid":1304,"DN":4},"geometry":{"type":"Polygon","coordinates":[[[113.030925,-7.920409],[113.030925,-7.920681],[113.031466,-7.920681],[113.031466,-7.920409],[113.030925,-7.920409]]]}},{"type":"Feature","properties":{"fid":1305,"DN":3},"geometry":{"type":"Polygon","coordinates":[[[113.020098,-7.920136],[113.020098,-7.920681],[113.020639,-7.920681],[113.020639,-7.920954],[113.02091,-7.920954],[113.02091,-7.920409],[113.020639,-7.920409],[113.020639,-7.920136],[113.020098,-7.920136]]]}},{"type":"Feature","properties":{"fid":1306,"DN":3},"geometry":{"type":"Polygon","coordinates":[[[112.938895,-7.920681],[112.938895,-7.920954],[112.939166,-7.920954],[112.939166,-7.920681],[112.938895,-7.920681]]]}},{"type":"Feature","properties":{"fid":1307,"DN":4},"geometry":{"type":"Polygon","coordinates":[[[112.972459,-7.920681],[112.972459,-7.920954],[112.972729,-7.920954],[112.972729,-7.920681],[112.972459,-7.920681]]]}},{"type":"Feature","properties":{"fid":1308,"DN":4},"geometry":{"type":"Polygon","coordinates":[[[113.028218,-7.920681],[113.028218,-7.920954],[113.02903,-7.920954],[113.02903,-7.920681],[113.028218,-7.920681]]]}},{"type":"Feature","properties":{"fid":1309,"DN":4},"geometry":{"type":"Polygon","coordinates":[[[113.030383,-7.920681],[113.030383,-7.920954],[113.030654,-7.920954],[113.030654,-7.920681],[113.030383,-7.920681]]]}},{"type":"Feature","properties":{"fid":1310,"DN":4},"geometry":{"type":"Polygon","coordinates":[[[113.032007,-7.920681],[113.032007,-7.921226],[113.032278,-7.921226],[113.032278,-7.920681],[113.032007,-7.920681]]]}},{"type":"Feature","properties":{"fid":1311,"DN":3},"geometry":{"type":"Polygon","coordinates":[[[113.000338,-7.920954],[113.000338,-7.921226],[113.00115,-7.921226],[113.00115,-7.920954],[113.000338,-7.920954]]]}},{"type":"Feature","properties":{"fid":1312,"DN":3},"geometry":{"type":"Polygon","coordinates":[[[113.02497,-7.920954],[113.02497,-7.921226],[113.025511,-7.921226],[113.025511,-7.920954],[113.02497,-7.920954]]]}},{"type":"Feature","properties":{"fid":1313,"DN":4},"geometry":{"type":"Polygon","coordinates":[[[113.027135,-7.920954],[113.027135,-7.921226],[113.027406,-7.921226],[113.027406,-7.920954],[113.027135,-7.920954]]]}},{"type":"Feature","properties":{"fid":1314,"DN":4},"geometry":{"type":"Polygon","coordinates":[[[113.029842,-7.920954],[113.029842,-7.921226],[113.030383,-7.921226],[113.030383,-7.920954],[113.029842,-7.920954]]]}},{"type":"Feature","properties":{"fid":1315,"DN":4},"geometry":{"type":"Polygon","coordinates":[[[113.03309,-7.920954],[113.03309,-7.921226],[113.033361,-7.921226],[113.033361,-7.920954],[113.03309,-7.920954]]]}},{"type":"Feature","properties":{"fid":1316,"DN":3},"geometry":{"type":"Polygon","coordinates":[[[113.017662,-7.919591],[113.017662,-7.919864],[113.017391,-7.919864],[113.017391,-7.920136],[113.016849,-7.920136],[113.016849,-7.920409],[113.018203,-7.920409],[113.018203,-7.920681],[113.018474,-7.920681],[113.018474,-7.920954],[113.018744,-7.920954],[113.018744,-7.921499],[113.019015,-7.921499],[113.019015,-7.920954],[113.019556,-7.920954],[113.019556,-7.920409],[113.018744,-7.920409],[113.018744,-7.919864],[113.018474,-7.919864],[113.018474,-7.919591],[113.017662,-7.919591]]]}},{"type":"Feature","properties":{"fid":1317,"DN":3},"geometry":{"type":"Polygon","coordinates":[[[113.034714,-7.920954],[113.034714,-7.921499],[113.035255,-7.921499],[113.035255,-7.920954],[113.034714,-7.920954]]]}},{"type":"Feature","properties":{"fid":1318,"DN":4},"geometry":{"type":"Polygon","coordinates":[[[112.970293,-7.921226],[112.970293,-7.921499],[112.970835,-7.921499],[112.970835,-7.921226],[112.970293,-7.921226]]]}},{"type":"Feature","properties":{"fid":1319,"DN":4},"geometry":{"type":"Polygon","coordinates":[[[113.031466,-7.921226],[113.031466,-7.921499],[113.031737,-7.921499],[113.031737,-7.921226],[113.031466,-7.921226]]]}},{"type":"Feature","properties":{"fid":1320,"DN":4},"geometry":{"type":"Polygon","coordinates":[[[113.032819,-7.921226],[113.032819,-7.921499],[113.03309,-7.921499],[113.03309,-7.921226],[113.032819,-7.921226]]]}},{"type":"Feature","properties":{"fid":1321,"DN":4},"geometry":{"type":"Polygon","coordinates":[[[113.026594,-7.921226],[113.026594,-7.921771],[113.026864,-7.921771],[113.026864,-7.921226],[113.026594,-7.921226]]]}},{"type":"Feature","properties":{"fid":1322,"DN":3},"geometry":{"type":"Polygon","coordinates":[[[112.959737,-7.921499],[112.959737,-7.921771],[112.960008,-7.921771],[112.960008,-7.921499],[112.959737,-7.921499]]]}},{"type":"Feature","properties":{"fid":1323,"DN":4},"geometry":{"type":"Polygon","coordinates":[[[112.974353,-7.921499],[112.974353,-7.921771],[112.974624,-7.921771],[112.974624,-7.921499],[112.974353,-7.921499]]]}},{"type":"Feature","properties":{"fid":1324,"DN":3},"geometry":{"type":"Polygon","coordinates":[[[112.965962,-7.920954],[112.965962,-7.921771],[112.966504,-7.921771],[112.966504,-7.922044],[112.967045,-7.922044],[112.967045,-7.920954],[112.965962,-7.920954]]]}},{"type":"Feature","properties":{"fid":1325,"DN":4},"geometry":{"type":"Polygon","coordinates":[[[112.973271,-7.921499],[112.973271,-7.922044],[112.973541,-7.922044],[112.973541,-7.921499],[112.973271,-7.921499]]]}},{"type":"Feature","properties":{"fid":1326,"DN":4},"geometry":{"type":"Polygon","coordinates":[[[113.031195,-7.921499],[113.031195,-7.922044],[113.031466,-7.922044],[113.031466,-7.921499],[113.031195,-7.921499]]]}},{"type":"Feature","properties":{"fid":1327,"DN":3},"geometry":{"type":"Polygon","coordinates":[[[113.036067,-7.921499],[113.036067,-7.922044],[113.036338,-7.922044],[113.036338,-7.921499],[113.036067,-7.921499]]]}},{"type":"Feature","properties":{"fid":1328,"DN":3},"geometry":{"type":"Polygon","coordinates":[[[112.947827,-7.921771],[112.947827,-7.922044],[112.948098,-7.922044],[112.948098,-7.921771],[112.947827,-7.921771]]]}},{"type":"Feature","properties":{"fid":1329,"DN":4},"geometry":{"type":"Polygon","coordinates":[[[113.026052,-7.921771],[113.026052,-7.922044],[113.026594,-7.922044],[113.026594,-7.921771],[113.026052,-7.921771]]]}},{"type":"Feature","properties":{"fid":1330,"DN":4},"geometry":{"type":"Polygon","coordinates":[[[113.027406,-7.921771],[113.027406,-7.922316],[113.028489,-7.922316],[113.028489,-7.922044],[113.028218,-7.922044],[113.028218,-7.921771],[113.027406,-7.921771]]]}},{"type":"Feature","properties":{"fid":1331,"DN":4},"geometry":{"type":"Polygon","coordinates":[[[112.973,-7.922044],[112.973,-7.922316],[112.973271,-7.922316],[112.973271,-7.922044],[112.973,-7.922044]]]}},{"type":"Feature","properties":{"fid":1332,"DN":4},"geometry":{"type":"Polygon","coordinates":[[[113.025782,-7.922044],[113.025782,-7.922316],[113.026052,-7.922316],[113.026052,-7.922044],[113.025782,-7.922044]]]}},{"type":"Feature","properties":{"fid":1333,"DN":3},"geometry":{"type":"Polygon","coordinates":[[[113.00521,-7.920954],[113.00521,-7.921499],[113.005481,-7.921499],[113.005481,-7.921771],[113.005752,-7.921771],[113.005752,-7.922044],[113.006022,-7.922044],[113.006022,-7.922316],[113.006293,-7.922316],[113.006293,-7.922589],[113.006564,-7.922589],[113.006564,-7.922316],[113.007105,-7.922316],[113.007105,-7.922589],[113.007647,-7.922589],[113.007647,-7.922044],[113.007917,-7.922044],[113.007917,-7.921771],[113.007105,-7.921771],[113.007105,-7.921499],[113.006022,-7.921499],[113.006022,-7.920954],[113.00521,-7.920954]]]}},{"type":"Feature","properties":{"fid":1334,"DN":4},"geometry":{"type":"Polygon","coordinates":[[[112.970564,-7.922044],[112.970564,-7.922589],[112.970835,-7.922589],[112.970835,-7.922044],[112.970564,-7.922044]]]}},{"type":"Feature","properties":{"fid":1335,"DN":3},"geometry":{"type":"Polygon","coordinates":[[[113.001692,-7.922316],[113.001692,-7.922589],[113.001962,-7.922589],[113.001962,-7.922316],[113.001692,-7.922316]]]}},{"type":"Feature","properties":{"fid":1336,"DN":3},"geometry":{"type":"Polygon","coordinates":[[[113.021992,-7.922316],[113.021992,-7.922589],[113.022263,-7.922589],[113.022263,-7.922316],[113.021992,-7.922316]]]}},{"type":"Feature","properties":{"fid":1337,"DN":4},"geometry":{"type":"Polygon","coordinates":[[[113.025511,-7.922316],[113.025511,-7.922589],[113.025782,-7.922589],[113.025782,-7.922316],[113.025511,-7.922316]]]}},{"type":"Feature","properties":{"fid":1338,"DN":4},"geometry":{"type":"Polygon","coordinates":[[[113.026864,-7.922316],[113.026864,-7.922589],[113.027135,-7.922589],[113.027135,-7.922316],[113.026864,-7.922316]]]}},{"type":"Feature","properties":{"fid":1339,"DN":3},"geometry":{"type":"Polygon","coordinates":[[[112.965962,-7.922589],[112.965962,-7.922861],[112.966504,-7.922861],[112.966504,-7.922589],[112.965962,-7.922589]]]}},{"type":"Feature","properties":{"fid":1340,"DN":4},"geometry":{"type":"Polygon","coordinates":[[[112.969752,-7.922589],[112.969752,-7.922861],[112.970023,-7.922861],[112.970023,-7.922589],[112.969752,-7.922589]]]}},{"type":"Feature","properties":{"fid":1341,"DN":3},"geometry":{"type":"Polygon","coordinates":[[[113.001962,-7.922589],[113.001962,-7.922861],[113.002233,-7.922861],[113.002233,-7.922589],[113.001962,-7.922589]]]}},{"type":"Feature","properties":{"fid":1342,"DN":3},"geometry":{"type":"Polygon","coordinates":[[[113.019556,-7.922589],[113.019556,-7.922861],[113.019827,-7.922861],[113.019827,-7.922589],[113.019556,-7.922589]]]}},{"type":"Feature","properties":{"fid":1343,"DN":4},"geometry":{"type":"Polygon","coordinates":[[[113.027406,-7.922589],[113.027406,-7.922861],[113.027947,-7.922861],[113.027947,-7.922589],[113.027406,-7.922589]]]}},{"type":"Feature","properties":{"fid":1344,"DN":4},"geometry":{"type":"Polygon","coordinates":[[[112.967586,-7.922316],[112.967586,-7.922861],[112.967857,-7.922861],[112.967857,-7.923134],[112.968128,-7.923134],[112.968128,-7.922861],[112.968399,-7.922861],[112.968399,-7.922316],[112.967586,-7.922316]]]}},{"type":"Feature","properties":{"fid":1345,"DN":4},"geometry":{"type":"Polygon","coordinates":[[[113.024699,-7.922316],[113.024699,-7.922589],[113.024428,-7.922589],[113.024428,-7.922861],[113.023887,-7.922861],[113.023887,-7.923134],[113.024699,-7.923134],[113.024699,-7.922861],[113.02497,-7.922861],[113.02497,-7.922316],[113.024699,-7.922316]]]}},{"type":"Feature","properties":{"fid":1346,"DN":3},"geometry":{"type":"Polygon","coordinates":[[[112.966774,-7.922316],[112.966774,-7.922861],[112.967045,-7.922861],[112.967045,-7.923406],[112.967316,-7.923406],[112.967316,-7.923134],[112.967857,-7.923134],[112.967857,-7.922861],[112.967586,-7.922861],[112.967586,-7.922316],[112.966774,-7.922316]]]}},{"type":"Feature","properties":{"fid":1347,"DN":3},"geometry":{"type":"Polygon","coordinates":[[[112.950263,-7.922589],[112.950263,-7.922861],[112.949993,-7.922861],[112.949993,-7.923134],[112.950534,-7.923134],[112.950534,-7.923406],[112.951346,-7.923406],[112.951346,-7.923134],[112.951075,-7.923134],[112.951075,-7.922589],[112.950263,-7.922589]]]}},{"type":"Feature","properties":{"fid":1348,"DN":4},"geometry":{"type":"Polygon","coordinates":[[[112.967316,-7.923134],[112.967316,-7.923406],[112.967857,-7.923406],[112.967857,-7.923134],[112.967316,-7.923134]]]}},{"type":"Feature","properties":{"fid":1349,"DN":4},"geometry":{"type":"Polygon","coordinates":[[[113.02497,-7.923134],[113.02497,-7.923406],[113.025511,-7.923406],[113.025511,-7.923134],[113.02497,-7.923134]]]}},{"type":"Feature","properties":{"fid":1350,"DN":4},"geometry":{"type":"Polygon","coordinates":[[[113.026864,-7.923134],[113.026864,-7.923406],[113.027135,-7.923406],[113.027135,-7.923134],[113.026864,-7.923134]]]}},{"type":"Feature","properties":{"fid":1351,"DN":3},"geometry":{"type":"Polygon","coordinates":[[[113.028759,-7.923134],[113.028759,-7.923406],[113.02903,-7.923406],[113.02903,-7.923134],[113.028759,-7.923134]]]}},{"type":"Feature","properties":{"fid":1352,"DN":3},"geometry":{"type":"Polygon","coordinates":[[[112.967316,-7.923406],[112.967316,-7.923679],[112.967857,-7.923679],[112.967857,-7.923406],[112.967316,-7.923406]]]}},{"type":"Feature","properties":{"fid":1353,"DN":4},"geometry":{"type":"Polygon","coordinates":[[[112.987617,-7.923406],[112.987617,-7.923679],[112.987887,-7.923679],[112.987887,-7.923406],[112.987617,-7.923406]]]}},{"type":"Feature","properties":{"fid":1354,"DN":3},"geometry":{"type":"Polygon","coordinates":[[[113.028489,-7.923406],[113.028489,-7.923679],[113.028759,-7.923679],[113.028759,-7.923406],[113.028489,-7.923406]]]}},{"type":"Feature","properties":{"fid":1355,"DN":3},"geometry":{"type":"Polygon","coordinates":[[[113.032819,-7.923406],[113.032819,-7.923679],[113.03309,-7.923679],[113.03309,-7.923406],[113.032819,-7.923406]]]}},{"type":"Feature","properties":{"fid":1356,"DN":3},"geometry":{"type":"Polygon","coordinates":[[[112.949451,-7.922589],[112.949451,-7.922861],[112.948369,-7.922861],[112.948369,-7.923679],[112.948098,-7.923679],[112.948098,-7.923951],[112.94891,-7.923951],[112.94891,-7.923406],[112.949451,-7.923406],[112.949451,-7.923134],[112.949722,-7.923134],[112.949722,-7.922589],[112.949451,-7.922589]]]}},{"type":"Feature","properties":{"fid":1357,"DN":3},"geometry":{"type":"Polygon","coordinates":[[[113.02091,-7.923679],[113.02091,-7.924224],[113.021451,-7.924224],[113.021451,-7.923679],[113.02091,-7.923679]]]}},{"type":"Feature","properties":{"fid":1358,"DN":4},"geometry":{"type":"Polygon","coordinates":[[[112.986534,-7.923951],[112.986534,-7.924224],[112.986804,-7.924224],[112.986804,-7.923951],[112.986534,-7.923951]]]}},{"type":"Feature","properties":{"fid":1359,"DN":3},"geometry":{"type":"Polygon","coordinates":[[[112.949722,-7.924224],[112.949722,-7.924496],[112.949993,-7.924496],[112.949993,-7.924224],[112.949722,-7.924224]]]}},{"type":"Feature","properties":{"fid":1360,"DN":3},"geometry":{"type":"Polygon","coordinates":[[[113.007105,-7.924496],[113.007105,-7.924769],[113.008188,-7.924769],[113.008188,-7.924496],[113.007105,-7.924496]]]}},{"type":"Feature","properties":{"fid":1361,"DN":4},"geometry":{"type":"Polygon","coordinates":[[[112.969481,-7.924224],[112.969481,-7.925041],[112.969752,-7.925041],[112.969752,-7.924224],[112.969481,-7.924224]]]}},{"type":"Feature","properties":{"fid":1362,"DN":3},"geometry":{"type":"Polygon","coordinates":[[[113.023887,-7.924496],[113.023887,-7.925041],[113.024158,-7.925041],[113.024158,-7.924769],[113.024428,-7.924769],[113.024428,-7.924496],[113.023887,-7.924496]]]}},{"type":"Feature","properties":{"fid":1363,"DN":3},"geometry":{"type":"Polygon","coordinates":[[[112.94485,-7.924769],[112.94485,-7.925041],[112.94512,-7.925041],[112.94512,-7.924769],[112.94485,-7.924769]]]}},{"type":"Feature","properties":{"fid":1364,"DN":4},"geometry":{"type":"Polygon","coordinates":[[[112.969481,-7.922861],[112.969481,-7.923134],[112.969211,-7.923134],[112.969211,-7.923406],[112.967857,-7.923406],[112.967857,-7.923679],[112.967316,-7.923679],[112.967316,-7.923951],[112.967045,-7.923951],[112.967045,-7.925314],[112.967316,-7.925314],[112.967316,-7.924769],[112.967586,-7.924769],[112.967586,-7.925041],[112.967857,-7.925041],[112.967857,-7.924496],[112.96894,-7.924496],[112.96894,-7.923951],[112.969211,-7.923951],[112.969211,-7.923679],[112.969481,-7.923679],[112.969481,-7.923406],[112.969752,-7.923406],[112.969752,-7.922861],[112.969481,-7.922861]]]}},{"type":"Feature","properties":{"fid":1365,"DN":3},"geometry":{"type":"Polygon","coordinates":[[[113.027406,-7.925041],[113.027406,-7.925314],[113.027947,-7.925314],[113.027947,-7.925041],[113.027406,-7.925041]]]}},{"type":"Feature","properties":{"fid":1366,"DN":3},"geometry":{"type":"Polygon","coordinates":[[[113.026323,-7.923679],[113.026323,-7.923951],[113.026052,-7.923951],[113.026052,-7.924496],[113.02497,-7.924496],[113.02497,-7.924769],[113.024699,-7.924769],[113.024699,-7.925586],[113.02497,-7.925586],[113.02497,-7.925041],[113.025782,-7.925041],[113.025782,-7.924769],[113.026323,-7.924769],[113.026323,-7.924496],[113.026864,-7.924496],[113.026864,-7.923679],[113.026323,-7.923679]]]}},{"type":"Feature","properties":{"fid":1367,"DN":3},"geometry":{"type":"Polygon","coordinates":[[[112.947827,-7.925314],[112.947827,-7.925586],[112.948098,-7.925586],[112.948098,-7.925314],[112.947827,-7.925314]]]}},{"type":"Feature","properties":{"fid":1368,"DN":4},"geometry":{"type":"Polygon","coordinates":[[[112.966504,-7.925041],[112.966504,-7.925314],[112.965962,-7.925314],[112.965962,-7.925586],[112.967045,-7.925586],[112.967045,-7.925314],[112.966774,-7.925314],[112.966774,-7.925041],[112.966504,-7.925041]]]}},{"type":"Feature","properties":{"fid":1369,"DN":4},"geometry":{"type":"Polygon","coordinates":[[[113.019015,-7.925314],[113.019015,-7.925586],[113.019286,-7.925586],[113.019286,-7.925314],[113.019015,-7.925314]]]}},{"type":"Feature","properties":{"fid":1370,"DN":3},"geometry":{"type":"Polygon","coordinates":[[[113.033631,-7.914413],[113.033631,-7.914958],[113.033361,-7.914958],[113.033361,-7.914686],[113.03309,-7.914686],[113.03309,-7.914958],[113.032549,-7.914958],[113.032549,-7.914686],[113.032278,-7.914686],[113.032278,-7.914958],[113.031737,-7.914958],[113.031737,-7.915231],[113.031195,-7.915231],[113.031195,-7.915503],[113.029842,-7.915503],[113.029842,-7.915776],[113.029571,-7.915776],[113.029571,-7.916594],[113.028489,-7.916594],[113.028489,-7.916866],[113.028759,-7.916866],[113.028759,-7.917139],[113.02903,-7.917139],[113.02903,-7.917411],[113.028759,-7.917411],[113.028759,-7.918229],[113.028489,-7.918229],[113.028489,-7.918501],[113.028218,-7.918501],[113.028218,-7.919864],[113.027947,-7.919864],[113.027947,-7.920409],[113.027135,-7.920409],[113.027135,-7.920136],[113.026864,-7.920136],[113.026864,-7.920409],[113.026594,-7.920409],[113.026594,-7.920681],[113.025511,-7.920681],[113.025511,-7.920954],[113.026052,-7.920954],[113.026052,-7.921226],[113.025782,-7.921226],[113.025782,-7.921771],[113.025511,-7.921771],[113.025511,-7.922044],[113.024699,-7.922044],[113.024699,-7.921771],[113.024428,-7.921771],[113.024428,-7.922316],[113.023616,-7.922316],[113.023616,-7.922589],[113.023075,-7.922589],[113.023075,-7.922861],[113.022534,-7.922861],[113.022534,-7.923134],[113.023616,-7.923134],[113.023616,-7.923406],[113.023075,-7.923406],[113.023075,-7.923679],[113.022263,-7.923679],[113.022263,-7.924224],[113.021992,-7.924224],[113.021992,-7.924496],[113.02091,-7.924496],[113.02091,-7.924224],[113.019556,-7.924224],[113.019556,-7.924496],[113.020098,-7.924496],[113.020098,-7.924769],[113.019556,-7.924769],[113.019556,-7.925041],[113.019015,-7.925041],[113.019015,-7.925314],[113.019286,-7.925314],[113.019286,-7.925586],[113.019556,-7.925586],[113.019556,-7.925859],[113.02091,-7.925859],[113.02091,-7.925586],[113.021451,-7.925586],[113.021451,-7.925314],[113.021992,-7.925314],[113.021992,-7.925041],[113.022263,-7.925041],[113.022263,-7.924769],[113.023075,-7.924769],[113.023075,-7.924496],[113.023887,-7.924496],[113.023887,-7.924224],[113.024699,-7.924224],[113.024699,-7.923679],[113.025782,-7.923679],[113.025782,-7.923406],[113.026864,-7.923406],[113.026864,-7.923679],[113.027406,-7.923679],[113.027406,-7.923406],[113.028218,-7.923406],[113.028218,-7.923134],[113.028759,-7.923134],[113.028759,-7.922861],[113.02903,-7.922861],[113.02903,-7.922589],[113.029301,-7.922589],[113.029301,-7.922044],[113.029842,-7.922044],[113.029842,-7.922316],[113.029571,-7.922316],[113.029571,-7.922589],[113.030925,-7.922589],[113.030925,-7.922044],[113.031195,-7.922044],[113.031195,-7.922316],[113.034173,-7.922316],[113.034173,-7.922044],[113.034443,-7.922044],[113.034443,-7.921499],[113.033902,-7.921499],[113.033902,-7.921226],[113.034443,-7.921226],[113.034443,-7.920954],[113.034714,-7.920954],[113.034714,-7.920136],[113.034443,-7.920136],[113.034443,-7.919319],[113.034173,-7.919319],[113.034173,-7.918774],[113.033902,-7.918774],[113.033902,-7.918229],[113.034443,-7.918229],[113.034443,-7.915776],[113.034714,-7.915776],[113.034714,-7.915503],[113.034985,-7.915503],[113.034985,-7.914958],[113.034714,-7.914958],[113.034714,-7.915231],[113.034443,-7.915231],[113.034443,-7.915503],[113.033631,-7.915503],[113.033631,-7.915231],[113.033902,-7.915231],[113.033902,-7.914413],[113.033631,-7.914413]],[[113.033631,-7.916321],[113.033902,-7.916321],[113.033902,-7.917139],[113.033631,-7.917139],[113.033631,-7.917411],[113.033361,-7.917411],[113.033361,-7.916866],[113.033631,-7.916866],[113.033631,-7.916321]],[[113.03309,-7.917684],[113.033361,-7.917684],[113.033361,-7.917956],[113.03309,-7.917956],[113.03309,-7.917684]],[[113.032549,-7.918229],[113.03309,-7.918229],[113.03309,-7.918501],[113.032549,-7.918501],[113.032549,-7.918229]],[[113.028218,-7.919864],[113.028759,-7.919864],[113.028759,-7.920136],[113.028218,-7.920136],[113.028218,-7.919864]],[[113.029842,-7.919864],[113.030383,-7.919864],[113.030383,-7.920136],[113.029842,-7.920136],[113.029842,-7.919864]],[[113.030925,-7.920409],[113.031466,-7.920409],[113.031466,-7.920681],[113.030925,-7.920681],[113.030925,-7.920409]],[[113.028218,-7.920681],[113.02903,-7.920681],[113.02903,-7.920954],[113.028218,-7.920954],[113.028218,-7.920681]],[[113.030383,-7.920681],[113.030654,-7.920681],[113.030654,-7.920954],[113.030383,-7.920954],[113.030383,-7.920681]],[[113.032007,-7.920681],[113.032278,-7.920681],[113.032278,-7.921226],[113.032007,-7.921226],[113.032007,-7.920681]],[[113.027135,-7.920954],[113.027406,-7.920954],[113.027406,-7.921226],[113.027135,-7.921226],[113.027135,-7.920954]],[[113.029842,-7.920954],[113.030383,-7.920954],[113.030383,-7.921226],[113.029842,-7.921226],[113.029842,-7.920954]],[[113.03309,-7.920954],[113.033361,-7.920954],[113.033361,-7.921226],[113.03309,-7.921226],[113.03309,-7.920954]],[[113.026594,-7.921226],[113.026864,-7.921226],[113.026864,-7.921771],[113.026594,-7.921771],[113.026594,-7.921226]],[[113.031466,-7.921226],[113.031737,-7.921226],[113.031737,-7.921499],[113.031466,-7.921499],[113.031466,-7.921226]],[[113.032819,-7.921226],[113.03309,-7.921226],[113.03309,-7.921499],[113.032819,-7.921499],[113.032819,-7.921226]],[[113.031195,-7.921499],[113.031466,-7.921499],[113.031466,-7.922044],[113.031195,-7.922044],[113.031195,-7.921499]],[[113.026052,-7.921771],[113.026594,-7.921771],[113.026594,-7.922044],[113.026052,-7.922044],[113.026052,-7.921771]],[[113.027406,-7.921771],[113.028218,-7.921771],[113.028218,-7.922044],[113.028489,-7.922044],[113.028489,-7.922316],[113.027406,-7.922316],[113.027406,-7.921771]],[[113.025782,-7.922044],[113.026052,-7.922044],[113.026052,-7.922316],[113.025782,-7.922316],[113.025782,-7.922044]],[[113.024699,-7.922316],[113.02497,-7.922316],[113.02497,-7.922861],[113.024699,-7.922861],[113.024699,-7.923134],[113.023887,-7.923134],[113.023887,-7.922861],[113.024428,-7.922861],[113.024428,-7.922589],[113.024699,-7.922589],[113.024699,-7.922316]],[[113.025511,-7.922316],[113.025782,-7.922316],[113.025782,-7.922589],[113.025511,-7.922589],[113.025511,-7.922316]],[[113.026864,-7.922316],[113.027135,-7.922316],[113.027135,-7.922589],[113.026864,-7.922589],[113.026864,-7.922316]],[[113.027406,-7.922589],[113.027947,-7.922589],[113.027947,-7.922861],[113.027406,-7.922861],[113.027406,-7.922589]],[[113.02497,-7.923134],[113.025511,-7.923134],[113.025511,-7.923406],[113.02497,-7.923406],[113.02497,-7.923134]],[[113.026864,-7.923134],[113.027135,-7.923134],[113.027135,-7.923406],[113.026864,-7.923406],[113.026864,-7.923134]]]}},{"type":"Feature","properties":{"fid":1371,"DN":3},"geometry":{"type":"Polygon","coordinates":[[[112.950534,-7.925859],[112.950534,-7.926404],[112.950805,-7.926404],[112.950805,-7.925859],[112.950534,-7.925859]]]}},{"type":"Feature","properties":{"fid":1372,"DN":3},"geometry":{"type":"Polygon","coordinates":[[[113.001692,-7.926131],[113.001692,-7.926404],[113.001962,-7.926404],[113.001962,-7.926131],[113.001692,-7.926131]]]}},{"type":"Feature","properties":{"fid":1373,"DN":3},"geometry":{"type":"Polygon","coordinates":[[[113.023075,-7.926131],[113.023075,-7.926404],[113.023346,-7.926404],[113.023346,-7.926131],[113.023075,-7.926131]]]}},{"type":"Feature","properties":{"fid":1374,"DN":4},"geometry":{"type":"Polygon","coordinates":[[[112.967045,-7.925586],[112.967045,-7.925859],[112.966774,-7.925859],[112.966774,-7.926404],[112.967045,-7.926404],[112.967045,-7.926676],[112.967857,-7.926676],[112.967857,-7.925859],[112.967316,-7.925859],[112.967316,-7.925586],[112.967045,-7.925586]]]}},{"type":"Feature","properties":{"fid":1375,"DN":4},"geometry":{"type":"Polygon","coordinates":[[[113.014955,-7.926131],[113.014955,-7.926676],[113.015767,-7.926676],[113.015767,-7.926131],[113.014955,-7.926131]]]}},{"type":"Feature","properties":{"fid":1376,"DN":3},"geometry":{"type":"Polygon","coordinates":[[[112.943767,-7.926404],[112.943767,-7.926676],[112.94485,-7.926676],[112.94485,-7.926404],[112.943767,-7.926404]]]}},{"type":"Feature","properties":{"fid":1377,"DN":3},"geometry":{"type":"Polygon","coordinates":[[[113.023346,-7.926404],[113.023346,-7.926949],[113.023616,-7.926949],[113.023616,-7.926404],[113.023346,-7.926404]]]}},{"type":"Feature","properties":{"fid":1378,"DN":4},"geometry":{"type":"Polygon","coordinates":[[[112.947015,-7.926676],[112.947015,-7.926949],[112.947286,-7.926949],[112.947286,-7.926676],[112.947015,-7.926676]]]}},{"type":"Feature","properties":{"fid":1379,"DN":3},"geometry":{"type":"Polygon","coordinates":[[[113.00494,-7.926676],[113.00494,-7.926949],[113.00521,-7.926949],[113.00521,-7.926676],[113.00494,-7.926676]]]}},{"type":"Feature","properties":{"fid":1380,"DN":3},"geometry":{"type":"Polygon","coordinates":[[[113.022263,-7.851192],[113.022263,-7.851464],[113.021992,-7.851464],[113.021992,-7.851737],[113.02118,-7.851737],[113.02118,-7.852554],[113.020098,-7.852554],[113.020098,-7.852827],[113.019556,-7.852827],[113.019556,-7.853099],[113.019286,-7.853099],[113.019286,-7.853372],[113.019015,-7.853372],[113.019015,-7.853644],[113.018744,-7.853644],[113.018744,-7.853917],[113.018474,-7.853917],[113.018474,-7.854462],[113.017932,-7.854462],[113.017932,-7.854734],[113.018203,-7.854734],[113.018203,-7.855279],[113.017662,-7.855279],[113.017662,-7.855552],[113.017391,-7.855552],[113.017391,-7.855824],[113.01712,-7.855824],[113.01712,-7.85637],[113.016849,-7.85637],[113.016849,-7.856097],[113.016579,-7.856097],[113.016579,-7.85637],[113.016037,-7.85637],[113.016037,-7.856642],[113.015767,-7.856642],[113.015767,-7.857732],[113.014684,-7.857732],[113.014684,-7.858005],[113.014413,-7.858005],[113.014413,-7.858277],[113.014143,-7.858277],[113.014143,-7.858822],[113.013601,-7.858822],[113.013601,-7.859095],[113.013331,-7.859095],[113.013331,-7.859367],[113.012789,-7.859367],[113.012789,-7.85964],[113.012519,-7.85964],[113.012519,-7.860185],[113.011977,-7.860185],[113.011977,-7.860457],[113.011436,-7.860457],[113.011436,-7.86073],[113.010895,-7.86073],[113.010895,-7.861002],[113.010624,-7.861002],[113.010624,-7.861275],[113.010083,-7.861275],[113.010083,-7.86182],[113.009271,-7.86182],[113.009271,-7.862092],[113.009,-7.862092],[113.009,-7.86291],[113.008188,-7.86291],[113.008188,-7.863182],[113.007647,-7.863182],[113.007647,-7.863455],[113.007376,-7.863455],[113.007376,-7.863727],[113.007105,-7.863727],[113.007105,-7.863455],[113.006834,-7.863455],[113.006834,-7.86291],[113.006564,-7.86291],[113.006564,-7.863727],[113.006293,-7.863727],[113.006293,-7.864],[113.006564,-7.864],[113.006564,-7.864545],[113.006293,-7.864545],[113.006293,-7.864817],[113.006022,-7.864817],[113.006022,-7.865362],[113.00494,-7.865362],[113.00494,-7.865635],[113.004669,-7.865635],[113.004669,-7.865907],[113.004398,-7.865907],[113.004398,-7.86618],[113.004128,-7.86618],[113.004128,-7.866452],[113.003857,-7.866452],[113.003857,-7.866725],[113.003586,-7.866725],[113.003586,-7.866997],[113.003316,-7.866997],[113.003316,-7.86727],[113.002504,-7.86727],[113.002504,-7.867815],[113.001962,-7.867815],[113.001962,-7.868087],[113.001421,-7.868087],[113.001421,-7.868905],[113.00115,-7.868905],[113.00115,-7.869177],[113.00088,-7.869177],[113.00088,-7.86945],[112.998985,-7.86945],[112.998985,-7.87054],[112.998444,-7.87054],[112.998444,-7.870812],[112.999256,-7.870812],[112.999256,-7.871085],[112.999797,-7.871085],[112.999797,-7.871902],[112.999526,-7.871902],[112.999526,-7.87163],[112.998985,-7.87163],[112.998985,-7.871902],[112.998714,-7.871902],[112.998714,-7.872175],[112.998444,-7.872175],[112.998444,-7.872992],[112.997361,-7.872992],[112.997361,-7.873265],[112.996819,-7.873265],[112.996819,-7.873537],[112.996549,-7.873537],[112.996549,-7.87381],[112.996278,-7.87381],[112.996278,-7.874627],[112.995737,-7.874627],[112.995737,-7.8749],[112.994654,-7.8749],[112.994654,-7.875445],[112.994383,-7.875445],[112.994383,-7.875717],[112.994113,-7.875717],[112.994113,-7.876808],[112.993842,-7.876808],[112.993842,-7.877898],[112.993571,-7.877898],[112.993571,-7.87817],[112.993301,-7.87817],[112.993301,-7.878715],[112.993842,-7.878715],[112.993842,-7.879805],[112.993571,-7.879805],[112.993571,-7.880078],[112.993301,-7.880078],[112.993301,-7.880623],[112.992218,-7.880623],[112.992218,-7.880078],[112.992759,-7.880078],[112.992759,-7.87926],[112.99303,-7.87926],[112.99303,-7.878443],[112.992759,-7.878443],[112.992759,-7.878715],[112.991947,-7.878715],[112.991947,-7.878988],[112.991677,-7.878988],[112.991677,-7.877898],[112.990865,-7.877898],[112.990865,-7.877353],[112.991135,-7.877353],[112.991135,-7.87708],[112.991406,-7.87708],[112.991406,-7.876808],[112.991677,-7.876808],[112.991677,-7.876535],[112.991947,-7.876535],[112.991947,-7.87599],[112.992218,-7.87599],[112.992218,-7.875717],[112.99303,-7.875717],[112.99303,-7.875445],[112.992218,-7.875445],[112.992218,-7.875172],[112.991947,-7.875172],[112.991947,-7.875445],[112.991406,-7.875445],[112.991406,-7.875172],[112.991135,-7.875172],[112.991135,-7.875717],[112.991406,-7.875717],[112.991406,-7.87599],[112.990865,-7.87599],[112.990865,-7.875717],[112.990594,-7.875717],[112.990594,-7.87599],[112.990053,-7.87599],[112.990053,-7.876263],[112.989782,-7.876263],[112.989782,-7.875172],[112.98897,-7.875172],[112.98897,-7.875717],[112.988699,-7.875717],[112.988699,-7.877353],[112.989241,-7.877353],[112.989241,-7.87817],[112.98897,-7.87817],[112.98897,-7.878715],[112.989782,-7.878715],[112.989782,-7.878443],[112.990594,-7.878443],[112.990594,-7.87817],[112.991135,-7.87817],[112.991135,-7.878443],[112.990865,-7.878443],[112.990865,-7.878715],[112.990323,-7.878715],[112.990323,-7.878988],[112.989782,-7.878988],[112.989782,-7.87926],[112.989511,-7.87926],[112.989511,-7.879533],[112.989782,-7.879533],[112.989782,-7.879805],[112.98897,-7.879805],[112.98897,-7.879533],[112.988699,-7.879533],[112.988699,-7.87926],[112.98897,-7.87926],[112.98897,-7.878988],[112.988158,-7.878988],[112.988158,-7.87817],[112.987887,-7.87817],[112.987887,-7.878443],[112.987075,-7.878443],[112.987075,-7.878988],[112.986534,-7.878988],[112.986534,-7.87926],[112.986263,-7.87926],[112.986263,-7.88035],[112.984368,-7.88035],[112.984368,-7.880623],[112.983556,-7.880623],[112.983556,-7.879533],[112.982474,-7.879533],[112.982474,-7.880078],[112.982203,-7.880078],[112.982203,-7.880623],[112.981662,-7.880623],[112.981662,-7.88035],[112.980579,-7.88035],[112.980579,-7.880078],[112.98085,-7.880078],[112.98085,-7.87926],[112.979496,-7.87926],[112.979496,-7.878988],[112.979226,-7.878988],[112.979226,-7.878715],[112.979767,-7.878715],[112.979767,-7.878443],[112.978955,-7.878443],[112.978955,-7.87817],[112.978414,-7.87817],[112.978414,-7.877898],[112.978143,-7.877898],[112.978143,-7.877625],[112.977601,-7.877625],[112.977601,-7.876808],[112.978414,-7.876808],[112.978414,-7.877625],[112.978955,-7.877625],[112.978955,-7.877898],[112.979496,-7.877898],[112.979496,-7.877353],[112.979226,-7.877353],[112.979226,-7.876263],[112.978955,-7.876263],[112.978955,-7.875717],[112.979496,-7.875717],[112.979496,-7.875445],[112.978684,-7.875445],[112.978684,-7.874627],[112.978414,-7.874627],[112.978414,-7.874082],[112.977601,-7.874082],[112.977601,-7.87381],[112.977872,-7.87381],[112.977872,-7.873537],[112.978684,-7.873537],[112.978684,-7.872447],[112.978955,-7.872447],[112.978955,-7.872175],[112.979226,-7.872175],[112.979226,-7.87163],[112.979767,-7.87163],[112.979767,-7.870812],[112.980038,-7.870812],[112.980038,-7.87054],[112.980308,-7.87054],[112.980308,-7.870267],[112.98085,-7.870267],[112.98085,-7.869722],[112.98112,-7.869722],[112.98112,-7.868087],[112.981391,-7.868087],[112.981391,-7.867815],[112.982203,-7.867815],[112.982203,-7.867542],[112.982744,-7.867542],[112.982744,-7.86727],[112.983015,-7.86727],[112.983015,-7.866997],[112.982474,-7.866997],[112.982474,-7.866452],[112.982203,-7.866452],[112.982203,-7.865907],[112.983015,-7.865907],[112.983015,-7.86618],[112.983556,-7.86618],[112.983556,-7.865362],[112.983015,-7.865362],[112.983015,-7.865635],[112.981932,-7.865635],[112.981932,-7.865907],[112.981391,-7.865907],[112.981391,-7.866997],[112.981662,-7.866997],[112.981662,-7.866452],[112.981932,-7.866452],[112.981932,-7.86727],[112.98112,-7.86727],[112.98112,-7.866452],[112.980579,-7.866452],[112.980579,-7.865907],[112.980308,-7.865907],[112.980308,-7.865635],[112.980038,-7.865635],[112.980038,-7.865907],[112.979496,-7.865907],[112.979496,-7.866725],[112.980038,-7.866725],[112.980038,-7.866997],[112.979767,-7.866997],[112.979767,-7.86727],[112.979496,-7.86727],[112.979496,-7.867542],[112.979226,-7.867542],[112.979226,-7.867815],[112.978684,-7.867815],[112.978684,-7.868087],[112.978414,-7.868087],[112.978414,-7.867542],[112.976519,-7.867542],[112.976519,-7.868087],[112.976248,-7.868087],[112.976248,-7.867815],[112.975977,-7.867815],[112.975977,-7.86618],[112.976248,-7.86618],[112.976248,-7.865907],[112.975707,-7.865907],[112.975707,-7.865362],[112.975165,-7.865362],[112.975165,-7.864],[112.974895,-7.864],[112.974895,-7.863455],[112.974353,-7.863455],[112.974353,-7.864],[112.973271,-7.864],[112.973271,-7.865362],[112.973541,-7.865362],[112.973541,-7.865907],[112.973,-7.865907],[112.973,-7.866725],[112.973541,-7.866725],[112.973541,-7.86727],[112.973,-7.86727],[112.973,-7.868087],[112.973541,-7.868087],[112.973541,-7.869177],[112.973,-7.869177],[112.973,-7.86945],[112.973541,-7.86945],[112.973541,-7.869722],[112.973,-7.869722],[112.973,-7.869995],[112.972729,-7.869995],[112.972729,-7.87054],[112.972459,-7.87054],[112.972459,-7.870267],[112.972188,-7.870267],[112.972188,-7.869995],[112.972459,-7.869995],[112.972459,-7.869722],[112.971917,-7.869722],[112.971917,-7.869995],[112.971647,-7.869995],[112.971647,-7.870267],[112.971917,-7.870267],[112.971917,-7.87054],[112.971105,-7.87054],[112.971105,-7.871085],[112.970564,-7.871085],[112.970564,-7.870812],[112.970023,-7.870812],[112.970023,-7.87054],[112.969752,-7.87054],[112.969752,-7.870812],[112.969481,-7.870812],[112.969481,-7.87054],[112.96894,-7.87054],[112.96894,-7.870267],[112.969211,-7.870267],[112.969211,-7.869995],[112.969752,-7.869995],[112.969752,-7.869722],[112.96894,-7.869722],[112.96894,-7.86945],[112.969211,-7.86945],[112.969211,-7.869177],[112.969481,-7.869177],[112.969481,-7.868632],[112.969211,-7.868632],[112.969211,-7.868087],[112.96894,-7.868087],[112.96894,-7.86727],[112.968669,-7.86727],[112.968669,-7.866997],[112.96894,-7.866997],[112.96894,-7.866725],[112.969211,-7.866725],[112.969211,-7.866997],[112.969481,-7.866997],[112.969481,-7.86727],[112.969752,-7.86727],[112.969752,-7.868087],[112.970293,-7.868087],[112.970293,-7.867542],[112.970023,-7.867542],[112.970023,-7.866452],[112.969752,-7.866452],[112.969752,-7.865907],[112.970023,-7.865907],[112.970023,-7.865635],[112.970564,-7.865635],[112.970564,-7.865907],[112.971105,-7.865907],[112.971105,-7.866452],[112.971376,-7.866452],[112.971376,-7.868087],[112.971105,-7.868087],[112.971105,-7.868632],[112.970564,-7.868632],[112.970564,-7.86945],[112.971105,-7.86945],[112.971105,-7.869177],[112.971376,-7.869177],[112.971376,-7.86836],[112.971647,-7.86836],[112.971647,-7.868087],[112.971917,-7.868087],[112.971917,-7.867815],[112.972188,-7.867815],[112.972188,-7.86727],[112.971917,-7.86727],[112.971917,-7.866997],[112.971647,-7.866997],[112.971647,-7.866725],[112.971917,-7.866725],[112.971917,-7.866452],[112.972188,-7.866452],[112.972188,-7.865635],[112.971647,-7.865635],[112.971647,-7.865362],[112.971376,-7.865362],[112.971376,-7.865635],[112.971105,-7.865635],[112.971105,-7.86509],[112.970564,-7.86509],[112.970564,-7.864817],[112.970023,-7.864817],[112.970023,-7.864545],[112.970293,-7.864545],[112.970293,-7.864272],[112.969752,-7.864272],[112.969752,-7.862637],[112.969211,-7.862637],[112.969211,-7.86291],[112.96894,-7.86291],[112.96894,-7.863182],[112.968399,-7.863182],[112.968399,-7.86291],[112.967857,-7.86291],[112.967857,-7.863182],[112.967586,-7.863182],[112.967586,-7.863727],[112.967045,-7.863727],[112.967045,-7.864272],[112.966774,-7.864272],[112.966774,-7.86291],[112.966504,-7.86291],[112.966504,-7.864272],[112.966233,-7.864272],[112.966233,-7.864],[112.965692,-7.864],[112.965692,-7.862637],[112.965421,-7.862637],[112.965421,-7.863182],[112.96515,-7.863182],[112.96515,-7.863455],[112.96488,-7.863455],[112.96488,-7.86291],[112.964609,-7.86291],[112.964609,-7.863727],[112.964338,-7.863727],[112.964338,-7.864272],[112.964068,-7.864272],[112.964068,-7.864545],[112.964609,-7.864545],[112.964609,-7.864272],[112.96488,-7.864272],[112.96488,-7.864817],[112.962444,-7.864817],[112.962444,-7.864545],[112.961902,-7.864545],[112.961902,-7.864],[112.962444,-7.864],[112.962444,-7.863727],[112.962714,-7.863727],[112.962714,-7.86291],[112.962444,-7.86291],[112.962444,-7.862092],[112.962173,-7.862092],[112.962173,-7.862637],[112.961902,-7.862637],[112.961902,-7.862365],[112.961632,-7.862365],[112.961632,-7.862637],[112.96082,-7.862637],[112.96082,-7.862092],[112.960549,-7.862092],[112.960549,-7.861547],[112.959737,-7.861547],[112.959737,-7.86182],[112.959466,-7.86182],[112.959466,-7.862365],[112.959196,-7.862365],[112.959196,-7.862092],[112.958113,-7.862092],[112.958113,-7.861547],[112.957842,-7.861547],[112.957842,-7.86182],[112.957301,-7.86182],[112.957301,-7.862365],[112.956759,-7.862365],[112.956759,-7.862637],[112.956489,-7.862637],[112.956489,-7.863182],[112.955947,-7.863182],[112.955947,-7.864],[112.956759,-7.864],[112.956759,-7.864545],[112.956489,-7.864545],[112.956489,-7.865362],[112.955947,-7.865362],[112.955947,-7.865907],[112.955677,-7.865907],[112.955677,-7.865362],[112.955406,-7.865362],[112.955406,-7.863727],[112.954865,-7.863727],[112.954865,-7.863455],[112.954594,-7.863455],[112.954594,-7.863727],[112.954323,-7.863727],[112.954323,-7.863455],[112.954053,-7.863455],[112.954053,-7.863182],[112.953511,-7.863182],[112.953511,-7.863455],[112.953241,-7.863455],[112.953241,-7.863727],[112.953511,-7.863727],[112.953511,-7.864],[112.954053,-7.864],[112.954053,-7.864272],[112.953241,-7.864272],[112.953241,-7.864],[112.952699,-7.864],[112.952699,-7.863182],[112.951887,-7.863182],[112.951887,-7.862637],[112.951617,-7.862637],[112.951617,-7.86291],[112.951075,-7.86291],[112.951075,-7.863182],[112.951617,-7.863182],[112.951617,-7.863727],[112.951887,-7.863727],[112.951887,-7.864],[112.952158,-7.864],[112.952158,-7.864272],[112.951887,-7.864272],[112.951887,-7.864817],[112.952158,-7.864817],[112.952158,-7.86509],[112.951887,-7.86509],[112.951887,-7.865635],[112.951617,-7.865635],[112.951617,-7.86509],[112.951075,-7.86509],[112.951075,-7.865635],[112.950805,-7.865635],[112.950805,-7.865907],[112.950534,-7.865907],[112.950534,-7.865635],[112.950263,-7.865635],[112.950263,-7.86509],[112.950534,-7.86509],[112.950534,-7.864817],[112.949451,-7.864817],[112.949451,-7.86509],[112.949722,-7.86509],[112.949722,-7.865635],[112.949993,-7.865635],[112.949993,-7.865907],[112.950263,-7.865907],[112.950263,-7.866452],[112.950534,-7.866452],[112.950534,-7.866725],[112.950805,-7.866725],[112.950805,-7.866997],[112.950263,-7.866997],[112.950263,-7.867542],[112.949993,-7.867542],[112.949993,-7.86727],[112.949722,-7.86727],[112.949722,-7.867815],[112.949451,-7.867815],[112.949451,-7.86945],[112.949993,-7.86945],[112.949993,-7.869722],[112.950263,-7.869722],[112.950263,-7.870267],[112.949993,-7.870267],[112.949993,-7.870812],[112.949451,-7.870812],[112.949451,-7.87272],[112.949722,-7.87272],[112.949722,-7.872992],[112.949993,-7.872992],[112.949993,-7.874355],[112.950263,-7.874355],[112.950263,-7.8749],[112.950534,-7.8749],[112.950534,-7.875445],[112.950263,-7.875445],[112.950263,-7.875172],[112.949993,-7.875172],[112.949993,-7.8749],[112.949722,-7.8749],[112.949722,-7.874355],[112.949451,-7.874355],[112.949451,-7.899153],[112.94891,-7.899153],[112.94891,-7.898881],[112.948369,-7.898881],[112.948369,-7.899426],[112.948098,-7.899426],[112.948098,-7.899153],[112.947827,-7.899153],[112.947827,-7.899426],[112.946203,-7.899426],[112.946203,-7.899153],[112.945662,-7.899153],[112.945662,-7.898881],[112.945391,-7.898881],[112.945391,-7.898608],[112.94485,-7.898608],[112.94485,-7.898336],[112.943767,-7.898336],[112.943767,-7.898063],[112.943226,-7.898063],[112.943226,-7.897791],[112.942955,-7.897791],[112.942955,-7.897518],[112.942414,-7.897518],[112.942414,-7.897246],[112.942143,-7.897246],[112.942143,-7.896973],[112.941872,-7.896973],[112.941872,-7.89561],[112.941602,-7.89561],[112.941602,-7.895338],[112.941331,-7.895338],[112.941331,-7.895065],[112.941872,-7.895065],[112.941872,-7.895338],[112.942414,-7.895338],[112.942414,-7.894793],[112.941872,-7.894793],[112.941872,-7.89452],[112.941602,-7.89452],[112.941602,-7.893975],[112.941331,-7.893975],[112.941331,-7.893703],[112.94106,-7.893703],[112.94106,-7.89452],[112.941331,-7.89452],[112.941331,-7.894793],[112.939707,-7.894793],[112.939707,-7.89452],[112.938354,-7.89452],[112.938354,-7.894248],[112.939166,-7.894248],[112.939166,-7.893703],[112.938895,-7.893703],[112.938895,-7.89343],[112.937812,-7.89343],[112.937812,-7.893703],[112.938083,-7.893703],[112.938083,-7.89452],[112.937541,-7.89452],[112.937541,-7.894248],[112.937271,-7.894248],[112.937271,-7.893703],[112.936459,-7.893703],[112.936459,-7.892885],[112.936188,-7.892885],[112.936188,-7.892613],[112.935376,-7.892613],[112.935376,-7.892885],[112.935105,-7.892885],[112.935105,-7.893158],[112.935647,-7.893158],[112.935647,-7.893703],[112.936188,-7.893703],[112.936188,-7.894248],[112.936459,-7.894248],[112.936459,-7.89452],[112.935647,-7.89452],[112.935647,-7.894248],[112.935105,-7.894248],[112.935105,-7.893703],[112.934835,-7.893703],[112.934835,-7.89452],[112.935105,-7.89452],[112.935105,-7.895065],[112.935647,-7.895065],[112.935647,-7.895338],[112.935105,-7.895338],[112.935105,-7.89561],[112.934835,-7.89561],[112.934835,-7.895883],[112.935105,-7.895883],[112.935105,-7.896155],[112.934835,-7.896155],[112.934835,-7.896973],[112.934293,-7.896973],[112.934293,-7.896701],[112.934023,-7.896701],[112.934023,-7.896155],[112.933481,-7.896155],[112.933481,-7.895338],[112.933752,-7.895338],[112.933752,-7.89452],[112.932669,-7.89452],[112.932669,-7.894248],[112.932399,-7.894248],[112.932399,-7.894793],[112.932669,-7.894793],[112.932669,-7.89561],[112.932399,-7.89561],[112.932399,-7.895338],[112.932128,-7.895338],[112.932128,-7.895883],[112.932399,-7.895883],[112.932399,-7.896155],[112.932669,-7.896155],[112.932669,-7.897246],[112.933211,-7.897246],[112.933211,-7.897518],[112.933481,-7.897518],[112.933481,-7.897791],[112.934023,-7.897791],[112.934023,-7.898063],[112.933752,-7.898063],[112.933752,-7.898336],[112.933481,-7.898336],[112.933481,-7.898063],[112.932669,-7.898063],[112.932669,-7.898608],[112.933481,-7.898608],[112.933481,-7.898881],[112.933211,-7.898881],[112.933211,-7.899698],[112.911286,-7.899698],[112.911286,-7.900516],[112.911557,-7.900516],[112.911557,-7.901878],[112.911827,-7.901878],[112.911827,-7.902151],[112.912098,-7.902151],[112.912098,-7.902696],[112.913181,-7.902696],[112.913181,-7.902968],[112.913722,-7.902968],[112.913722,-7.903241],[112.914263,-7.903241],[112.914263,-7.903786],[112.915075,-7.903786],[112.915075,-7.904058],[112.916158,-7.904058],[112.916158,-7.904331],[112.916429,-7.904331],[112.916429,-7.905148],[112.916699,-7.905148],[112.916699,-7.905966],[112.917241,-7.905966],[112.917241,-7.907328],[112.917511,-7.907328],[112.917511,-7.907601],[112.918053,-7.907601],[112.918053,-7.908146],[112.918324,-7.908146],[112.918324,-7.908418],[112.918594,-7.908418],[112.918594,-7.909781],[112.918865,-7.909781],[112.918865,-7.910326],[112.918594,-7.910326],[112.918594,-7.911143],[112.918324,-7.911143],[112.918324,-7.911416],[112.918053,-7.911416],[112.918053,-7.912233],[112.918324,-7.912233],[112.918324,-7.912506],[112.918594,-7.912506],[112.918594,-7.913051],[112.918865,-7.913051],[112.918865,-7.913323],[112.919136,-7.913323],[112.919136,-7.913596],[112.919677,-7.913596],[112.919677,-7.913868],[112.920218,-7.913868],[112.920218,-7.914686],[112.920489,-7.914686],[112.920489,-7.915231],[112.92076,-7.915231],[112.92076,-7.915503],[112.92103,-7.915503],[112.92103,-7.915776],[112.921301,-7.915776],[112.921301,-7.916048],[112.921572,-7.916048],[112.921572,-7.916321],[112.921842,-7.916321],[112.921842,-7.916594],[112.922113,-7.916594],[112.922113,-7.916866],[112.922654,-7.916866],[112.922654,-7.917411],[112.923196,-7.917411],[112.923196,-7.917684],[112.923737,-7.917684],[112.923737,-7.917956],[112.924278,-7.917956],[112.924278,-7.918229],[112.925361,-7.918229],[112.925361,-7.918501],[112.926444,-7.918501],[112.926444,-7.918774],[112.927797,-7.918774],[112.927797,-7.919319],[112.928068,-7.919319],[112.928068,-7.919591],[112.928339,-7.919591],[112.928339,-7.919864],[112.928609,-7.919864],[112.928609,-7.920409],[112.929151,-7.920409],[112.929151,-7.920954],[112.929692,-7.920954],[112.929692,-7.921226],[112.929963,-7.921226],[112.929963,-7.925041],[112.929692,-7.925041],[112.929692,-7.925586],[112.929963,-7.925586],[112.929963,-7.926131],[112.931316,-7.926131],[112.931316,-7.926404],[112.93294,-7.926404],[112.93294,-7.926676],[112.933752,-7.926676],[112.933752,-7.926949],[112.934835,-7.926949],[112.934835,-7.927221],[112.935647,-7.927221],[112.935647,-7.926949],[112.935105,-7.926949],[112.935105,-7.926676],[112.934023,-7.926676],[112.934023,-7.926404],[112.933481,-7.926404],[112.933481,-7.926131],[112.933211,-7.926131],[112.933211,-7.925314],[112.933481,-7.925314],[112.933481,-7.925041],[112.934023,-7.925041],[112.934023,-7.924769],[112.934564,-7.924769],[112.934564,-7.924496],[112.935376,-7.924496],[112.935376,-7.923679],[112.935647,-7.923679],[112.935647,-7.922861],[112.936188,-7.922861],[112.936188,-7.921499],[112.936459,-7.921499],[112.936459,-7.920954],[112.937271,-7.920954],[112.937271,-7.920681],[112.937541,-7.920681],[112.937541,-7.920136],[112.937812,-7.920136],[112.937812,-7.919591],[112.939166,-7.919591],[112.939166,-7.919319],[112.939978,-7.919319],[112.939978,-7.918774],[112.940519,-7.918774],[112.940519,-7.918501],[112.94079,-7.918501],[112.94079,-7.917684],[112.941331,-7.917684],[112.941331,-7.917411],[112.941602,-7.917411],[112.941602,-7.917139],[112.942955,-7.917139],[112.942955,-7.916866],[112.943226,-7.916866],[112.943226,-7.916594],[112.943496,-7.916594],[112.943496,-7.916321],[112.943767,-7.916321],[112.943767,-7.916048],[112.944308,-7.916048],[112.944308,-7.915776],[112.94485,-7.915776],[112.94485,-7.915231],[112.945391,-7.915231],[112.945391,-7.914958],[112.945932,-7.914958],[112.945932,-7.914686],[112.946744,-7.914686],[112.946744,-7.914413],[112.947827,-7.914413],[112.947827,-7.913868],[112.948098,-7.913868],[112.948098,-7.913596],[112.94891,-7.913596],[112.94891,-7.913323],[112.949722,-7.913323],[112.949722,-7.913596],[112.953511,-7.913596],[112.953511,-7.913323],[112.954594,-7.913323],[112.954594,-7.913051],[112.955677,-7.913051],[112.955677,-7.912778],[112.956489,-7.912778],[112.956489,-7.912506],[112.957571,-7.912506],[112.957571,-7.912233],[112.957301,-7.912233],[112.957301,-7.911688],[112.956489,-7.911688],[112.956489,-7.911416],[112.955947,-7.911416],[112.955947,-7.911143],[112.955677,-7.911143],[112.955677,-7.909236],[112.955406,-7.909236],[112.955406,-7.909781],[112.955135,-7.909781],[112.955135,-7.910053],[112.954865,-7.910053],[112.954865,-7.910326],[112.954323,-7.910326],[112.954323,-7.910871],[112.954865,-7.910871],[112.954865,-7.911143],[112.954053,-7.911143],[112.954053,-7.911416],[112.953511,-7.911416],[112.953511,-7.910871],[112.953782,-7.910871],[112.953782,-7.910326],[112.953511,-7.910326],[112.953511,-7.909781],[112.954053,-7.909781],[112.954053,-7.909508],[112.954323,-7.909508],[112.954323,-7.908963],[112.954865,-7.908963],[112.954865,-7.908691],[112.954053,-7.908691],[112.954053,-7.908418],[112.953241,-7.908418],[112.953241,-7.907056],[112.95297,-7.907056],[112.95297,-7.906511],[112.953241,-7.906511],[112.953241,-7.906783],[112.953782,-7.906783],[112.953782,-7.906511],[112.954053,-7.906511],[112.954053,-7.906783],[112.954865,-7.906783],[112.954865,-7.907056],[112.955135,-7.907056],[112.955135,-7.907328],[112.956218,-7.907328],[112.956218,-7.907601],[112.956759,-7.907601],[112.956759,-7.908146],[112.957301,-7.908146],[112.957301,-7.908418],[112.958113,-7.908418],[112.958113,-7.908691],[112.959196,-7.908691],[112.959196,-7.908418],[112.960278,-7.908418],[112.960278,-7.907601],[112.96082,-7.907601],[112.96082,-7.908418],[112.960549,-7.908418],[112.960549,-7.908691],[112.960278,-7.908691],[112.960278,-7.908963],[112.960008,-7.908963],[112.960008,-7.909508],[112.959196,-7.909508],[112.959196,-7.909781],[112.958925,-7.909781],[112.958925,-7.911143],[112.959196,-7.911143],[112.959196,-7.910326],[112.959737,-7.910326],[112.959737,-7.911143],[112.960278,-7.911143],[112.960278,-7.911416],[112.958384,-7.911416],[112.958384,-7.911688],[112.958113,-7.911688],[112.958113,-7.911143],[112.957571,-7.911143],[112.957571,-7.911961],[112.958384,-7.911961],[112.958384,-7.912233],[112.958925,-7.912233],[112.958925,-7.911961],[112.959196,-7.911961],[112.959196,-7.912233],[112.959737,-7.912233],[112.959737,-7.911961],[112.960278,-7.911961],[112.960278,-7.911688],[112.960549,-7.911688],[112.960549,-7.911416],[112.96082,-7.911416],[112.96082,-7.911688],[112.962714,-7.911688],[112.962714,-7.911416],[112.963526,-7.911416],[112.963526,-7.911143],[112.963797,-7.911143],[112.963797,-7.910053],[112.964068,-7.910053],[112.964068,-7.910326],[112.96515,-7.910326],[112.96515,-7.910598],[112.965692,-7.910598],[112.965692,-7.910326],[112.965962,-7.910326],[112.965962,-7.910053],[112.966233,-7.910053],[112.966233,-7.909781],[112.966504,-7.909781],[112.966504,-7.909508],[112.967045,-7.909508],[112.967045,-7.909236],[112.967316,-7.909236],[112.967316,-7.908963],[112.967857,-7.908963],[112.967857,-7.908691],[112.968128,-7.908691],[112.968128,-7.908146],[112.968399,-7.908146],[112.968399,-7.907873],[112.968669,-7.907873],[112.968669,-7.907328],[112.96894,-7.907328],[112.96894,-7.907601],[112.969481,-7.907601],[112.969481,-7.907328],[112.969752,-7.907328],[112.969752,-7.907056],[112.970023,-7.907056],[112.970023,-7.906783],[112.970564,-7.906783],[112.970564,-7.906511],[112.970835,-7.906511],[112.970835,-7.905693],[112.971647,-7.905693],[112.971647,-7.905421],[112.972188,-7.905421],[112.972188,-7.905148],[112.972459,-7.905148],[112.972459,-7.904876],[112.972729,-7.904876],[112.972729,-7.904603],[112.973271,-7.904603],[112.973271,-7.904331],[112.973541,-7.904331],[112.973541,-7.903786],[112.973812,-7.903786],[112.973812,-7.903513],[112.973541,-7.903513],[112.973541,-7.902151],[112.973812,-7.902151],[112.973812,-7.901606],[112.974624,-7.901606],[112.974624,-7.901878],[112.974083,-7.901878],[112.974083,-7.902151],[112.974624,-7.902151],[112.974624,-7.902968],[112.974895,-7.902968],[112.974895,-7.902696],[112.975165,-7.902696],[112.975165,-7.902423],[112.974895,-7.902423],[112.974895,-7.902151],[112.975436,-7.902151],[112.975436,-7.901333],[112.975977,-7.901333],[112.975977,-7.901878],[112.976248,-7.901878],[112.976248,-7.901606],[112.976789,-7.901606],[112.976789,-7.901333],[112.977331,-7.901333],[112.977331,-7.901061],[112.977872,-7.901061],[112.977872,-7.900516],[112.978414,-7.900516],[112.978414,-7.900243],[112.978684,-7.900243],[112.978684,-7.899698],[112.978955,-7.899698],[112.978955,-7.899426],[112.982203,-7.899426],[112.982203,-7.898608],[112.982744,-7.898608],[112.982744,-7.899426],[113.002774,-7.899426],[113.002774,-7.899153],[113.030654,-7.899153],[113.030654,-7.899426],[113.031466,-7.899426],[113.031466,-7.899971],[113.031737,-7.899971],[113.031737,-7.900243],[113.032278,-7.900243],[113.032278,-7.899698],[113.032819,-7.899698],[113.032819,-7.899426],[113.03309,-7.899426],[113.03309,-7.899153],[113.033902,-7.899153],[113.033902,-7.899698],[113.033361,-7.899698],[113.033361,-7.899971],[113.03309,-7.899971],[113.03309,-7.900243],[113.032819,-7.900243],[113.032819,-7.900788],[113.032549,-7.900788],[113.032549,-7.901606],[113.03309,-7.901606],[113.03309,-7.902423],[113.033902,-7.902423],[113.033902,-7.902696],[113.033631,-7.902696],[113.033631,-7.902968],[113.034443,-7.902968],[113.034443,-7.902696],[113.034714,-7.902696],[113.034714,-7.902423],[113.034443,-7.902423],[113.034443,-7.901333],[113.034714,-7.901333],[113.034714,-7.901061],[113.034443,-7.901061],[113.034443,-7.900788],[113.034714,-7.900788],[113.034714,-7.899153],[113.034173,-7.899153],[113.034173,-7.898881],[113.034443,-7.898881],[113.034443,-7.898608],[113.033902,-7.898608],[113.033902,-7.897791],[113.035526,-7.897791],[113.035526,-7.897518],[113.035797,-7.897518],[113.035797,-7.896701],[113.034985,-7.896701],[113.034985,-7.896155],[113.034714,-7.896155],[113.034714,-7.896428],[113.034443,-7.896428],[113.034443,-7.895883],[113.034714,-7.895883],[113.034714,-7.89561],[113.033902,-7.89561],[113.033902,-7.896155],[113.03309,-7.896155],[113.03309,-7.894793],[113.034714,-7.894793],[113.034714,-7.89452],[113.034985,-7.89452],[113.034985,-7.894248],[113.035255,-7.894248],[113.035255,-7.893975],[113.035797,-7.893975],[113.035797,-7.893703],[113.036338,-7.893703],[113.036338,-7.89343],[113.036067,-7.89343],[113.036067,-7.892885],[113.035797,-7.892885],[113.035797,-7.89234],[113.037421,-7.89234],[113.037421,-7.891795],[113.038233,-7.891795],[113.038233,-7.892068],[113.038504,-7.892068],[113.038504,-7.891795],[113.038774,-7.891795],[113.038774,-7.891523],[113.039586,-7.891523],[113.039586,-7.890705],[113.039857,-7.890705],[113.039857,-7.890433],[113.040128,-7.890433],[113.040128,-7.89016],[113.040398,-7.89016],[113.040398,-7.889888],[113.040669,-7.889888],[113.040669,-7.889615],[113.039857,-7.889615],[113.039857,-7.89016],[113.039045,-7.89016],[113.039045,-7.889615],[113.038774,-7.889615],[113.038774,-7.88907],[113.038504,-7.88907],[113.038504,-7.88798],[113.038774,-7.88798],[113.038774,-7.887708],[113.039045,-7.887708],[113.039045,-7.888525],[113.039586,-7.888525],[113.039586,-7.887435],[113.039857,-7.887435],[113.039857,-7.886073],[113.040128,-7.886073],[113.040128,-7.885255],[113.040398,-7.885255],[113.040398,-7.884983],[113.040128,-7.884983],[113.040128,-7.88471],[113.039857,-7.88471],[113.039857,-7.883348],[113.040398,-7.883348],[113.040398,-7.882803],[113.04094,-7.882803],[113.04094,-7.88253],[113.04121,-7.88253],[113.04121,-7.882258],[113.041481,-7.882258],[113.041481,-7.881713],[113.042293,-7.881713],[113.042293,-7.881168],[113.042564,-7.881168],[113.042564,-7.880895],[113.042834,-7.880895],[113.042834,-7.880623],[113.043376,-7.880623],[113.043376,-7.880078],[113.044188,-7.880078],[113.044188,-7.880623],[113.045,-7.880623],[113.045,-7.880078],[113.044729,-7.880078],[113.044729,-7.879805],[113.043917,-7.879805],[113.043917,-7.87926],[113.042293,-7.87926],[113.042293,-7.879533],[113.042834,-7.879533],[113.042834,-7.880078],[113.042564,-7.880078],[113.042564,-7.880623],[113.042293,-7.880623],[113.042293,-7.880895],[113.041752,-7.880895],[113.041752,-7.880623],[113.041481,-7.880623],[113.041481,-7.881168],[113.04121,-7.881168],[113.04121,-7.88144],[113.040669,-7.88144],[113.040669,-7.881713],[113.040128,-7.881713],[113.040128,-7.881985],[113.039857,-7.881985],[113.039857,-7.882258],[113.039045,-7.882258],[113.039045,-7.881713],[113.039857,-7.881713],[113.039857,-7.88144],[113.040128,-7.88144],[113.040128,-7.881168],[113.039316,-7.881168],[113.039316,-7.88144],[113.039045,-7.88144],[113.039045,-7.880895],[113.038774,-7.880895],[113.038774,-7.88035],[113.039045,-7.88035],[113.039045,-7.879805],[113.039316,-7.879805],[113.039316,-7.879533],[113.039045,-7.879533],[113.039045,-7.87926],[113.039316,-7.87926],[113.039316,-7.878988],[113.039857,-7.878988],[113.039857,-7.878715],[113.040128,-7.878715],[113.040128,-7.878443],[113.040398,-7.878443],[113.040398,-7.87817],[113.04094,-7.87817],[113.04094,-7.877898],[113.04121,-7.877898],[113.04121,-7.877353],[113.042293,-7.877353],[113.042293,-7.87708],[113.042834,-7.87708],[113.042834,-7.876808],[113.041752,-7.876808],[113.041752,-7.876535],[113.042293,-7.876535],[113.042293,-7.876263],[113.042564,-7.876263],[113.042564,-7.87599],[113.042834,-7.87599],[113.042834,-7.8749],[113.043105,-7.8749],[113.043105,-7.874627],[113.042834,-7.874627],[113.042834,-7.874355],[113.043105,-7.874355],[113.043105,-7.874082],[113.043376,-7.874082],[113.043376,-7.873537],[113.043646,-7.873537],[113.043646,-7.872992],[113.043917,-7.872992],[113.043917,-7.871902],[113.043646,-7.871902],[113.043646,-7.87163],[113.042022,-7.87163],[113.042022,-7.871357],[113.04121,-7.871357],[113.04121,-7.871085],[113.040669,-7.871085],[113.040669,-7.870812],[113.04094,-7.870812],[113.04094,-7.87054],[113.040128,-7.87054],[113.040128,-7.870267],[113.039586,-7.870267],[113.039586,-7.869722],[113.039857,-7.869722],[113.039857,-7.869177],[113.040398,-7.869177],[113.040398,-7.868905],[113.039586,-7.868905],[113.039586,-7.869177],[113.039045,-7.869177],[113.039045,-7.868087],[113.038774,-7.868087],[113.038774,-7.86836],[113.038504,-7.86836],[113.038504,-7.868632],[113.038233,-7.868632],[113.038233,-7.86836],[113.037962,-7.86836],[113.037962,-7.868632],[113.037692,-7.868632],[113.037692,-7.86945],[113.037421,-7.86945],[113.037421,-7.869722],[113.036609,-7.869722],[113.036609,-7.869995],[113.036067,-7.869995],[113.036067,-7.869722],[113.035797,-7.869722],[113.035797,-7.869995],[113.035526,-7.869995],[113.035526,-7.870267],[113.035255,-7.870267],[113.035255,-7.86945],[113.034985,-7.86945],[113.034985,-7.868632],[113.035255,-7.868632],[113.035255,-7.86836],[113.035797,-7.86836],[113.035797,-7.868087],[113.036067,-7.868087],[113.036067,-7.86727],[113.036338,-7.86727],[113.036338,-7.866997],[113.036609,-7.866997],[113.036609,-7.866725],[113.036879,-7.866725],[113.036879,-7.866452],[113.037421,-7.866452],[113.037421,-7.86618],[113.03715,-7.86618],[113.03715,-7.865635],[113.037692,-7.865635],[113.037692,-7.865362],[113.037962,-7.865362],[113.037962,-7.86509],[113.037692,-7.86509],[113.037692,-7.864817],[113.03715,-7.864817],[113.03715,-7.86509],[113.036879,-7.86509],[113.036879,-7.864545],[113.03715,-7.864545],[113.03715,-7.863455],[113.037692,-7.863455],[113.037692,-7.862365],[113.036609,-7.862365],[113.036609,-7.862092],[113.036338,-7.862092],[113.036338,-7.86182],[113.035797,-7.86182],[113.035797,-7.861275],[113.034714,-7.861275],[113.034714,-7.861547],[113.034173,-7.861547],[113.034173,-7.861275],[113.034443,-7.861275],[113.034443,-7.860457],[113.034173,-7.860457],[113.034173,-7.86073],[113.033631,-7.86073],[113.033631,-7.861002],[113.033361,-7.861002],[113.033361,-7.861275],[113.03309,-7.861275],[113.03309,-7.861547],[113.032819,-7.861547],[113.032819,-7.86182],[113.032278,-7.86182],[113.032278,-7.861002],[113.032819,-7.861002],[113.032819,-7.860457],[113.033361,-7.860457],[113.033361,-7.860185],[113.033631,-7.860185],[113.033631,-7.859912],[113.033361,-7.859912],[113.033361,-7.858822],[113.03309,-7.858822],[113.03309,-7.85964],[113.032819,-7.85964],[113.032819,-7.859912],[113.032278,-7.859912],[113.032278,-7.859367],[113.032007,-7.859367],[113.032007,-7.860185],[113.031466,-7.860185],[113.031466,-7.860457],[113.030925,-7.860457],[113.030925,-7.860185],[113.030383,-7.860185],[113.030383,-7.859912],[113.029842,-7.859912],[113.029842,-7.85964],[113.02903,-7.85964],[113.02903,-7.859912],[113.028759,-7.859912],[113.028759,-7.860185],[113.029301,-7.860185],[113.029301,-7.859912],[113.029571,-7.859912],[113.029571,-7.861275],[113.029301,-7.861275],[113.029301,-7.861547],[113.029571,-7.861547],[113.029571,-7.862092],[113.029301,-7.862092],[113.029301,-7.862637],[113.02903,-7.862637],[113.02903,-7.86291],[113.028759,-7.86291],[113.028759,-7.863727],[113.028489,-7.863727],[113.028489,-7.864],[113.028218,-7.864],[113.028218,-7.864817],[113.027947,-7.864817],[113.027947,-7.86509],[113.027677,-7.86509],[113.027677,-7.864817],[113.027135,-7.864817],[113.027135,-7.864272],[113.026864,-7.864272],[113.026864,-7.86291],[113.026594,-7.86291],[113.026594,-7.862637],[113.026323,-7.862637],[113.026323,-7.863455],[113.026052,-7.863455],[113.026052,-7.863727],[113.025782,-7.863727],[113.025782,-7.864],[113.025511,-7.864],[113.025511,-7.86509],[113.02524,-7.86509],[113.02524,-7.864],[113.024699,-7.864],[113.024699,-7.86291],[113.02497,-7.86291],[113.02497,-7.862637],[113.025782,-7.862637],[113.025782,-7.862365],[113.026052,-7.862365],[113.026052,-7.862092],[113.025782,-7.862092],[113.025782,-7.86182],[113.02497,-7.86182],[113.02497,-7.861002],[113.024158,-7.861002],[113.024158,-7.861275],[113.023887,-7.861275],[113.023887,-7.861547],[113.023616,-7.861547],[113.023616,-7.86182],[113.023346,-7.86182],[113.023346,-7.862365],[113.023616,-7.862365],[113.023616,-7.863455],[113.023346,-7.863455],[113.023346,-7.864],[113.023075,-7.864],[113.023075,-7.864545],[113.021992,-7.864545],[113.021992,-7.864],[113.022263,-7.864],[113.022263,-7.863727],[113.022804,-7.863727],[113.022804,-7.86291],[113.023075,-7.86291],[113.023075,-7.862637],[113.022263,-7.862637],[113.022263,-7.863182],[113.021992,-7.863182],[113.021992,-7.863455],[113.021722,-7.863455],[113.021722,-7.863727],[113.02118,-7.863727],[113.02118,-7.864],[113.02091,-7.864],[113.02091,-7.863182],[113.02118,-7.863182],[113.02118,-7.862637],[113.021992,-7.862637],[113.021992,-7.862365],[113.022263,-7.862365],[113.022263,-7.86182],[113.023075,-7.86182],[113.023075,-7.861547],[113.023346,-7.861547],[113.023346,-7.861275],[113.023616,-7.861275],[113.023616,-7.861002],[113.023887,-7.861002],[113.023887,-7.86073],[113.024158,-7.86073],[113.024158,-7.85964],[113.023616,-7.85964],[113.023616,-7.859912],[113.023346,-7.859912],[113.023346,-7.86073],[113.023075,-7.86073],[113.023075,-7.861002],[113.022263,-7.861002],[113.022263,-7.861275],[113.021992,-7.861275],[113.021992,-7.861547],[113.021722,-7.861547],[113.021722,-7.86182],[113.021451,-7.86182],[113.021451,-7.862092],[113.02091,-7.862092],[113.02091,-7.862365],[113.020639,-7.862365],[113.020639,-7.863182],[113.020368,-7.863182],[113.020368,-7.862637],[113.019556,-7.862637],[113.019556,-7.863182],[113.019286,-7.863182],[113.019286,-7.862092],[113.019556,-7.862092],[113.019556,-7.86182],[113.019827,-7.86182],[113.019827,-7.861547],[113.020098,-7.861547],[113.020098,-7.861275],[113.020639,-7.861275],[113.020639,-7.861002],[113.02091,-7.861002],[113.02091,-7.86073],[113.02118,-7.86073],[113.02118,-7.860185],[113.021722,-7.860185],[113.021722,-7.859912],[113.021992,-7.859912],[113.021992,-7.859367],[113.02118,-7.859367],[113.02118,-7.85964],[113.02091,-7.85964],[113.02091,-7.860185],[113.020368,-7.860185],[113.020368,-7.860457],[113.020098,-7.860457],[113.020098,-7.861002],[113.019827,-7.861002],[113.019827,-7.861275],[113.019556,-7.861275],[113.019556,-7.861547],[113.019286,-7.861547],[113.019286,-7.86073],[113.019015,-7.86073],[113.019015,-7.86182],[113.018474,-7.86182],[113.018474,-7.862365],[113.018203,-7.862365],[113.018203,-7.862637],[113.017391,-7.862637],[113.017391,-7.861547],[113.017662,-7.861547],[113.017662,-7.861002],[113.017391,-7.861002],[113.017391,-7.86073],[113.017662,-7.86073],[113.017662,-7.860457],[113.018203,-7.860457],[113.018203,-7.861002],[113.018474,-7.861002],[113.018474,-7.86073],[113.018744,-7.86073],[113.018744,-7.860457],[113.019015,-7.860457],[113.019015,-7.859912],[113.019286,-7.859912],[113.019286,-7.859095],[113.019015,-7.859095],[113.019015,-7.85855],[113.019286,-7.85855],[113.019286,-7.858277],[113.019556,-7.858277],[113.019556,-7.85855],[113.019827,-7.85855],[113.019827,-7.858277],[113.020098,-7.858277],[113.020098,-7.85746],[113.020639,-7.85746],[113.020639,-7.857187],[113.02091,-7.857187],[113.02091,-7.856915],[113.02118,-7.856915],[113.02118,-7.856642],[113.021451,-7.856642],[113.021451,-7.85637],[113.021722,-7.85637],[113.021722,-7.856097],[113.021992,-7.856097],[113.021992,-7.855824],[113.022804,-7.855824],[113.022804,-7.855279],[113.022534,-7.855279],[113.022534,-7.854734],[113.022263,-7.854734],[113.022263,-7.854462],[113.021722,-7.854462],[113.021722,-7.854189],[113.021992,-7.854189],[113.021992,-7.853644],[113.022534,-7.853644],[113.022534,-7.852827],[113.022804,-7.852827],[113.022804,-7.851192],[113.022263,-7.851192]],[[113.019556,-7.855552],[113.019827,-7.855552],[113.019827,-7.855824],[113.019556,-7.855824],[113.019556,-7.855552]],[[113.016579,-7.856915],[113.016849,-7.856915],[113.016849,-7.857732],[113.016308,-7.857732],[113.016308,-7.857187],[113.016579,-7.857187],[113.016579,-7.856915]],[[113.015767,-7.85855],[113.016037,-7.85855],[113.016037,-7.859095],[113.015225,-7.859095],[113.015225,-7.858822],[113.015767,-7.858822],[113.015767,-7.85855]],[[113.016849,-7.861002],[113.017391,-7.861002],[113.017391,-7.861275],[113.016849,-7.861275],[113.016849,-7.861002]],[[113.012248,-7.861275],[113.012519,-7.861275],[113.012519,-7.86182],[113.013331,-7.86182],[113.013331,-7.862365],[113.012519,-7.862365],[113.012519,-7.862092],[113.012248,-7.862092],[113.012248,-7.861275]],[[113.016579,-7.861275],[113.016849,-7.861275],[113.016849,-7.861547],[113.016579,-7.861547],[113.016579,-7.861275]],[[113.033361,-7.861547],[113.033902,-7.861547],[113.033902,-7.86182],[113.033631,-7.86182],[113.033631,-7.862092],[113.03309,-7.862092],[113.03309,-7.86182],[113.033361,-7.86182],[113.033361,-7.861547]],[[113.010895,-7.862092],[113.011436,-7.862092],[113.011436,-7.862365],[113.010895,-7.862365],[113.010895,-7.862092]],[[112.957571,-7.862365],[112.957842,-7.862365],[112.957842,-7.863182],[112.957571,-7.863182],[112.957571,-7.862365]],[[113.031195,-7.862365],[113.031737,-7.862365],[113.031737,-7.862637],[113.031195,-7.862637],[113.031195,-7.862365]],[[113.018203,-7.862637],[113.018744,-7.862637],[113.018744,-7.863182],[113.018203,-7.863182],[113.018203,-7.862637]],[[113.030925,-7.862637],[113.031195,-7.862637],[113.031195,-7.863182],[113.030925,-7.863182],[113.030925,-7.863727],[113.030654,-7.863727],[113.030654,-7.864],[113.029842,-7.864],[113.029842,-7.863182],[113.030654,-7.863182],[113.030654,-7.86291],[113.030925,-7.86291],[113.030925,-7.862637]],[[112.959466,-7.86291],[112.959737,-7.86291],[112.959737,-7.863455],[112.959466,-7.863455],[112.959466,-7.86291]],[[113.009541,-7.86291],[113.011436,-7.86291],[113.011436,-7.863455],[113.011165,-7.863455],[113.011165,-7.864],[113.010895,-7.864],[113.010895,-7.864272],[113.011165,-7.864272],[113.011165,-7.864817],[113.010895,-7.864817],[113.010895,-7.865362],[113.010624,-7.865362],[113.010624,-7.86618],[113.010083,-7.86618],[113.010083,-7.866997],[113.010353,-7.866997],[113.010353,-7.868905],[113.009541,-7.868905],[113.009541,-7.86945],[113.007376,-7.86945],[113.007376,-7.869177],[113.007105,-7.869177],[113.007105,-7.86945],[113.006293,-7.86945],[113.006293,-7.869177],[113.006022,-7.869177],[113.006022,-7.868632],[113.006293,-7.868632],[113.006293,-7.86836],[113.006564,-7.86836],[113.006564,-7.868087],[113.006834,-7.868087],[113.006834,-7.867542],[113.007105,-7.867542],[113.007105,-7.86727],[113.007376,-7.86727],[113.007376,-7.866997],[113.007105,-7.866997],[113.007105,-7.866452],[113.007376,-7.866452],[113.007376,-7.865907],[113.007647,-7.865907],[113.007647,-7.865362],[113.008188,-7.865362],[113.008188,-7.864817],[113.008729,-7.864817],[113.008729,-7.864],[113.009,-7.864],[113.009,-7.863182],[113.009541,-7.863182],[113.009541,-7.86291]],[[113.01306,-7.86291],[113.013331,-7.86291],[113.013331,-7.863455],[113.01306,-7.863455],[113.01306,-7.86291]],[[112.956489,-7.863182],[112.956759,-7.863182],[112.956759,-7.863455],[112.956489,-7.863455],[112.956489,-7.863182]],[[112.95703,-7.863182],[112.957301,-7.863182],[112.957301,-7.863455],[112.95703,-7.863455],[112.95703,-7.863182]],[[113.017391,-7.863182],[113.018203,-7.863182],[113.018203,-7.863455],[113.017391,-7.863455],[113.017391,-7.863182]],[[113.019015,-7.863182],[113.019286,-7.863182],[113.019286,-7.863727],[113.019015,-7.863727],[113.019015,-7.864],[113.018474,-7.864],[113.018474,-7.864545],[113.018203,-7.864545],[113.018203,-7.864272],[113.017932,-7.864272],[113.017932,-7.864],[113.018203,-7.864],[113.018203,-7.863727],[113.018474,-7.863727],[113.018474,-7.863455],[113.019015,-7.863455],[113.019015,-7.863182]],[[112.958384,-7.863455],[112.958925,-7.863455],[112.958925,-7.863727],[112.958384,-7.863727],[112.958384,-7.863455]],[[112.959466,-7.863727],[112.959737,-7.863727],[112.959737,-7.864],[112.959466,-7.864],[112.959466,-7.863727]],[[112.967857,-7.863727],[112.968128,-7.863727],[112.968128,-7.864272],[112.967857,-7.864272],[112.967857,-7.863727]],[[112.954865,-7.864],[112.955135,-7.864],[112.955135,-7.864272],[112.954865,-7.864272],[112.954865,-7.864]],[[112.954053,-7.864272],[112.954323,-7.864272],[112.954323,-7.864817],[112.954053,-7.864817],[112.954053,-7.864272]],[[112.967316,-7.864272],[112.967586,-7.864272],[112.967586,-7.864817],[112.967857,-7.864817],[112.967857,-7.865635],[112.967316,-7.865635],[112.967316,-7.86727],[112.967586,-7.86727],[112.967586,-7.866997],[112.967857,-7.866997],[112.967857,-7.86727],[112.968128,-7.86727],[112.968128,-7.869177],[112.968669,-7.869177],[112.968669,-7.86945],[112.967857,-7.86945],[112.967857,-7.869177],[112.967316,-7.869177],[112.967316,-7.868905],[112.967045,-7.868905],[112.967045,-7.868087],[112.966774,-7.868087],[112.966774,-7.867542],[112.967045,-7.867542],[112.967045,-7.866997],[112.966504,-7.866997],[112.966504,-7.866452],[112.966774,-7.866452],[112.966774,-7.86509],[112.967316,-7.86509],[112.967316,-7.864272]],[[113.012248,-7.864545],[113.01306,-7.864545],[113.01306,-7.86509],[113.012248,-7.86509],[113.012248,-7.865635],[113.011977,-7.865635],[113.011977,-7.864817],[113.012248,-7.864817],[113.012248,-7.864545]],[[113.017932,-7.864545],[113.018203,-7.864545],[113.018203,-7.864817],[113.017932,-7.864817],[113.017932,-7.864545]],[[113.021451,-7.864545],[113.021992,-7.864545],[113.021992,-7.86509],[113.022263,-7.86509],[113.022263,-7.86618],[113.021722,-7.86618],[113.021722,-7.866452],[113.021451,-7.866452],[113.021451,-7.866725],[113.020639,-7.866725],[113.020639,-7.865907],[113.02118,-7.865907],[113.02118,-7.865362],[113.021722,-7.865362],[113.021722,-7.86509],[113.021451,-7.86509],[113.021451,-7.864545]],[[113.030654,-7.864545],[113.030925,-7.864545],[113.030925,-7.864817],[113.030654,-7.864817],[113.030654,-7.864545]],[[112.952699,-7.864817],[112.95297,-7.864817],[112.95297,-7.865635],[112.952699,-7.865635],[112.952699,-7.864817]],[[112.95703,-7.864817],[112.957571,-7.864817],[112.957571,-7.865362],[112.95703,-7.865362],[112.95703,-7.864817]],[[112.959466,-7.864817],[112.959737,-7.864817],[112.959737,-7.865362],[112.959466,-7.865362],[112.959466,-7.864817]],[[112.966233,-7.864817],[112.966504,-7.864817],[112.966504,-7.86509],[112.966233,-7.86509],[112.966233,-7.864817]],[[113.016849,-7.864817],[113.017391,-7.864817],[113.017391,-7.86509],[113.016849,-7.86509],[113.016849,-7.864817]],[[113.018474,-7.864817],[113.018744,-7.864817],[113.018744,-7.86509],[113.018474,-7.86509],[113.018474,-7.864817]],[[112.954053,-7.86509],[112.954865,-7.86509],[112.954865,-7.86618],[112.954594,-7.86618],[112.954594,-7.865362],[112.954053,-7.865362],[112.954053,-7.86509]],[[112.960278,-7.86509],[112.960549,-7.86509],[112.960549,-7.865362],[112.960278,-7.865362],[112.960278,-7.86509]],[[112.963797,-7.86509],[112.964609,-7.86509],[112.964609,-7.865362],[112.964338,-7.865362],[112.964338,-7.865635],[112.964068,-7.865635],[112.964068,-7.865362],[112.963797,-7.865362],[112.963797,-7.86509]],[[112.969211,-7.86509],[112.969752,-7.86509],[112.969752,-7.865362],[112.969481,-7.865362],[112.969481,-7.865635],[112.969211,-7.865635],[112.969211,-7.86509]],[[113.016308,-7.86509],[113.016849,-7.86509],[113.016849,-7.865635],[113.016579,-7.865635],[113.016579,-7.865907],[113.016308,-7.865907],[113.016308,-7.86509]],[[113.036067,-7.86509],[113.036338,-7.86509],[113.036338,-7.865362],[113.036067,-7.865362],[113.036067,-7.86509]],[[112.961902,-7.865362],[112.962444,-7.865362],[112.962444,-7.865635],[112.962173,-7.865635],[112.962173,-7.86618],[112.961902,-7.86618],[112.961902,-7.865362]],[[112.962985,-7.865362],[112.963797,-7.865362],[112.963797,-7.865635],[112.963256,-7.865635],[112.963256,-7.86618],[112.962985,-7.86618],[112.962985,-7.866725],[112.963256,-7.866725],[112.963256,-7.866997],[112.964068,-7.866997],[112.964068,-7.867542],[112.962985,-7.867542],[112.962985,-7.86727],[112.962714,-7.86727],[112.962714,-7.867815],[112.963256,-7.867815],[112.963256,-7.868087],[112.962985,-7.868087],[112.962985,-7.868905],[112.962714,-7.868905],[112.962714,-7.868087],[112.962444,-7.868087],[112.962444,-7.86836],[112.962173,-7.86836],[112.962173,-7.868905],[112.961902,-7.868905],[112.961902,-7.868087],[112.962173,-7.868087],[112.962173,-7.866725],[112.962444,-7.866725],[112.962444,-7.866452],[112.962714,-7.866452],[112.962714,-7.865635],[112.962985,-7.865635],[112.962985,-7.865362]],[[113.035797,-7.865362],[113.036067,-7.865362],[113.036067,-7.865907],[113.035797,-7.865907],[113.035797,-7.865362]],[[112.951887,-7.865635],[112.952158,-7.865635],[112.952158,-7.865907],[112.951887,-7.865907],[112.951887,-7.865635]],[[112.95297,-7.865635],[112.953241,-7.865635],[112.953241,-7.866725],[112.95297,-7.866725],[112.95297,-7.86727],[112.952699,-7.86727],[112.952699,-7.867542],[112.952158,-7.867542],[112.952158,-7.86727],[112.952429,-7.86727],[112.952429,-7.866997],[112.952699,-7.866997],[112.952699,-7.866452],[112.952158,-7.866452],[112.952158,-7.86618],[112.952429,-7.86618],[112.952429,-7.865907],[112.95297,-7.865907],[112.95297,-7.865635]],[[113.02524,-7.865635],[113.025782,-7.865635],[113.025782,-7.86727],[113.025511,-7.86727],[113.025511,-7.866997],[113.02524,-7.866997],[113.02524,-7.865635]],[[112.959466,-7.865907],[112.959737,-7.865907],[112.959737,-7.866452],[112.959466,-7.866452],[112.959466,-7.865907]],[[112.969211,-7.865907],[112.969481,-7.865907],[112.969481,-7.866452],[112.969211,-7.866452],[112.969211,-7.865907]],[[113.034985,-7.865907],[113.035526,-7.865907],[113.035526,-7.866452],[113.035255,-7.866452],[113.035255,-7.866725],[113.034985,-7.866725],[113.034985,-7.866997],[113.034443,-7.866997],[113.034443,-7.86727],[113.033631,-7.86727],[113.033631,-7.867542],[113.033361,-7.867542],[113.033361,-7.866997],[113.033631,-7.866997],[113.033631,-7.866725],[113.034443,-7.866725],[113.034443,-7.866452],[113.034985,-7.866452],[113.034985,-7.865907]],[[112.964338,-7.86618],[112.964609,-7.86618],[112.964609,-7.866452],[112.964338,-7.866452],[112.964338,-7.86618]],[[112.957571,-7.866452],[112.957842,-7.866452],[112.957842,-7.866725],[112.958113,-7.866725],[112.958113,-7.86727],[112.957571,-7.86727],[112.957571,-7.866452]],[[113.022263,-7.866452],[113.022804,-7.866452],[113.022804,-7.86727],[113.022263,-7.86727],[113.022263,-7.866452]],[[113.028489,-7.866452],[113.028759,-7.866452],[113.028759,-7.866725],[113.028489,-7.866725],[113.028489,-7.866452]],[[113.027947,-7.866725],[113.028218,-7.866725],[113.028218,-7.866997],[113.027947,-7.866997],[113.027947,-7.866725]],[[112.954865,-7.866997],[112.955135,-7.866997],[112.955135,-7.86727],[112.954865,-7.86727],[112.954865,-7.866997]],[[112.955947,-7.866997],[112.95703,-7.866997],[112.95703,-7.86727],[112.956759,-7.86727],[112.956759,-7.867542],[112.956489,-7.867542],[112.956489,-7.867815],[112.955947,-7.867815],[112.955947,-7.866997]],[[112.96082,-7.866997],[112.961361,-7.866997],[112.961361,-7.867542],[112.96082,-7.867542],[112.96082,-7.866997]],[[112.973812,-7.866997],[112.974083,-7.866997],[112.974083,-7.86727],[112.973812,-7.86727],[112.973812,-7.866997]],[[112.950805,-7.86727],[112.951075,-7.86727],[112.951075,-7.867542],[112.951617,-7.867542],[112.951617,-7.867815],[112.951346,-7.867815],[112.951346,-7.86836],[112.950805,-7.86836],[112.950805,-7.867815],[112.950263,-7.867815],[112.950263,-7.867542],[112.950805,-7.867542],[112.950805,-7.86727]],[[112.951887,-7.867542],[112.952158,-7.867542],[112.952158,-7.867815],[112.951887,-7.867815],[112.951887,-7.867542]],[[112.95703,-7.867542],[112.957301,-7.867542],[112.957301,-7.868632],[112.95703,-7.868632],[112.95703,-7.868905],[112.956489,-7.868905],[112.956489,-7.868087],[112.95703,-7.868087],[112.95703,-7.867542]],[[112.959737,-7.867542],[112.960008,-7.867542],[112.960008,-7.867815],[112.959737,-7.867815],[112.959737,-7.867542]],[[112.974895,-7.867542],[112.975165,-7.867542],[112.975165,-7.867815],[112.975436,-7.867815],[112.975436,-7.868632],[112.975977,-7.868632],[112.975977,-7.86945],[112.976248,-7.86945],[112.976248,-7.869722],[112.975436,-7.869722],[112.975436,-7.869995],[112.975977,-7.869995],[112.975977,-7.870267],[112.975165,-7.870267],[112.975165,-7.869995],[112.974895,-7.869995],[112.974895,-7.87054],[112.973812,-7.87054],[112.973812,-7.870267],[112.974083,-7.870267],[112.974083,-7.869722],[112.974353,-7.869722],[112.974353,-7.86945],[112.974624,-7.86945],[112.974624,-7.869177],[112.974353,-7.869177],[112.974353,-7.868087],[112.974895,-7.868087],[112.974895,-7.867542]],[[113.023075,-7.867542],[113.023346,-7.867542],[113.023346,-7.867815],[113.023075,-7.867815],[113.023075,-7.867542]],[[113.027677,-7.867542],[113.028759,-7.867542],[113.028759,-7.867815],[113.027677,-7.867815],[113.027677,-7.867542]],[[112.955406,-7.867815],[112.955947,-7.867815],[112.955947,-7.868087],[112.955406,-7.868087],[112.955406,-7.867815]],[[112.964068,-7.867815],[112.964338,-7.867815],[112.964338,-7.868087],[112.964609,-7.868087],[112.964609,-7.86836],[112.964068,-7.86836],[112.964068,-7.867815]],[[113.023616,-7.867815],[113.023887,-7.867815],[113.023887,-7.868087],[113.023616,-7.868087],[113.023616,-7.867815]],[[113.032549,-7.867815],[113.03309,-7.867815],[113.03309,-7.868087],[113.032819,-7.868087],[113.032819,-7.86836],[113.032549,-7.86836],[113.032549,-7.867815]],[[112.958113,-7.868087],[112.958925,-7.868087],[112.958925,-7.868632],[112.958113,-7.868632],[112.958113,-7.868087]],[[112.960549,-7.868087],[112.96082,-7.868087],[112.96082,-7.869177],[112.960549,-7.869177],[112.960549,-7.868087]],[[112.977331,-7.868087],[112.978414,-7.868087],[112.978414,-7.86836],[112.977331,-7.86836],[112.977331,-7.868087]],[[113.023346,-7.868087],[113.023616,-7.868087],[113.023616,-7.868632],[113.023346,-7.868632],[113.023346,-7.868087]],[[112.949993,-7.86836],[112.950263,-7.86836],[112.950263,-7.868905],[112.949993,-7.868905],[112.949993,-7.86836]],[[112.951346,-7.86836],[112.952158,-7.86836],[112.952158,-7.868632],[112.952429,-7.868632],[112.952429,-7.868905],[112.952158,-7.868905],[112.952158,-7.869995],[112.952429,-7.869995],[112.952429,-7.87054],[112.951617,-7.87054],[112.951617,-7.869995],[112.951346,-7.869995],[112.951346,-7.86945],[112.951617,-7.86945],[112.951617,-7.868905],[112.951346,-7.868905],[112.951346,-7.86836]],[[112.965421,-7.86836],[112.965692,-7.86836],[112.965692,-7.868905],[112.965421,-7.868905],[112.965421,-7.86836]],[[112.976789,-7.86836],[112.977331,-7.86836],[112.977331,-7.868632],[112.976789,-7.868632],[112.976789,-7.86836]],[[113.032007,-7.86836],[113.032549,-7.86836],[113.032549,-7.868905],[113.032007,-7.868905],[113.032007,-7.86836]],[[112.953241,-7.868632],[112.954053,-7.868632],[112.954053,-7.868905],[112.953782,-7.868905],[112.953782,-7.869177],[112.953241,-7.869177],[112.953241,-7.86945],[112.953782,-7.86945],[112.953782,-7.869722],[112.953241,-7.869722],[112.953241,-7.869995],[112.953782,-7.869995],[112.953782,-7.870267],[112.954323,-7.870267],[112.954323,-7.87054],[112.95297,-7.87054],[112.95297,-7.871357],[112.953241,-7.871357],[112.953241,-7.871085],[112.953782,-7.871085],[112.953782,-7.872175],[112.954053,-7.872175],[112.954053,-7.87272],[112.953782,-7.87272],[112.953782,-7.872992],[112.953241,-7.872992],[112.953241,-7.87272],[112.95297,-7.87272],[112.95297,-7.872447],[112.952699,-7.872447],[112.952699,-7.871902],[112.952429,-7.871902],[112.952429,-7.871357],[112.952158,-7.871357],[112.952158,-7.871085],[112.952429,-7.871085],[112.952429,-7.87054],[112.952699,-7.87054],[112.952699,-7.870267],[112.95297,-7.870267],[112.95297,-7.868905],[112.953241,-7.868905],[112.953241,-7.868632]],[[113.033361,-7.868632],[113.033631,-7.868632],[113.033631,-7.869177],[113.033361,-7.869177],[113.033361,-7.868632]],[[112.957842,-7.868905],[112.958384,-7.868905],[112.958384,-7.869177],[112.958113,-7.869177],[112.958113,-7.869722],[112.958925,-7.869722],[112.958925,-7.870267],[112.958113,-7.870267],[112.958113,-7.869995],[112.957842,-7.869995],[112.957842,-7.868905]],[[112.96488,-7.868905],[112.96515,-7.868905],[112.96515,-7.869722],[112.96488,-7.869722],[112.96488,-7.870267],[112.964068,-7.870267],[112.964068,-7.869722],[112.963797,-7.869722],[112.963797,-7.86945],[112.963256,-7.86945],[112.963256,-7.869177],[112.96488,-7.869177],[112.96488,-7.868905]],[[113.023887,-7.868905],[113.024428,-7.868905],[113.024428,-7.869177],[113.024158,-7.869177],[113.024158,-7.86945],[113.023887,-7.86945],[113.023887,-7.869722],[113.023616,-7.869722],[113.023616,-7.869177],[113.023887,-7.869177],[113.023887,-7.868905]],[[113.031466,-7.868905],[113.032007,-7.868905],[113.032007,-7.869177],[113.031737,-7.869177],[113.031737,-7.869722],[113.031466,-7.869722],[113.031466,-7.869995],[113.030925,-7.869995],[113.030925,-7.870267],[113.030383,-7.870267],[113.030383,-7.869995],[113.030654,-7.869995],[113.030654,-7.869722],[113.030925,-7.869722],[113.030925,-7.86945],[113.031195,-7.86945],[113.031195,-7.869177],[113.031466,-7.869177],[113.031466,-7.868905]],[[112.954323,-7.869177],[112.954594,-7.869177],[112.954594,-7.86945],[112.954323,-7.86945],[112.954323,-7.869177]],[[112.956489,-7.869177],[112.95703,-7.869177],[112.95703,-7.86945],[112.956759,-7.86945],[112.956759,-7.869722],[112.956489,-7.869722],[112.956489,-7.869177]],[[112.962173,-7.869177],[112.962444,-7.869177],[112.962444,-7.869722],[112.962173,-7.869722],[112.962173,-7.869177]],[[112.962714,-7.869177],[112.962985,-7.869177],[112.962985,-7.86945],[112.962714,-7.86945],[112.962714,-7.869177]],[[113.00115,-7.869177],[113.001421,-7.869177],[113.001421,-7.86945],[113.00115,-7.86945],[113.00115,-7.869177]],[[113.005752,-7.869177],[113.006022,-7.869177],[113.006022,-7.869722],[113.005752,-7.869722],[113.005752,-7.869995],[113.00494,-7.869995],[113.00494,-7.869722],[113.005481,-7.869722],[113.005481,-7.86945],[113.005752,-7.86945],[113.005752,-7.869177]],[[112.960008,-7.86945],[112.960278,-7.86945],[112.960278,-7.869722],[112.960008,-7.869722],[112.960008,-7.86945]],[[112.961632,-7.86945],[112.961902,-7.86945],[112.961902,-7.869722],[112.962173,-7.869722],[112.962173,-7.869995],[112.961902,-7.869995],[112.961902,-7.870267],[112.961632,-7.870267],[112.961632,-7.870812],[112.961361,-7.870812],[112.961361,-7.869995],[112.961632,-7.869995],[112.961632,-7.86945]],[[112.965692,-7.86945],[112.966233,-7.86945],[112.966233,-7.869722],[112.966504,-7.869722],[112.966504,-7.869995],[112.966774,-7.869995],[112.966774,-7.86945],[112.967045,-7.86945],[112.967045,-7.869722],[112.967316,-7.869722],[112.967316,-7.870267],[112.966774,-7.870267],[112.966774,-7.87054],[112.967586,-7.87054],[112.967586,-7.870812],[112.966774,-7.870812],[112.966774,-7.87163],[112.966233,-7.87163],[112.966233,-7.871085],[112.966504,-7.871085],[112.966504,-7.87054],[112.965692,-7.87054],[112.965692,-7.870267],[112.965421,-7.870267],[112.965421,-7.87054],[112.96515,-7.87054],[112.96515,-7.870812],[112.96488,-7.870812],[112.96488,-7.870267],[112.96515,-7.870267],[112.96515,-7.869995],[112.965421,-7.869995],[112.965421,-7.869722],[112.965692,-7.869722],[112.965692,-7.86945]],[[113.032819,-7.86945],[113.03309,-7.86945],[113.03309,-7.869995],[113.032549,-7.869995],[113.032549,-7.869722],[113.032819,-7.869722],[113.032819,-7.86945]],[[112.95703,-7.869722],[112.957301,-7.869722],[112.957301,-7.87054],[112.95703,-7.87054],[112.95703,-7.871357],[112.957571,-7.871357],[112.957571,-7.871902],[112.956759,-7.871902],[112.956759,-7.87163],[112.956218,-7.87163],[112.956218,-7.87054],[112.955406,-7.87054],[112.955406,-7.870267],[112.956489,-7.870267],[112.956489,-7.871085],[112.956759,-7.871085],[112.956759,-7.870267],[112.95703,-7.870267],[112.95703,-7.869722]],[[112.962985,-7.869722],[112.963256,-7.869722],[112.963256,-7.869995],[112.962985,-7.869995],[112.962985,-7.869722]],[[113.002233,-7.869722],[113.002504,-7.869722],[113.002504,-7.869995],[113.002233,-7.869995],[113.002233,-7.869722]],[[112.962444,-7.869995],[112.962985,-7.869995],[112.962985,-7.870812],[112.962714,-7.870812],[112.962714,-7.870267],[112.962444,-7.870267],[112.962444,-7.869995]],[[112.973541,-7.869995],[112.973812,-7.869995],[112.973812,-7.870267],[112.973541,-7.870267],[112.973541,-7.869995]],[[113.008459,-7.869995],[113.009,-7.869995],[113.009,-7.870267],[113.008459,-7.870267],[113.008459,-7.869995]],[[112.957842,-7.870267],[112.958113,-7.870267],[112.958113,-7.87054],[112.957842,-7.87054],[112.957842,-7.870267]],[[112.959737,-7.870267],[112.960278,-7.870267],[112.960278,-7.87054],[112.960549,-7.87054],[112.960549,-7.87163],[112.96109,-7.87163],[112.96109,-7.871902],[112.960549,-7.871902],[112.960549,-7.872992],[112.96109,-7.872992],[112.96109,-7.87272],[112.961361,-7.87272],[112.961361,-7.871902],[112.961632,-7.871902],[112.961632,-7.870812],[112.962173,-7.870812],[112.962173,-7.871357],[112.962714,-7.871357],[112.962714,-7.871902],[112.962173,-7.871902],[112.962173,-7.872175],[112.961902,-7.872175],[112.961902,-7.872447],[112.961632,-7.872447],[112.961632,-7.873265],[112.961361,-7.873265],[112.961361,-7.873537],[112.960549,-7.873537],[112.960549,-7.873265],[112.960008,-7.873265],[112.960008,-7.87272],[112.959737,-7.87272],[112.959737,-7.872175],[112.959466,-7.872175],[112.959466,-7.87163],[112.960008,-7.87163],[112.960008,-7.871357],[112.959737,-7.871357],[112.959737,-7.870267]],[[112.962173,-7.870267],[112.962444,-7.870267],[112.962444,-7.87054],[112.962173,-7.87054],[112.962173,-7.870267]],[[113.008188,-7.870267],[113.008459,-7.870267],[113.008459,-7.870812],[113.008188,-7.870812],[113.008188,-7.870267]],[[112.971917,-7.87054],[112.972188,-7.87054],[112.972188,-7.870812],[112.971917,-7.870812],[112.971917,-7.87054]],[[112.958113,-7.870812],[112.958925,-7.870812],[112.958925,-7.87163],[112.958113,-7.87163],[112.958113,-7.870812]],[[112.971647,-7.870812],[112.971917,-7.870812],[112.971917,-7.871085],[112.971647,-7.871085],[112.971647,-7.870812]],[[113.007917,-7.870812],[113.008188,-7.870812],[113.008188,-7.871085],[113.007917,-7.871085],[113.007917,-7.870812]],[[113.033361,-7.870812],[113.033631,-7.870812],[113.033631,-7.871085],[113.033902,-7.871085],[113.033902,-7.87163],[113.033631,-7.87163],[113.033631,-7.871902],[113.033361,-7.871902],[113.033361,-7.872175],[113.03309,-7.872175],[113.03309,-7.871085],[113.033361,-7.871085],[113.033361,-7.870812]],[[112.949993,-7.871085],[112.950534,-7.871085],[112.950534,-7.871357],[112.950805,-7.871357],[112.950805,-7.871902],[112.950534,-7.871902],[112.950534,-7.87163],[112.950263,-7.87163],[112.950263,-7.871357],[112.949993,-7.871357],[112.949993,-7.871085]],[[112.954594,-7.871085],[112.954865,-7.871085],[112.954865,-7.871357],[112.954594,-7.871357],[112.954594,-7.871085]],[[112.96515,-7.871085],[112.965421,-7.871085],[112.965421,-7.871902],[112.96488,-7.871902],[112.96488,-7.87163],[112.96515,-7.87163],[112.96515,-7.871085]],[[112.96894,-7.871085],[112.969481,-7.871085],[112.969481,-7.87163],[112.969211,-7.87163],[112.969211,-7.871902],[112.969481,-7.871902],[112.969481,-7.87272],[112.969211,-7.87272],[112.969211,-7.872175],[112.96894,-7.872175],[112.96894,-7.871085]],[[112.955135,-7.871357],[112.955677,-7.871357],[112.955677,-7.871902],[112.955135,-7.871902],[112.955135,-7.872175],[112.954865,-7.872175],[112.954865,-7.87163],[112.955135,-7.87163],[112.955135,-7.871357]],[[112.970835,-7.871357],[112.971105,-7.871357],[112.971105,-7.872992],[112.970835,-7.872992],[112.970835,-7.873265],[112.971105,-7.873265],[112.971105,-7.873537],[112.971376,-7.873537],[112.971376,-7.87381],[112.971647,-7.87381],[112.971647,-7.875172],[112.971376,-7.875172],[112.971376,-7.875445],[112.971647,-7.875445],[112.971647,-7.875717],[112.972459,-7.875717],[112.972459,-7.87599],[112.972729,-7.87599],[112.972729,-7.876263],[112.971917,-7.876263],[112.971917,-7.877353],[112.971105,-7.877353],[112.971105,-7.877898],[112.970835,-7.877898],[112.970835,-7.87817],[112.969752,-7.87817],[112.969752,-7.878443],[112.969481,-7.878443],[112.969481,-7.878715],[112.969211,-7.878715],[112.969211,-7.878988],[112.968128,-7.878988],[112.968128,-7.879805],[112.967316,-7.879805],[112.967316,-7.879533],[112.967586,-7.879533],[112.967586,-7.878988],[112.967316,-7.878988],[112.967316,-7.878715],[112.967045,-7.878715],[112.967045,-7.878443],[112.967316,-7.878443],[112.967316,-7.877898],[112.966504,-7.877898],[112.966504,-7.87817],[112.966774,-7.87817],[112.966774,-7.878443],[112.966504,-7.878443],[112.966504,-7.879533],[112.966233,-7.879533],[112.966233,-7.878715],[112.965962,-7.878715],[112.965962,-7.877353],[112.966233,-7.877353],[112.966233,-7.87708],[112.966504,-7.87708],[112.966504,-7.876808],[112.966233,-7.876808],[112.966233,-7.876263],[112.966774,-7.876263],[112.966774,-7.87599],[112.967045,-7.87599],[112.967045,-7.875717],[112.967586,-7.875717],[112.967586,-7.876808],[112.967045,-7.876808],[112.967045,-7.877353],[112.967316,-7.877353],[112.967316,-7.877625],[112.967857,-7.877625],[112.967857,-7.87708],[112.968669,-7.87708],[112.968669,-7.876535],[112.96894,-7.876535],[112.96894,-7.877353],[112.968669,-7.877353],[112.968669,-7.877625],[112.968399,-7.877625],[112.968399,-7.877898],[112.968669,-7.877898],[112.968669,-7.87817],[112.96894,-7.87817],[112.96894,-7.877898],[112.969752,-7.877898],[112.969752,-7.877625],[112.970023,-7.877625],[112.970023,-7.87708],[112.969752,-7.87708],[112.969752,-7.875445],[112.970023,-7.875445],[112.970023,-7.874627],[112.970293,-7.874627],[112.970293,-7.874355],[112.971105,-7.874355],[112.971105,-7.87381],[112.970835,-7.87381],[112.970835,-7.873537],[112.970293,-7.873537],[112.970293,-7.873265],[112.970023,-7.873265],[112.970023,-7.871902],[112.970293,-7.871902],[112.970293,-7.87163],[112.970835,-7.87163],[112.970835,-7.871357]],[[113.004669,-7.871357],[113.00494,-7.871357],[113.00494,-7.87163],[113.004669,-7.87163],[113.004669,-7.871357]],[[113.017932,-7.871357],[113.018744,-7.871357],[113.018744,-7.87163],[113.017932,-7.87163],[113.017932,-7.871357]],[[112.957842,-7.87163],[112.958113,-7.87163],[112.958113,-7.872175],[112.957842,-7.872175],[112.957842,-7.87163]],[[112.963526,-7.87163],[112.964068,-7.87163],[112.964068,-7.871902],[112.964338,-7.871902],[112.964338,-7.872175],[112.963797,-7.872175],[112.963797,-7.871902],[112.963526,-7.871902],[112.963526,-7.87163]],[[112.962985,-7.871902],[112.963526,-7.871902],[112.963526,-7.872175],[112.962985,-7.872175],[112.962985,-7.871902]],[[112.967857,-7.871902],[112.968399,-7.871902],[112.968399,-7.872175],[112.967857,-7.872175],[112.967857,-7.871902]],[[113.000609,-7.871902],[113.00088,-7.871902],[113.00088,-7.872175],[113.000609,-7.872175],[113.000609,-7.871902]],[[112.952158,-7.872175],[112.952429,-7.872175],[112.952429,-7.872992],[112.952158,-7.872992],[112.952158,-7.872175]],[[113.002774,-7.872175],[113.003045,-7.872175],[113.003045,-7.872447],[113.002774,-7.872447],[113.002774,-7.872175]],[[113.032278,-7.872175],[113.032549,-7.872175],[113.032549,-7.87272],[113.031737,-7.87272],[113.031737,-7.872447],[113.032278,-7.872447],[113.032278,-7.872175]],[[112.950263,-7.872447],[112.950534,-7.872447],[112.950534,-7.87272],[112.950805,-7.87272],[112.950805,-7.872447],[112.951346,-7.872447],[112.951346,-7.872992],[112.951887,-7.872992],[112.951887,-7.873537],[112.951617,-7.873537],[112.951617,-7.874627],[112.952158,-7.874627],[112.952158,-7.8749],[112.951887,-7.8749],[112.951887,-7.875445],[112.952429,-7.875445],[112.952429,-7.876263],[112.952158,-7.876263],[112.952158,-7.875717],[112.951617,-7.875717],[112.951617,-7.875445],[112.951346,-7.875445],[112.951346,-7.8749],[112.951075,-7.8749],[112.951075,-7.874627],[112.951346,-7.874627],[112.951346,-7.874082],[112.950805,-7.874082],[112.950805,-7.873537],[112.950534,-7.873537],[112.950534,-7.872992],[112.950263,-7.872992],[112.950263,-7.872447]],[[112.967045,-7.872447],[112.967316,-7.872447],[112.967316,-7.87272],[112.967045,-7.87272],[112.967045,-7.872447]],[[112.955677,-7.87272],[112.956218,-7.87272],[112.956218,-7.872992],[112.955677,-7.872992],[112.955677,-7.87272]],[[112.959196,-7.87272],[112.959466,-7.87272],[112.959466,-7.873537],[112.959196,-7.873537],[112.959196,-7.874082],[112.958654,-7.874082],[112.958654,-7.873265],[112.959196,-7.873265],[112.959196,-7.87272]],[[112.962173,-7.87272],[112.962444,-7.87272],[112.962444,-7.872992],[112.962173,-7.872992],[112.962173,-7.87272]],[[112.962985,-7.87272],[112.963797,-7.87272],[112.963797,-7.872992],[112.962985,-7.872992],[112.962985,-7.87272]],[[112.966233,-7.87272],[112.967045,-7.87272],[112.967045,-7.873265],[112.967316,-7.873265],[112.967316,-7.873537],[112.966774,-7.873537],[112.966774,-7.873265],[112.966504,-7.873265],[112.966504,-7.872992],[112.966233,-7.872992],[112.966233,-7.87272]],[[113.030113,-7.87272],[113.031195,-7.87272],[113.031195,-7.872992],[113.030654,-7.872992],[113.030654,-7.873265],[113.030383,-7.873265],[113.030383,-7.873537],[113.030113,-7.873537],[113.030113,-7.87381],[113.029842,-7.87381],[113.029842,-7.872992],[113.030113,-7.872992],[113.030113,-7.87272]],[[112.954053,-7.872992],[112.954323,-7.872992],[112.954323,-7.873265],[112.954594,-7.873265],[112.954594,-7.874627],[112.954323,-7.874627],[112.954323,-7.874355],[112.954053,-7.874355],[112.954053,-7.872992]],[[112.962444,-7.872992],[112.962985,-7.872992],[112.962985,-7.873265],[112.962714,-7.873265],[112.962714,-7.873537],[112.962444,-7.873537],[112.962444,-7.872992]],[[112.968669,-7.872992],[112.96894,-7.872992],[112.96894,-7.873265],[112.968669,-7.873265],[112.968669,-7.872992]],[[113.022534,-7.872992],[113.022804,-7.872992],[113.022804,-7.87381],[113.022534,-7.87381],[113.022534,-7.874082],[113.021992,-7.874082],[113.021992,-7.873265],[113.022534,-7.873265],[113.022534,-7.872992]],[[113.031195,-7.873265],[113.031737,-7.873265],[113.031737,-7.873537],[113.031466,-7.873537],[113.031466,-7.87381],[113.030925,-7.87381],[113.030925,-7.873537],[113.031195,-7.873537],[113.031195,-7.873265]],[[112.965962,-7.873537],[112.966233,-7.873537],[112.966233,-7.87381],[112.965962,-7.87381],[112.965962,-7.873537]],[[112.955406,-7.87381],[112.955677,-7.87381],[112.955677,-7.874082],[112.955406,-7.874082],[112.955406,-7.87381]],[[112.966504,-7.87381],[112.966774,-7.87381],[112.966774,-7.874355],[112.966504,-7.874355],[112.966504,-7.87381]],[[112.967857,-7.87381],[112.968399,-7.87381],[112.968399,-7.874627],[112.967586,-7.874627],[112.967586,-7.874355],[112.967857,-7.874355],[112.967857,-7.87381]],[[112.969211,-7.87381],[112.969481,-7.87381],[112.969481,-7.874355],[112.969752,-7.874355],[112.969752,-7.8749],[112.969481,-7.8749],[112.969481,-7.874627],[112.969211,-7.874627],[112.969211,-7.87381]],[[112.958113,-7.874082],[112.958654,-7.874082],[112.958654,-7.874627],[112.958113,-7.874627],[112.958113,-7.874082]],[[112.963526,-7.874082],[112.964338,-7.874082],[112.964338,-7.874355],[112.964068,-7.874355],[112.964068,-7.8749],[112.964338,-7.8749],[112.964338,-7.875172],[112.964609,-7.875172],[112.964609,-7.875445],[112.96488,-7.875445],[112.96488,-7.875717],[112.964609,-7.875717],[112.964609,-7.876263],[112.963797,-7.876263],[112.963797,-7.87599],[112.963526,-7.87599],[112.963526,-7.87708],[112.962985,-7.87708],[112.962985,-7.877353],[112.962444,-7.877353],[112.962444,-7.87708],[112.962173,-7.87708],[112.962173,-7.87599],[112.962714,-7.87599],[112.962714,-7.876263],[112.962985,-7.876263],[112.962985,-7.8749],[112.962714,-7.8749],[112.962714,-7.874355],[112.962985,-7.874355],[112.962985,-7.874627],[112.963526,-7.874627],[112.963526,-7.874082]],[[113.020639,-7.874082],[113.02091,-7.874082],[113.02091,-7.874627],[113.020639,-7.874627],[113.020639,-7.874082]],[[113.029301,-7.874082],[113.029842,-7.874082],[113.029842,-7.874627],[113.029301,-7.874627],[113.029301,-7.874082]],[[112.959466,-7.874355],[112.960008,-7.874355],[112.960008,-7.874627],[112.960549,-7.874627],[112.960549,-7.8749],[112.96109,-7.8749],[112.96109,-7.874627],[112.961361,-7.874627],[112.961361,-7.875445],[112.960549,-7.875445],[112.960549,-7.875717],[112.960278,-7.875717],[112.960278,-7.87599],[112.960549,-7.87599],[112.960549,-7.876535],[112.960278,-7.876535],[112.960278,-7.876808],[112.96082,-7.876808],[112.96082,-7.877353],[112.960278,-7.877353],[112.960278,-7.877625],[112.960008,-7.877625],[112.960008,-7.877353],[112.959466,-7.877353],[112.959466,-7.875445],[112.959737,-7.875445],[112.959737,-7.8749],[112.959466,-7.8749],[112.959466,-7.874355]],[[112.954594,-7.874627],[112.954865,-7.874627],[112.954865,-7.8749],[112.955406,-7.8749],[112.955406,-7.875445],[112.954594,-7.875445],[112.954594,-7.874627]],[[112.955406,-7.874627],[112.955677,-7.874627],[112.955677,-7.8749],[112.955406,-7.8749],[112.955406,-7.874627]],[[112.965962,-7.874627],[112.966233,-7.874627],[112.966233,-7.8749],[112.965962,-7.8749],[112.965962,-7.874627]],[[112.966774,-7.874627],[112.967045,-7.874627],[112.967045,-7.8749],[112.966774,-7.8749],[112.966774,-7.874627]],[[112.967316,-7.874627],[112.967586,-7.874627],[112.967586,-7.8749],[112.967857,-7.8749],[112.967857,-7.875445],[112.967586,-7.875445],[112.967586,-7.875172],[112.967316,-7.875172],[112.967316,-7.874627]],[[112.96894,-7.874627],[112.969211,-7.874627],[112.969211,-7.8749],[112.96894,-7.8749],[112.96894,-7.874627]],[[113.020368,-7.874627],[113.020639,-7.874627],[113.020639,-7.8749],[113.020368,-7.8749],[113.020368,-7.874627]],[[113.027677,-7.874627],[113.028489,-7.874627],[113.028489,-7.8749],[113.028759,-7.8749],[113.028759,-7.875172],[113.028218,-7.875172],[113.028218,-7.875445],[113.028759,-7.875445],[113.028759,-7.875717],[113.028489,-7.875717],[113.028489,-7.87599],[113.027406,-7.87599],[113.027406,-7.875445],[113.027947,-7.875445],[113.027947,-7.875172],[113.027406,-7.875172],[113.027406,-7.8749],[113.027677,-7.8749],[113.027677,-7.874627]],[[112.961902,-7.8749],[112.962173,-7.8749],[112.962173,-7.875172],[112.961902,-7.875172],[112.961902,-7.8749]],[[112.96515,-7.8749],[112.965962,-7.8749],[112.965962,-7.87599],[112.965421,-7.87599],[112.965421,-7.875445],[112.96515,-7.875445],[112.96515,-7.8749]],[[112.966504,-7.8749],[112.966774,-7.8749],[112.966774,-7.875172],[112.966504,-7.875172],[112.966504,-7.8749]],[[113.031195,-7.8749],[113.031466,-7.8749],[113.031466,-7.875445],[113.031195,-7.875445],[113.031195,-7.875717],[113.030925,-7.875717],[113.030925,-7.87599],[113.030654,-7.87599],[113.030654,-7.876808],[113.030383,-7.876808],[113.030383,-7.87708],[113.029842,-7.87708],[113.029842,-7.876808],[113.030113,-7.876808],[113.030113,-7.875717],[113.030383,-7.875717],[113.030383,-7.875445],[113.030925,-7.875445],[113.030925,-7.875172],[113.031195,-7.875172],[113.031195,-7.8749]],[[112.952429,-7.875172],[112.952699,-7.875172],[112.952699,-7.875445],[112.952429,-7.875445],[112.952429,-7.875172]],[[112.957301,-7.875172],[112.958113,-7.875172],[112.958113,-7.876535],[112.958384,-7.876535],[112.958384,-7.87708],[112.957571,-7.87708],[112.957571,-7.877625],[112.957842,-7.877625],[112.957842,-7.877353],[112.958384,-7.877353],[112.958384,-7.87926],[112.958654,-7.87926],[112.958654,-7.880623],[112.958384,-7.880623],[112.958384,-7.879533],[112.957842,-7.879533],[112.957842,-7.87817],[112.957301,-7.87817],[112.957301,-7.875172]],[[112.96894,-7.875172],[112.969211,-7.875172],[112.969211,-7.87599],[112.969481,-7.87599],[112.969481,-7.876263],[112.969211,-7.876263],[112.969211,-7.876535],[112.96894,-7.876535],[112.96894,-7.876263],[112.968669,-7.876263],[112.968669,-7.87599],[112.968399,-7.87599],[112.968399,-7.875717],[112.96894,-7.875717],[112.96894,-7.875172]],[[112.955406,-7.875445],[112.955677,-7.875445],[112.955677,-7.875717],[112.956218,-7.875717],[112.956218,-7.87599],[112.956489,-7.87599],[112.956489,-7.87708],[112.956759,-7.87708],[112.956759,-7.87817],[112.95703,-7.87817],[112.95703,-7.878715],[112.956489,-7.878715],[112.956489,-7.87926],[112.956218,-7.87926],[112.956218,-7.87817],[112.955947,-7.87817],[112.955947,-7.877898],[112.956218,-7.877898],[112.956218,-7.877353],[112.955947,-7.877353],[112.955947,-7.87708],[112.955406,-7.87708],[112.955406,-7.875445]],[[112.958654,-7.875445],[112.959196,-7.875445],[112.959196,-7.875717],[112.958654,-7.875717],[112.958654,-7.875445]],[[112.966233,-7.875445],[112.966504,-7.875445],[112.966504,-7.875717],[112.966233,-7.875717],[112.966233,-7.875445]],[[112.976519,-7.875445],[112.976789,-7.875445],[112.976789,-7.875717],[112.976519,-7.875717],[112.976519,-7.875445]],[[112.953511,-7.875717],[112.954594,-7.875717],[112.954594,-7.876263],[112.954323,-7.876263],[112.954323,-7.876535],[112.953511,-7.876535],[112.953511,-7.875717]],[[112.96109,-7.875717],[112.961902,-7.875717],[112.961902,-7.87599],[112.961632,-7.87599],[112.961632,-7.876263],[112.961902,-7.876263],[112.961902,-7.87817],[112.962173,-7.87817],[112.962173,-7.878715],[112.962714,-7.878715],[112.962714,-7.879805],[112.962444,-7.879805],[112.962444,-7.880078],[112.963256,-7.880078],[112.963256,-7.880623],[112.962714,-7.880623],[112.962714,-7.88144],[112.963256,-7.88144],[112.963256,-7.88253],[112.962714,-7.88253],[112.962714,-7.882803],[112.962444,-7.882803],[112.962444,-7.883075],[112.961632,-7.883075],[112.961632,-7.882803],[112.961361,-7.882803],[112.961361,-7.883075],[112.96082,-7.883075],[112.96082,-7.883893],[112.960008,-7.883893],[112.960008,-7.884438],[112.959737,-7.884438],[112.959737,-7.884983],[112.959196,-7.884983],[112.959196,-7.885255],[112.958384,-7.885255],[112.958384,-7.884983],[112.958113,-7.884983],[112.958113,-7.885255],[112.957571,-7.885255],[112.957571,-7.885528],[112.957301,-7.885528],[112.957301,-7.884983],[112.957571,-7.884983],[112.957571,-7.88362],[112.957842,-7.88362],[112.957842,-7.883348],[112.958384,-7.883348],[112.958384,-7.88362],[112.958654,-7.88362],[112.958654,-7.88471],[112.959196,-7.88471],[112.959196,-7.88362],[112.959466,-7.88362],[112.959466,-7.88144],[112.960008,-7.88144],[112.960008,-7.882258],[112.960278,-7.882258],[112.960278,-7.88144],[112.96109,-7.88144],[112.96109,-7.881985],[112.962173,-7.881985],[112.962173,-7.88144],[112.962444,-7.88144],[112.962444,-7.881168],[112.962173,-7.881168],[112.962173,-7.880623],[112.961632,-7.880623],[112.961632,-7.88035],[112.962173,-7.88035],[112.962173,-7.879805],[112.961632,-7.879805],[112.961632,-7.880078],[112.96109,-7.880078],[112.96109,-7.880895],[112.96082,-7.880895],[112.96082,-7.880078],[112.960008,-7.880078],[112.960008,-7.879805],[112.959737,-7.879805],[112.959737,-7.879533],[112.959196,-7.879533],[112.959196,-7.87926],[112.959466,-7.87926],[112.959466,-7.878443],[112.959196,-7.878443],[112.959196,-7.87817],[112.959466,-7.87817],[112.959466,-7.877898],[112.959737,-7.877898],[112.959737,-7.878443],[112.960008,-7.878443],[112.960008,-7.87926],[112.961361,-7.87926],[112.961361,-7.878715],[112.96109,-7.878715],[112.96109,-7.878443],[112.961361,-7.878443],[112.961361,-7.877625],[112.96109,-7.877625],[112.96109,-7.875717]],[[112.976789,-7.875717],[112.97706,-7.875717],[112.97706,-7.87599],[112.976789,-7.87599],[112.976789,-7.875717]],[[113.020639,-7.875717],[113.02091,-7.875717],[113.02091,-7.87599],[113.020639,-7.87599],[113.020639,-7.875717]],[[112.951346,-7.876263],[112.951887,-7.876263],[112.951887,-7.876535],[112.951346,-7.876535],[112.951346,-7.876263]],[[112.952429,-7.876263],[112.95297,-7.876263],[112.95297,-7.87708],[112.952699,-7.87708],[112.952699,-7.876808],[112.952429,-7.876808],[112.952429,-7.876263]],[[112.972729,-7.876263],[112.973271,-7.876263],[112.973271,-7.876535],[112.972729,-7.876535],[112.972729,-7.876263]],[[113.027947,-7.876263],[113.028218,-7.876263],[113.028218,-7.876808],[113.027947,-7.876808],[113.027947,-7.876263]],[[112.969211,-7.876535],[112.969481,-7.876535],[112.969481,-7.87708],[112.969211,-7.87708],[112.969211,-7.876535]],[[112.964609,-7.87708],[112.96488,-7.87708],[112.96488,-7.877353],[112.964609,-7.877353],[112.964609,-7.87708]],[[112.963526,-7.877353],[112.964338,-7.877353],[112.964338,-7.877625],[112.964609,-7.877625],[112.964609,-7.877898],[112.964338,-7.877898],[112.964338,-7.878443],[112.964068,-7.878443],[112.964068,-7.878715],[112.963797,-7.878715],[112.963797,-7.87817],[112.964068,-7.87817],[112.964068,-7.877898],[112.963526,-7.877898],[112.963526,-7.87817],[112.963256,-7.87817],[112.963256,-7.877625],[112.963526,-7.877625],[112.963526,-7.877353]],[[112.976519,-7.877353],[112.976789,-7.877353],[112.976789,-7.877625],[112.976519,-7.877625],[112.976519,-7.877353]],[[113.029301,-7.877353],[113.029842,-7.877353],[113.029842,-7.877625],[113.029301,-7.877625],[113.029301,-7.877353]],[[112.96515,-7.877625],[112.965421,-7.877625],[112.965421,-7.877898],[112.96515,-7.877898],[112.96515,-7.877625]],[[112.976789,-7.877625],[112.977331,-7.877625],[112.977331,-7.87817],[112.977601,-7.87817],[112.977601,-7.878715],[112.977331,-7.878715],[112.977331,-7.878443],[112.976789,-7.878443],[112.976789,-7.877625]],[[113.024158,-7.877625],[113.024699,-7.877625],[113.024699,-7.877898],[113.024158,-7.877898],[113.024158,-7.877625]],[[113.023887,-7.877898],[113.024158,-7.877898],[113.024158,-7.87817],[113.023887,-7.87817],[113.023887,-7.877898]],[[112.954594,-7.87817],[112.954865,-7.87817],[112.954865,-7.878443],[112.954594,-7.878443],[112.954594,-7.87817]],[[112.96488,-7.87817],[112.965692,-7.87817],[112.965692,-7.878443],[112.96488,-7.878443],[112.96488,-7.87817]],[[112.978143,-7.87817],[112.978414,-7.87817],[112.978414,-7.878443],[112.978143,-7.878443],[112.978143,-7.87817]],[[113.022804,-7.87817],[113.023616,-7.87817],[113.023616,-7.878443],[113.023075,-7.878443],[113.023075,-7.879533],[113.022804,-7.879533],[113.022804,-7.880078],[113.022534,-7.880078],[113.022534,-7.88035],[113.021451,-7.88035],[113.021451,-7.880078],[113.021722,-7.880078],[113.021722,-7.879805],[113.022263,-7.879805],[113.022263,-7.87926],[113.022534,-7.87926],[113.022534,-7.878443],[113.022804,-7.878443],[113.022804,-7.87817]],[[112.975707,-7.878443],[112.975977,-7.878443],[112.975977,-7.878988],[112.976789,-7.878988],[112.976789,-7.87926],[112.97706,-7.87926],[112.97706,-7.88035],[112.976789,-7.88035],[112.976789,-7.879533],[112.976519,-7.879533],[112.976519,-7.879805],[112.976248,-7.879805],[112.976248,-7.880078],[112.975977,-7.880078],[112.975977,-7.880623],[112.975707,-7.880623],[112.975707,-7.878443]],[[112.964609,-7.878715],[112.96488,-7.878715],[112.96488,-7.879533],[112.964609,-7.879533],[112.964609,-7.878715]],[[112.977601,-7.87926],[112.978143,-7.87926],[112.978143,-7.880078],[112.977601,-7.880078],[112.977601,-7.880623],[112.978955,-7.880623],[112.978955,-7.880895],[112.978414,-7.880895],[112.978414,-7.881168],[112.978143,-7.881168],[112.978143,-7.88144],[112.977872,-7.88144],[112.977872,-7.881713],[112.977331,-7.881713],[112.977331,-7.881985],[112.976789,-7.881985],[112.976789,-7.881713],[112.976519,-7.881713],[112.976519,-7.88144],[112.975977,-7.88144],[112.975977,-7.880895],[112.976248,-7.880895],[112.976248,-7.881168],[112.97706,-7.881168],[112.97706,-7.880895],[112.977331,-7.880895],[112.977331,-7.879533],[112.977601,-7.879533],[112.977601,-7.87926]],[[113.023887,-7.87926],[113.024158,-7.87926],[113.024158,-7.879533],[113.023887,-7.879533],[113.023887,-7.87926]],[[112.955947,-7.879533],[112.956218,-7.879533],[112.956218,-7.879805],[112.955947,-7.879805],[112.955947,-7.879533]],[[112.979767,-7.879533],[112.980038,-7.879533],[112.980038,-7.88035],[112.979767,-7.88035],[112.979767,-7.879533]],[[112.959466,-7.879805],[112.959737,-7.879805],[112.959737,-7.880623],[112.959466,-7.880623],[112.959466,-7.879805]],[[112.963526,-7.879805],[112.963797,-7.879805],[112.963797,-7.880078],[112.963526,-7.880078],[112.963526,-7.879805]],[[112.96515,-7.879805],[112.966233,-7.879805],[112.966233,-7.880078],[112.96515,-7.880078],[112.96515,-7.879805]],[[112.967045,-7.879805],[112.967316,-7.879805],[112.967316,-7.880078],[112.967045,-7.880078],[112.967045,-7.879805]],[[112.956489,-7.880078],[112.95703,-7.880078],[112.95703,-7.88035],[112.957301,-7.88035],[112.957301,-7.880623],[112.957571,-7.880623],[112.957571,-7.881168],[112.95703,-7.881168],[112.95703,-7.881985],[112.958384,-7.881985],[112.958384,-7.883075],[112.957571,-7.883075],[112.957571,-7.882803],[112.956489,-7.882803],[112.956489,-7.883075],[112.956759,-7.883075],[112.956759,-7.883348],[112.956489,-7.883348],[112.956489,-7.88362],[112.956759,-7.88362],[112.956759,-7.883893],[112.95703,-7.883893],[112.95703,-7.88471],[112.956759,-7.88471],[112.956759,-7.884438],[112.956218,-7.884438],[112.956218,-7.881985],[112.956489,-7.881985],[112.956489,-7.881713],[112.956218,-7.881713],[112.956218,-7.880623],[112.955947,-7.880623],[112.955947,-7.88035],[112.956489,-7.88035],[112.956489,-7.880078]],[[112.966504,-7.880078],[112.966774,-7.880078],[112.966774,-7.88035],[112.966504,-7.88035],[112.966504,-7.880078]],[[112.968128,-7.880078],[112.968399,-7.880078],[112.968399,-7.88035],[112.968128,-7.88035],[112.968128,-7.880078]],[[112.965692,-7.88035],[112.965962,-7.88035],[112.965962,-7.880623],[112.965692,-7.880623],[112.965692,-7.88035]],[[112.967045,-7.88035],[112.967316,-7.88035],[112.967316,-7.880623],[112.967045,-7.880623],[112.967045,-7.88035]],[[112.967586,-7.88035],[112.968128,-7.88035],[112.968128,-7.880623],[112.967586,-7.880623],[112.967586,-7.88035]],[[112.983015,-7.88035],[112.983286,-7.88035],[112.983286,-7.880623],[112.983015,-7.880623],[112.983015,-7.88035]],[[112.981391,-7.880623],[112.981662,-7.880623],[112.981662,-7.880895],[112.981391,-7.880895],[112.981391,-7.880623]],[[112.982203,-7.880623],[112.982474,-7.880623],[112.982474,-7.880895],[112.982203,-7.880895],[112.982203,-7.880623]],[[112.967316,-7.880895],[112.967586,-7.880895],[112.967586,-7.881168],[112.967316,-7.881168],[112.967316,-7.880895]],[[112.979767,-7.880895],[112.98085,-7.880895],[112.98085,-7.881168],[112.98112,-7.881168],[112.98112,-7.881985],[112.98085,-7.881985],[112.98085,-7.882258],[112.980579,-7.882258],[112.980579,-7.882803],[112.980308,-7.882803],[112.980308,-7.882258],[112.979767,-7.882258],[112.979767,-7.882803],[112.979226,-7.882803],[112.979226,-7.882258],[112.978684,-7.882258],[112.978684,-7.881985],[112.978955,-7.881985],[112.978955,-7.881713],[112.979496,-7.881713],[112.979496,-7.881168],[112.979767,-7.881168],[112.979767,-7.880895]],[[112.989511,-7.880895],[112.989782,-7.880895],[112.989782,-7.881168],[112.989511,-7.881168],[112.989511,-7.880895]],[[112.991677,-7.881168],[112.991947,-7.881168],[112.991947,-7.88144],[112.992759,-7.88144],[112.992759,-7.881713],[112.992218,-7.881713],[112.992218,-7.881985],[112.991406,-7.881985],[112.991406,-7.88253],[112.990865,-7.88253],[112.990865,-7.881985],[112.991135,-7.881985],[112.991135,-7.881713],[112.991406,-7.881713],[112.991406,-7.88144],[112.991677,-7.88144],[112.991677,-7.881168]],[[113.019015,-7.881168],[113.019286,-7.881168],[113.019286,-7.881713],[113.019015,-7.881713],[113.019015,-7.881168]],[[113.022263,-7.881168],[113.022534,-7.881168],[113.022534,-7.88144],[113.022263,-7.88144],[113.022263,-7.881168]],[[112.964609,-7.88144],[112.96488,-7.88144],[112.96488,-7.881985],[112.964609,-7.881985],[112.964609,-7.88144]],[[112.966233,-7.88144],[112.966504,-7.88144],[112.966504,-7.881713],[112.968399,-7.881713],[112.968399,-7.883075],[112.967586,-7.883075],[112.967586,-7.882803],[112.966774,-7.882803],[112.966774,-7.88253],[112.966504,-7.88253],[112.966504,-7.883348],[112.965962,-7.883348],[112.965962,-7.88362],[112.96515,-7.88362],[112.96515,-7.883893],[112.964068,-7.883893],[112.964068,-7.88362],[112.964338,-7.88362],[112.964338,-7.883075],[112.963797,-7.883075],[112.963797,-7.882803],[112.96488,-7.882803],[112.96488,-7.883075],[112.96515,-7.883075],[112.96515,-7.88253],[112.965692,-7.88253],[112.965692,-7.882258],[112.965962,-7.882258],[112.965962,-7.881713],[112.966233,-7.881713],[112.966233,-7.88144]],[[112.989511,-7.88144],[112.989782,-7.88144],[112.989782,-7.881713],[112.989511,-7.881713],[112.989511,-7.88144]],[[112.989241,-7.881713],[112.989511,-7.881713],[112.989511,-7.881985],[112.989241,-7.881985],[112.989241,-7.881713]],[[113.02118,-7.881713],[113.022263,-7.881713],[113.022263,-7.881985],[113.021451,-7.881985],[113.021451,-7.882258],[113.02091,-7.882258],[113.02091,-7.88253],[113.019827,-7.88253],[113.019827,-7.882258],[113.020639,-7.882258],[113.020639,-7.881985],[113.02118,-7.881985],[113.02118,-7.881713]],[[112.98897,-7.881985],[112.989241,-7.881985],[112.989241,-7.88253],[112.98897,-7.88253],[112.98897,-7.883075],[112.988699,-7.883075],[112.988699,-7.882258],[112.98897,-7.882258],[112.98897,-7.881985]],[[113.040398,-7.881985],[113.040669,-7.881985],[113.040669,-7.882258],[113.040398,-7.882258],[113.040398,-7.881985]],[[112.976789,-7.88253],[112.977872,-7.88253],[112.977872,-7.882803],[112.977331,-7.882803],[112.977331,-7.883075],[112.976248,-7.883075],[112.976248,-7.882803],[112.976789,-7.882803],[112.976789,-7.88253]],[[112.990594,-7.88253],[112.990865,-7.88253],[112.990865,-7.883075],[112.990594,-7.883075],[112.990594,-7.88253]],[[113.019286,-7.88253],[113.019827,-7.88253],[113.019827,-7.882803],[113.019286,-7.882803],[113.019286,-7.88253]],[[113.019015,-7.882803],[113.019286,-7.882803],[113.019286,-7.883075],[113.019015,-7.883075],[113.019015,-7.882803]],[[112.963256,-7.883075],[112.963797,-7.883075],[112.963797,-7.884165],[112.962444,-7.884165],[112.962444,-7.884983],[112.961902,-7.884983],[112.961902,-7.88471],[112.961361,-7.88471],[112.961361,-7.8858],[112.962173,-7.8858],[112.962173,-7.885528],[112.962985,-7.885528],[112.962985,-7.885255],[112.963256,-7.885255],[112.963256,-7.8858],[112.962444,-7.8858],[112.962444,-7.886073],[112.962173,-7.886073],[112.962173,-7.886345],[112.961632,-7.886345],[112.961632,-7.886618],[112.961361,-7.886618],[112.961361,-7.887163],[112.96109,-7.887163],[112.96109,-7.88798],[112.96082,-7.88798],[112.96082,-7.888253],[112.959737,-7.888253],[112.959737,-7.888525],[112.959466,-7.888525],[112.959466,-7.88907],[112.958925,-7.88907],[112.958925,-7.889343],[112.958384,-7.889343],[112.958384,-7.89016],[112.957571,-7.89016],[112.957571,-7.890433],[112.95703,-7.890433],[112.95703,-7.890705],[112.956759,-7.890705],[112.956759,-7.890978],[112.956218,-7.890978],[112.956218,-7.891795],[112.955947,-7.891795],[112.955947,-7.89234],[112.955406,-7.89234],[112.955406,-7.891795],[112.955677,-7.891795],[112.955677,-7.890978],[112.955947,-7.890978],[112.955947,-7.89016],[112.956218,-7.89016],[112.956218,-7.889888],[112.956489,-7.889888],[112.956489,-7.889615],[112.956759,-7.889615],[112.956759,-7.88907],[112.957301,-7.88907],[112.957301,-7.888253],[112.958113,-7.888253],[112.958113,-7.887708],[112.958384,-7.887708],[112.958384,-7.887163],[112.958654,-7.887163],[112.958654,-7.887435],[112.958925,-7.887435],[112.958925,-7.886618],[112.958654,-7.886618],[112.958654,-7.8858],[112.959466,-7.8858],[112.959466,-7.885528],[112.960008,-7.885528],[112.960008,-7.884983],[112.96082,-7.884983],[112.96082,-7.884165],[112.961361,-7.884165],[112.961361,-7.883893],[112.961902,-7.883893],[112.961902,-7.88362],[112.962714,-7.88362],[112.962714,-7.883348],[112.963256,-7.883348],[112.963256,-7.883075]],[[112.96894,-7.883348],[112.969211,-7.883348],[112.969211,-7.88362],[112.96894,-7.88362],[112.96894,-7.883348]],[[113.031195,-7.88362],[113.032007,-7.88362],[113.032007,-7.884165],[113.032278,-7.884165],[113.032278,-7.884983],[113.031195,-7.884983],[113.031195,-7.884438],[113.031466,-7.884438],[113.031466,-7.884165],[113.030925,-7.884165],[113.030925,-7.883893],[113.031195,-7.883893],[113.031195,-7.88362]],[[112.967586,-7.883893],[112.968399,-7.883893],[112.968399,-7.884165],[112.968669,-7.884165],[112.968669,-7.884438],[112.968128,-7.884438],[112.968128,-7.884983],[112.969752,-7.884983],[112.969752,-7.884438],[112.970564,-7.884438],[112.970564,-7.884983],[112.970835,-7.884983],[112.970835,-7.885255],[112.969752,-7.885255],[112.969752,-7.885528],[112.969211,-7.885528],[112.969211,-7.8858],[112.970564,-7.8858],[112.970564,-7.885528],[112.971376,-7.885528],[112.971376,-7.8858],[112.972459,-7.8858],[112.972459,-7.886073],[112.973271,-7.886073],[112.973271,-7.886345],[112.973812,-7.886345],[112.973812,-7.886618],[112.974624,-7.886618],[112.974624,-7.88689],[112.973812,-7.88689],[112.973812,-7.888253],[112.974353,-7.888253],[112.974353,-7.887163],[112.974895,-7.887163],[112.974895,-7.886618],[112.976519,-7.886618],[112.976519,-7.88689],[112.975977,-7.88689],[112.975977,-7.887435],[112.975707,-7.887435],[112.975707,-7.887163],[112.975165,-7.887163],[112.975165,-7.887708],[112.974624,-7.887708],[112.974624,-7.88798],[112.975165,-7.88798],[112.975165,-7.888525],[112.974353,-7.888525],[112.974353,-7.88907],[112.974083,-7.88907],[112.974083,-7.889343],[112.973812,-7.889343],[112.973812,-7.88907],[112.973541,-7.88907],[112.973541,-7.889343],[112.973271,-7.889343],[112.973271,-7.889615],[112.970835,-7.889615],[112.970835,-7.89016],[112.969211,-7.89016],[112.969211,-7.890433],[112.96894,-7.890433],[112.96894,-7.889615],[112.969211,-7.889615],[112.969211,-7.88907],[112.969481,-7.88907],[112.969481,-7.88798],[112.969752,-7.88798],[112.969752,-7.887708],[112.970564,-7.887708],[112.970564,-7.887163],[112.970835,-7.887163],[112.970835,-7.88689],[112.969481,-7.88689],[112.969481,-7.887163],[112.969211,-7.887163],[112.969211,-7.887708],[112.967857,-7.887708],[112.967857,-7.88798],[112.966774,-7.88798],[112.966774,-7.888253],[112.965421,-7.888253],[112.965421,-7.888525],[112.96488,-7.888525],[112.96488,-7.88907],[112.964609,-7.88907],[112.964609,-7.889343],[112.964068,-7.889343],[112.964068,-7.889888],[112.963797,-7.889888],[112.963797,-7.89016],[112.963256,-7.89016],[112.963256,-7.890705],[112.962985,-7.890705],[112.962985,-7.890978],[112.962173,-7.890978],[112.962173,-7.89125],[112.961902,-7.89125],[112.961902,-7.891523],[112.961632,-7.891523],[112.961632,-7.891795],[112.961361,-7.891795],[112.961361,-7.892068],[112.96082,-7.892068],[112.96082,-7.892613],[112.960278,-7.892613],[112.960278,-7.892885],[112.959466,-7.892885],[112.959466,-7.893158],[112.959196,-7.893158],[112.959196,-7.89343],[112.958384,-7.89343],[112.958384,-7.893158],[112.958113,-7.893158],[112.958113,-7.892613],[112.958384,-7.892613],[112.958384,-7.891795],[112.958654,-7.891795],[112.958654,-7.891523],[112.959196,-7.891523],[112.959196,-7.89125],[112.960008,-7.89125],[112.960008,-7.890705],[112.959196,-7.890705],[112.959196,-7.890978],[112.958654,-7.890978],[112.958654,-7.89125],[112.958384,-7.89125],[112.958384,-7.890433],[112.958654,-7.890433],[112.958654,-7.89016],[112.958925,-7.89016],[112.958925,-7.889888],[112.959196,-7.889888],[112.959196,-7.889343],[112.959466,-7.889343],[112.959466,-7.88907],[112.960008,-7.88907],[112.960008,-7.888525],[112.96109,-7.888525],[112.96109,-7.888253],[112.961361,-7.888253],[112.961361,-7.88798],[112.961632,-7.88798],[112.961632,-7.887435],[112.962173,-7.887435],[112.962173,-7.88689],[112.962985,-7.88689],[112.962985,-7.886618],[112.963256,-7.886618],[112.963256,-7.886073],[112.963526,-7.886073],[112.963526,-7.8858],[112.964609,-7.8858],[112.964609,-7.885255],[112.96488,-7.885255],[112.96488,-7.88471],[112.965692,-7.88471],[112.965692,-7.884165],[112.965962,-7.884165],[112.965962,-7.884983],[112.965692,-7.884983],[112.965692,-7.885528],[112.966504,-7.885528],[112.966504,-7.885255],[112.966774,-7.885255],[112.966774,-7.88471],[112.967045,-7.88471],[112.967045,-7.884165],[112.967586,-7.884165],[112.967586,-7.883893]],[[112.96894,-7.883893],[112.969481,-7.883893],[112.969481,-7.884165],[112.96894,-7.884165],[112.96894,-7.883893]],[[112.969481,-7.884165],[112.969752,-7.884165],[112.969752,-7.884438],[112.969481,-7.884438],[112.969481,-7.884165]],[[113.030654,-7.884165],[113.030925,-7.884165],[113.030925,-7.884438],[113.030654,-7.884438],[113.030654,-7.884165]],[[112.991406,-7.88471],[112.991677,-7.88471],[112.991677,-7.884983],[112.992489,-7.884983],[112.992489,-7.88471],[112.99303,-7.88471],[112.99303,-7.884983],[112.992759,-7.884983],[112.992759,-7.885255],[112.991677,-7.885255],[112.991677,-7.8858],[112.991135,-7.8858],[112.991135,-7.885255],[112.991406,-7.885255],[112.991406,-7.88471]],[[113.030383,-7.88471],[113.030654,-7.88471],[113.030654,-7.884983],[113.031195,-7.884983],[113.031195,-7.885255],[113.030113,-7.885255],[113.030113,-7.884983],[113.030383,-7.884983],[113.030383,-7.88471]],[[112.955947,-7.885255],[112.956218,-7.885255],[112.956218,-7.885528],[112.955947,-7.885528],[112.955947,-7.885255]],[[113.021992,-7.885528],[113.022263,-7.885528],[113.022263,-7.8858],[113.021992,-7.8858],[113.021992,-7.885528]],[[112.955677,-7.8858],[112.955947,-7.8858],[112.955947,-7.886073],[112.955677,-7.886073],[112.955677,-7.8858]],[[112.956759,-7.8858],[112.958113,-7.8858],[112.958113,-7.886345],[112.95703,-7.886345],[112.95703,-7.886073],[112.956759,-7.886073],[112.956759,-7.8858]],[[112.992759,-7.8858],[112.99303,-7.8858],[112.99303,-7.886073],[112.992759,-7.886073],[112.992759,-7.8858]],[[112.976789,-7.88689],[112.97706,-7.88689],[112.97706,-7.888253],[112.976789,-7.888253],[112.976789,-7.88798],[112.976519,-7.88798],[112.976519,-7.887163],[112.976789,-7.887163],[112.976789,-7.88689]],[[112.982203,-7.887435],[112.982744,-7.887435],[112.982744,-7.887708],[112.982203,-7.887708],[112.982203,-7.887435]],[[113.022534,-7.887435],[113.022804,-7.887435],[113.022804,-7.887708],[113.022534,-7.887708],[113.022534,-7.887435]],[[113.022263,-7.887708],[113.022534,-7.887708],[113.022534,-7.88798],[113.022263,-7.88798],[113.022263,-7.887708]],[[112.968399,-7.88798],[112.968669,-7.88798],[112.968669,-7.888253],[112.969211,-7.888253],[112.969211,-7.888525],[112.96894,-7.888525],[112.96894,-7.88907],[112.968669,-7.88907],[112.968669,-7.890433],[112.968399,-7.890433],[112.968399,-7.890705],[112.967857,-7.890705],[112.967857,-7.890433],[112.968128,-7.890433],[112.968128,-7.889343],[112.968399,-7.889343],[112.968399,-7.88907],[112.967857,-7.88907],[112.967857,-7.89016],[112.967316,-7.89016],[112.967316,-7.890433],[112.967045,-7.890433],[112.967045,-7.890978],[112.966774,-7.890978],[112.966774,-7.891523],[112.966504,-7.891523],[112.966504,-7.891795],[112.966233,-7.891795],[112.966233,-7.893158],[112.965962,-7.893158],[112.965962,-7.893975],[112.965421,-7.893975],[112.965421,-7.893703],[112.96515,-7.893703],[112.96515,-7.89343],[112.964609,-7.89343],[112.964609,-7.893703],[112.964338,-7.893703],[112.964338,-7.894248],[112.964068,-7.894248],[112.964068,-7.892885],[112.964338,-7.892885],[112.964338,-7.891795],[112.964609,-7.891795],[112.964609,-7.891523],[112.96488,-7.891523],[112.96488,-7.890978],[112.965421,-7.890978],[112.965421,-7.890705],[112.964338,-7.890705],[112.964338,-7.890978],[112.964068,-7.890978],[112.964068,-7.89125],[112.963797,-7.89125],[112.963797,-7.890978],[112.963526,-7.890978],[112.963526,-7.890705],[112.963797,-7.890705],[112.963797,-7.890433],[112.964068,-7.890433],[112.964068,-7.89016],[112.964338,-7.89016],[112.964338,-7.889615],[112.96488,-7.889615],[112.96488,-7.889343],[112.965421,-7.889343],[112.965421,-7.88907],[112.966774,-7.88907],[112.966774,-7.888525],[112.967316,-7.888525],[112.967316,-7.888253],[112.968399,-7.888253],[112.968399,-7.88798]],[[112.975977,-7.88798],[112.976248,-7.88798],[112.976248,-7.888253],[112.975977,-7.888253],[112.975977,-7.88798]],[[113.023887,-7.88798],[113.024428,-7.88798],[113.024428,-7.889343],[113.024699,-7.889343],[113.024699,-7.889888],[113.023346,-7.889888],[113.023346,-7.888798],[113.023616,-7.888798],[113.023616,-7.888253],[113.023887,-7.888253],[113.023887,-7.88798]],[[112.954053,-7.888253],[112.954594,-7.888253],[112.954594,-7.888798],[112.955135,-7.888798],[112.955135,-7.88907],[112.955677,-7.88907],[112.955677,-7.89016],[112.955406,-7.89016],[112.955406,-7.890433],[112.954865,-7.890433],[112.954865,-7.89016],[112.954323,-7.89016],[112.954323,-7.889615],[112.953782,-7.889615],[112.953782,-7.88907],[112.953511,-7.88907],[112.953511,-7.888798],[112.954053,-7.888798],[112.954053,-7.888253]],[[112.97706,-7.888253],[112.977601,-7.888253],[112.977601,-7.888525],[112.97706,-7.888525],[112.97706,-7.888253]],[[113.037421,-7.888798],[113.037962,-7.888798],[113.037962,-7.88907],[113.037421,-7.88907],[113.037421,-7.888798]],[[113.037692,-7.889343],[113.037962,-7.889343],[113.037962,-7.889888],[113.037692,-7.889888],[113.037692,-7.889343]],[[113.036609,-7.889615],[113.037421,-7.889615],[113.037421,-7.890433],[113.035797,-7.890433],[113.035797,-7.890705],[113.034714,-7.890705],[113.034714,-7.890433],[113.035526,-7.890433],[113.035526,-7.889888],[113.036609,-7.889888],[113.036609,-7.889615]],[[112.953511,-7.89016],[112.954053,-7.89016],[112.954053,-7.890705],[112.953241,-7.890705],[112.953241,-7.890978],[112.953511,-7.890978],[112.953511,-7.89125],[112.953782,-7.89125],[112.953782,-7.891523],[112.95297,-7.891523],[112.95297,-7.890433],[112.953511,-7.890433],[112.953511,-7.89016]],[[113.038504,-7.89016],[113.039045,-7.89016],[113.039045,-7.890705],[113.038504,-7.890705],[113.038504,-7.891523],[113.038233,-7.891523],[113.038233,-7.89125],[113.037421,-7.89125],[113.037421,-7.891523],[113.036879,-7.891523],[113.036879,-7.89125],[113.03715,-7.89125],[113.03715,-7.890978],[113.037421,-7.890978],[113.037421,-7.890705],[113.037692,-7.890705],[113.037692,-7.890433],[113.038504,-7.890433],[113.038504,-7.89016]],[[113.023346,-7.890433],[113.023887,-7.890433],[113.023887,-7.890705],[113.023616,-7.890705],[113.023616,-7.890978],[113.024699,-7.890978],[113.024699,-7.89125],[113.024428,-7.89125],[113.024428,-7.891523],[113.023616,-7.891523],[113.023616,-7.89125],[113.023346,-7.89125],[113.023346,-7.890433]],[[113.024699,-7.890433],[113.02497,-7.890433],[113.02497,-7.890978],[113.024699,-7.890978],[113.024699,-7.890433]],[[112.954323,-7.890705],[112.954865,-7.890705],[112.954865,-7.890978],[112.954594,-7.890978],[112.954594,-7.89125],[112.954323,-7.89125],[112.954323,-7.890705]],[[112.957842,-7.890705],[112.958113,-7.890705],[112.958113,-7.89125],[112.957842,-7.89125],[112.957842,-7.890705]],[[113.023075,-7.89125],[113.023346,-7.89125],[113.023346,-7.891523],[113.023075,-7.891523],[113.023075,-7.89125]],[[113.034443,-7.89125],[113.034714,-7.89125],[113.034714,-7.891523],[113.034443,-7.891523],[113.034443,-7.89125]],[[112.956759,-7.891523],[112.957301,-7.891523],[112.957301,-7.893158],[112.95703,-7.893158],[112.95703,-7.892885],[112.956759,-7.892885],[112.956759,-7.891523]],[[112.962444,-7.891523],[112.963256,-7.891523],[112.963256,-7.892068],[112.962985,-7.892068],[112.962985,-7.892613],[112.963256,-7.892613],[112.963256,-7.89343],[112.962985,-7.89343],[112.962985,-7.892885],[112.962714,-7.892885],[112.962714,-7.893158],[112.962173,-7.893158],[112.962173,-7.89343],[112.961361,-7.89343],[112.961361,-7.892613],[112.961902,-7.892613],[112.961902,-7.892068],[112.962173,-7.892068],[112.962173,-7.891795],[112.962444,-7.891795],[112.962444,-7.891523]],[[112.963797,-7.891523],[112.964068,-7.891523],[112.964068,-7.891795],[112.963797,-7.891795],[112.963797,-7.891523]],[[112.953511,-7.891795],[112.954053,-7.891795],[112.954053,-7.89234],[112.953782,-7.89234],[112.953782,-7.892613],[112.953511,-7.892613],[112.953511,-7.891795]],[[112.963526,-7.892885],[112.963797,-7.892885],[112.963797,-7.89343],[112.963526,-7.89343],[112.963526,-7.892885]],[[112.962714,-7.89343],[112.962985,-7.89343],[112.962985,-7.893975],[112.962714,-7.893975],[112.962714,-7.89343]],[[112.96082,-7.893703],[112.961902,-7.893703],[112.961902,-7.893975],[112.962173,-7.893975],[112.962173,-7.894248],[112.961632,-7.894248],[112.961632,-7.893975],[112.96082,-7.893975],[112.96082,-7.893703]],[[112.985722,-7.895338],[112.985992,-7.895338],[112.985992,-7.89561],[112.985722,-7.89561],[112.985722,-7.895338]],[[112.989782,-7.89561],[112.990053,-7.89561],[112.990053,-7.895883],[112.989782,-7.895883],[112.989782,-7.89561]],[[112.984098,-7.896701],[112.984639,-7.896701],[112.984639,-7.896973],[112.984098,-7.896973],[112.984098,-7.896701]],[[113.033902,-7.896701],[113.034173,-7.896701],[113.034173,-7.896973],[113.033902,-7.896973],[113.033902,-7.896701]],[[113.033361,-7.897246],[113.033902,-7.897246],[113.033902,-7.897518],[113.033361,-7.897518],[113.033361,-7.897246]],[[112.988429,-7.898063],[112.988699,-7.898063],[112.988699,-7.898336],[112.988429,-7.898336],[112.988429,-7.898063]],[[112.938083,-7.898336],[112.938354,-7.898336],[112.938354,-7.898608],[112.938083,-7.898608],[112.938083,-7.898336]],[[112.990323,-7.898336],[112.990865,-7.898336],[112.990865,-7.898608],[112.990323,-7.898608],[112.990323,-7.898336]],[[112.934293,-7.898608],[112.934564,-7.898608],[112.934564,-7.898881],[112.934835,-7.898881],[112.934835,-7.899698],[112.934293,-7.899698],[112.934293,-7.899971],[112.933752,-7.899971],[112.933752,-7.899698],[112.934023,-7.899698],[112.934023,-7.898881],[112.934293,-7.898881],[112.934293,-7.898608]],[[112.944038,-7.899153],[112.94485,-7.899153],[112.94485,-7.899698],[112.944308,-7.899698],[112.944308,-7.899971],[112.94485,-7.899971],[112.94485,-7.900243],[112.945391,-7.900243],[112.945391,-7.900516],[112.945662,-7.900516],[112.945662,-7.900788],[112.945932,-7.900788],[112.945932,-7.901061],[112.946474,-7.901061],[112.946474,-7.901333],[112.947015,-7.901333],[112.947015,-7.901606],[112.948369,-7.901606],[112.948369,-7.901878],[112.94891,-7.901878],[112.94891,-7.901606],[112.948639,-7.901606],[112.948639,-7.901061],[112.950534,-7.901061],[112.950534,-7.901878],[112.950805,-7.901878],[112.950805,-7.902696],[112.950534,-7.902696],[112.950534,-7.903241],[112.951075,-7.903241],[112.951075,-7.904058],[112.951617,-7.904058],[112.951617,-7.904603],[112.952699,-7.904603],[112.952699,-7.905421],[112.95297,-7.905421],[112.95297,-7.905693],[112.952699,-7.905693],[112.952699,-7.906238],[112.952429,-7.906238],[112.952429,-7.906511],[112.952699,-7.906511],[112.952699,-7.906783],[112.951887,-7.906783],[112.951887,-7.907056],[112.951346,-7.907056],[112.951346,-7.906783],[112.950805,-7.906783],[112.950805,-7.906511],[112.950534,-7.906511],[112.950534,-7.906783],[112.949993,-7.906783],[112.949993,-7.906238],[112.949451,-7.906238],[112.949451,-7.906511],[112.949181,-7.906511],[112.949181,-7.907056],[112.94891,-7.907056],[112.94891,-7.907328],[112.949181,-7.907328],[112.949181,-7.907873],[112.94891,-7.907873],[112.94891,-7.908418],[112.948639,-7.908418],[112.948639,-7.908691],[112.948098,-7.908691],[112.948098,-7.907873],[112.947556,-7.907873],[112.947556,-7.907056],[112.947827,-7.907056],[112.947827,-7.906783],[112.948098,-7.906783],[112.948098,-7.906511],[112.94891,-7.906511],[112.94891,-7.906238],[112.948639,-7.906238],[112.948639,-7.905966],[112.947827,-7.905966],[112.947827,-7.905693],[112.947015,-7.905693],[112.947015,-7.905421],[112.946203,-7.905421],[112.946203,-7.905148],[112.945662,-7.905148],[112.945662,-7.904603],[112.94512,-7.904603],[112.94512,-7.904331],[112.944579,-7.904331],[112.944579,-7.905421],[112.944038,-7.905421],[112.944038,-7.904603],[112.943767,-7.904603],[112.943767,-7.904058],[112.943226,-7.904058],[112.943226,-7.903786],[112.942955,-7.903786],[112.942955,-7.903513],[112.94079,-7.903513],[112.94079,-7.903786],[112.940519,-7.903786],[112.940519,-7.903513],[112.940248,-7.903513],[112.940248,-7.903786],[112.939436,-7.903786],[112.939436,-7.903241],[112.939166,-7.903241],[112.939166,-7.903513],[112.938895,-7.903513],[112.938895,-7.903241],[112.938624,-7.903241],[112.938624,-7.902968],[112.938354,-7.902968],[112.938354,-7.902151],[112.938624,-7.902151],[112.938624,-7.902423],[112.939436,-7.902423],[112.939436,-7.902151],[112.938895,-7.902151],[112.938895,-7.901606],[112.938083,-7.901606],[112.938083,-7.901333],[112.937812,-7.901333],[112.937812,-7.901606],[112.937271,-7.901606],[112.937271,-7.901333],[112.936459,-7.901333],[112.936459,-7.901061],[112.935647,-7.901061],[112.935647,-7.900788],[112.935376,-7.900788],[112.935376,-7.900243],[112.935647,-7.900243],[112.935647,-7.899698],[112.939978,-7.899698],[112.939978,-7.899971],[112.940519,-7.899971],[112.940519,-7.900243],[112.94079,-7.900243],[112.94079,-7.900516],[112.94106,-7.900516],[112.94106,-7.900788],[112.941331,-7.900788],[112.941331,-7.901061],[112.941602,-7.901061],[112.941602,-7.900516],[112.941331,-7.900516],[112.941331,-7.900243],[112.94106,-7.900243],[112.94106,-7.899698],[112.941331,-7.899698],[112.941331,-7.899971],[112.941602,-7.899971],[112.941602,-7.899698],[112.942143,-7.899698],[112.942143,-7.899971],[112.942414,-7.899971],[112.942414,-7.899698],[112.943767,-7.899698],[112.943767,-7.900243],[112.944038,-7.900243],[112.944038,-7.899153]],[[113.031466,-7.899153],[113.032007,-7.899153],[113.032007,-7.899426],[113.031466,-7.899426],[113.031466,-7.899153]],[[112.94891,-7.899426],[112.949451,-7.899426],[112.949451,-7.899971],[112.94891,-7.899971],[112.94891,-7.899426]],[[112.953782,-7.899426],[112.954323,-7.899426],[112.954323,-7.899698],[112.953782,-7.899698],[112.953782,-7.899426]],[[112.96082,-7.899426],[112.96109,-7.899426],[112.96109,-7.900516],[112.96082,-7.900516],[112.96082,-7.899426]],[[112.963256,-7.899426],[112.963526,-7.899426],[112.963526,-7.899698],[112.963797,-7.899698],[112.963797,-7.899971],[112.96488,-7.899971],[112.96488,-7.899698],[112.96515,-7.899698],[112.96515,-7.899426],[112.965962,-7.899426],[112.965962,-7.899698],[112.965692,-7.899698],[112.965692,-7.899971],[112.966774,-7.899971],[112.966774,-7.900243],[112.965962,-7.900243],[112.965962,-7.900788],[112.963256,-7.900788],[112.963256,-7.900516],[112.962444,-7.900516],[112.962444,-7.900788],[112.961361,-7.900788],[112.961361,-7.900516],[112.961632,-7.900516],[112.961632,-7.899698],[112.962444,-7.899698],[112.962444,-7.899971],[112.963256,-7.899971],[112.963256,-7.899426]],[[112.967586,-7.899426],[112.968399,-7.899426],[112.968399,-7.900243],[112.967586,-7.900243],[112.967586,-7.899971],[112.966774,-7.899971],[112.966774,-7.899698],[112.967586,-7.899698],[112.967586,-7.899426]],[[112.940519,-7.899698],[112.94079,-7.899698],[112.94079,-7.899971],[112.940519,-7.899971],[112.940519,-7.899698]],[[112.934293,-7.899971],[112.934835,-7.899971],[112.934835,-7.900516],[112.934564,-7.900516],[112.934564,-7.900243],[112.934293,-7.900243],[112.934293,-7.899971]],[[112.945391,-7.899971],[112.945662,-7.899971],[112.945662,-7.900243],[112.945391,-7.900243],[112.945391,-7.899971]],[[112.953241,-7.901061],[112.953511,-7.901061],[112.953511,-7.901606],[112.953782,-7.901606],[112.953782,-7.901878],[112.953241,-7.901878],[112.953241,-7.901061]],[[112.923466,-7.901606],[112.924008,-7.901606],[112.924008,-7.901878],[112.923466,-7.901878],[112.923466,-7.901606]],[[112.933211,-7.901878],[112.933481,-7.901878],[112.933481,-7.902151],[112.933211,-7.902151],[112.933211,-7.901878]],[[112.937271,-7.902151],[112.937812,-7.902151],[112.937812,-7.902423],[112.937271,-7.902423],[112.937271,-7.902151]],[[112.963256,-7.902151],[112.963797,-7.902151],[112.963797,-7.902423],[112.963256,-7.902423],[112.963256,-7.902151]],[[112.935647,-7.902423],[112.936188,-7.902423],[112.936188,-7.902696],[112.935647,-7.902696],[112.935647,-7.902423]],[[112.953241,-7.902696],[112.953782,-7.902696],[112.953782,-7.903241],[112.953241,-7.903241],[112.953241,-7.902696]],[[112.968128,-7.902696],[112.968399,-7.902696],[112.968399,-7.903513],[112.967857,-7.903513],[112.967857,-7.903786],[112.967586,-7.903786],[112.967586,-7.903513],[112.966774,-7.903513],[112.966774,-7.903241],[112.967045,-7.903241],[112.967045,-7.902968],[112.968128,-7.902968],[112.968128,-7.902696]],[[112.937,-7.902968],[112.938083,-7.902968],[112.938083,-7.903241],[112.937,-7.903241],[112.937,-7.902968]],[[112.938083,-7.903241],[112.938354,-7.903241],[112.938354,-7.903513],[112.938895,-7.903513],[112.938895,-7.903786],[112.938083,-7.903786],[112.938083,-7.903241]],[[112.953782,-7.903241],[112.954053,-7.903241],[112.954053,-7.903513],[112.953782,-7.903513],[112.953782,-7.903241]],[[112.951617,-7.903513],[112.952699,-7.903513],[112.952699,-7.903786],[112.951887,-7.903786],[112.951887,-7.904058],[112.951617,-7.904058],[112.951617,-7.903513]],[[112.958384,-7.903513],[112.958654,-7.903513],[112.958654,-7.904331],[112.958384,-7.904331],[112.958384,-7.903513]],[[112.938895,-7.903786],[112.939166,-7.903786],[112.939166,-7.904058],[112.938895,-7.904058],[112.938895,-7.903786]],[[112.94079,-7.903786],[112.941331,-7.903786],[112.941331,-7.904058],[112.94079,-7.904058],[112.94079,-7.903786]],[[112.968669,-7.903786],[112.96894,-7.903786],[112.96894,-7.904058],[112.968669,-7.904058],[112.968669,-7.903786]],[[112.939436,-7.904058],[112.940519,-7.904058],[112.940519,-7.904331],[112.941331,-7.904331],[112.941331,-7.904876],[112.941602,-7.904876],[112.941602,-7.905148],[112.942143,-7.905148],[112.942143,-7.904876],[112.941872,-7.904876],[112.941872,-7.904331],[112.941602,-7.904331],[112.941602,-7.904058],[112.942143,-7.904058],[112.942143,-7.904331],[112.942684,-7.904331],[112.942684,-7.905148],[112.942955,-7.905148],[112.942955,-7.905421],[112.943226,-7.905421],[112.943226,-7.905693],[112.943767,-7.905693],[112.943767,-7.905966],[112.945662,-7.905966],[112.945662,-7.906238],[112.946203,-7.906238],[112.946203,-7.906511],[112.946474,-7.906511],[112.946474,-7.906783],[112.946203,-7.906783],[112.946203,-7.907056],[112.945662,-7.907056],[112.945662,-7.906783],[112.945391,-7.906783],[112.945391,-7.907056],[112.94512,-7.907056],[112.94512,-7.907328],[112.945391,-7.907328],[112.945391,-7.907873],[112.945662,-7.907873],[112.945662,-7.908146],[112.946474,-7.908146],[112.946474,-7.908418],[112.947556,-7.908418],[112.947556,-7.908691],[112.947015,-7.908691],[112.947015,-7.909508],[112.947556,-7.909508],[112.947556,-7.910598],[112.947286,-7.910598],[112.947286,-7.911143],[112.946744,-7.911143],[112.946744,-7.911416],[112.946474,-7.911416],[112.946474,-7.912233],[112.945932,-7.912233],[112.945932,-7.912506],[112.94512,-7.912506],[112.94512,-7.912233],[112.943767,-7.912233],[112.943767,-7.911961],[112.944038,-7.911961],[112.944038,-7.911143],[112.943767,-7.911143],[112.943767,-7.910871],[112.942684,-7.910871],[112.942684,-7.910598],[112.942414,-7.910598],[112.942414,-7.909781],[112.942684,-7.909781],[112.942684,-7.909508],[112.942955,-7.909508],[112.942955,-7.909236],[112.942414,-7.909236],[112.942414,-7.908963],[112.942684,-7.908963],[112.942684,-7.908418],[112.942143,-7.908418],[112.942143,-7.908691],[112.941331,-7.908691],[112.941331,-7.908418],[112.941872,-7.908418],[112.941872,-7.908146],[112.943496,-7.908146],[112.943496,-7.907873],[112.943767,-7.907873],[112.943767,-7.907601],[112.943496,-7.907601],[112.943496,-7.907056],[112.943226,-7.907056],[112.943226,-7.906783],[112.944038,-7.906783],[112.944038,-7.906511],[112.943767,-7.906511],[112.943767,-7.906238],[112.942955,-7.906238],[112.942955,-7.905966],[112.941331,-7.905966],[112.941331,-7.905693],[112.94079,-7.905693],[112.94079,-7.905966],[112.940519,-7.905966],[112.940519,-7.904876],[112.940248,-7.904876],[112.940248,-7.904331],[112.939436,-7.904331],[112.939436,-7.904058]],[[112.942955,-7.904058],[112.943226,-7.904058],[112.943226,-7.904331],[112.942955,-7.904331],[112.942955,-7.904058]],[[112.96894,-7.904058],[112.969211,-7.904058],[112.969211,-7.904331],[112.96894,-7.904331],[112.96894,-7.904058]],[[112.969211,-7.904331],[112.969752,-7.904331],[112.969752,-7.904603],[112.969211,-7.904603],[112.969211,-7.904331]],[[112.958384,-7.904603],[112.958654,-7.904603],[112.958654,-7.904876],[112.958384,-7.904876],[112.958384,-7.904603]],[[112.958925,-7.904603],[112.959196,-7.904603],[112.959196,-7.904876],[112.960008,-7.904876],[112.960008,-7.905148],[112.960278,-7.905148],[112.960278,-7.905693],[112.96082,-7.905693],[112.96082,-7.905966],[112.961361,-7.905966],[112.961361,-7.906238],[112.963256,-7.906238],[112.963256,-7.905966],[112.964068,-7.905966],[112.964068,-7.906238],[112.965962,-7.906238],[112.965962,-7.906511],[112.966233,-7.906511],[112.966233,-7.906783],[112.966504,-7.906783],[112.966504,-7.907328],[112.966233,-7.907328],[112.966233,-7.907601],[112.967045,-7.907601],[112.967045,-7.908146],[112.965962,-7.908146],[112.965962,-7.908691],[112.965692,-7.908691],[112.965692,-7.908963],[112.965421,-7.908963],[112.965421,-7.910053],[112.96515,-7.910053],[112.96515,-7.909781],[112.964609,-7.909781],[112.964609,-7.909508],[112.964068,-7.909508],[112.964068,-7.909236],[112.963797,-7.909236],[112.963797,-7.908691],[112.963256,-7.908691],[112.963256,-7.907601],[112.962985,-7.907601],[112.962985,-7.907328],[112.962444,-7.907328],[112.962444,-7.907056],[112.962173,-7.907056],[112.962173,-7.907328],[112.961632,-7.907328],[112.961632,-7.907873],[112.962173,-7.907873],[112.962173,-7.909236],[112.961632,-7.909236],[112.961632,-7.908963],[112.961361,-7.908963],[112.961361,-7.908418],[112.96109,-7.908418],[112.96109,-7.907601],[112.96082,-7.907601],[112.96082,-7.906511],[112.960278,-7.906511],[112.960278,-7.907056],[112.959737,-7.907056],[112.959737,-7.907328],[112.959196,-7.907328],[112.959196,-7.906783],[112.959737,-7.906783],[112.959737,-7.906238],[112.960008,-7.906238],[112.960008,-7.905966],[112.959737,-7.905966],[112.959737,-7.905693],[112.959196,-7.905693],[112.959196,-7.905148],[112.958925,-7.905148],[112.958925,-7.904603]],[[112.96082,-7.904603],[112.96109,-7.904603],[112.96109,-7.905148],[112.96082,-7.905148],[112.96082,-7.904603]],[[112.970023,-7.904603],[112.970293,-7.904603],[112.970293,-7.904876],[112.970564,-7.904876],[112.970564,-7.905148],[112.970023,-7.905148],[112.970023,-7.904603]],[[112.934835,-7.905148],[112.935376,-7.905148],[112.935376,-7.905421],[112.934835,-7.905421],[112.934835,-7.905148]],[[112.935376,-7.905421],[112.936729,-7.905421],[112.936729,-7.905693],[112.937812,-7.905693],[112.937812,-7.905966],[112.936459,-7.905966],[112.936459,-7.905693],[112.935376,-7.905693],[112.935376,-7.905421]],[[112.964068,-7.905421],[112.96515,-7.905421],[112.96515,-7.905966],[112.964068,-7.905966],[112.964068,-7.905421]],[[112.967316,-7.905421],[112.967586,-7.905421],[112.967586,-7.905966],[112.967316,-7.905966],[112.967316,-7.905421]],[[112.938083,-7.905966],[112.939707,-7.905966],[112.939707,-7.906238],[112.940519,-7.906238],[112.940519,-7.906511],[112.939436,-7.906511],[112.939436,-7.906238],[112.938083,-7.906238],[112.938083,-7.905966]],[[112.966233,-7.905966],[112.967316,-7.905966],[112.967316,-7.906511],[112.966774,-7.906511],[112.966774,-7.906238],[112.966233,-7.906238],[112.966233,-7.905966]],[[112.92888,-7.906238],[112.929151,-7.906238],[112.929151,-7.906511],[112.92888,-7.906511],[112.92888,-7.906238]],[[112.947015,-7.906238],[112.947556,-7.906238],[112.947556,-7.906511],[112.947015,-7.906511],[112.947015,-7.906238]],[[112.955947,-7.906238],[112.956218,-7.906238],[112.956218,-7.906511],[112.955947,-7.906511],[112.955947,-7.906238]],[[112.941331,-7.906511],[112.941872,-7.906511],[112.941872,-7.906783],[112.941331,-7.906783],[112.941331,-7.906511]],[[112.947556,-7.906511],[112.947827,-7.906511],[112.947827,-7.906783],[112.947556,-7.906783],[112.947556,-7.906511]],[[112.942684,-7.906783],[112.942955,-7.906783],[112.942955,-7.907056],[112.942684,-7.907056],[112.942684,-7.906783]],[[112.955406,-7.906783],[112.955677,-7.906783],[112.955677,-7.907056],[112.955406,-7.907056],[112.955406,-7.906783]],[[112.946474,-7.907056],[112.946744,-7.907056],[112.946744,-7.907873],[112.946474,-7.907873],[112.946474,-7.907056]],[[112.967045,-7.907056],[112.967316,-7.907056],[112.967316,-7.907601],[112.967045,-7.907601],[112.967045,-7.907056]],[[112.933481,-7.907328],[112.933752,-7.907328],[112.933752,-7.907873],[112.933481,-7.907873],[112.933481,-7.907328]],[[112.929151,-7.907601],[112.929421,-7.907601],[112.929421,-7.907873],[112.929151,-7.907873],[112.929151,-7.907601]],[[112.935647,-7.907601],[112.936459,-7.907601],[112.936459,-7.907873],[112.938624,-7.907873],[112.938624,-7.908146],[112.936459,-7.908146],[112.936459,-7.908418],[112.936188,-7.908418],[112.936188,-7.908146],[112.935917,-7.908146],[112.935917,-7.907873],[112.935647,-7.907873],[112.935647,-7.907601]],[[112.939166,-7.907873],[112.939707,-7.907873],[112.939707,-7.908146],[112.939166,-7.908146],[112.939166,-7.907873]],[[112.940519,-7.907873],[112.941331,-7.907873],[112.941331,-7.908146],[112.940519,-7.908146],[112.940519,-7.907873]],[[112.934023,-7.908146],[112.934293,-7.908146],[112.934293,-7.908418],[112.934023,-7.908418],[112.934023,-7.908146]],[[112.935376,-7.908146],[112.935647,-7.908146],[112.935647,-7.908418],[112.935376,-7.908418],[112.935376,-7.908146]],[[112.949993,-7.908146],[112.950263,-7.908146],[112.950263,-7.908418],[112.949993,-7.908418],[112.949993,-7.908146]],[[112.934564,-7.908418],[112.935376,-7.908418],[112.935376,-7.908691],[112.935647,-7.908691],[112.935647,-7.909236],[112.935376,-7.909236],[112.935376,-7.908963],[112.935105,-7.908963],[112.935105,-7.908691],[112.934564,-7.908691],[112.934564,-7.908418]],[[112.937541,-7.908418],[112.937812,-7.908418],[112.937812,-7.908691],[112.937541,-7.908691],[112.937541,-7.908418]],[[112.948639,-7.908963],[112.94891,-7.908963],[112.94891,-7.909508],[112.948639,-7.909508],[112.948639,-7.908963]],[[112.935647,-7.909236],[112.937812,-7.909236],[112.937812,-7.909508],[112.938083,-7.909508],[112.938083,-7.910053],[112.938354,-7.910053],[112.938354,-7.910326],[112.937812,-7.910326],[112.937812,-7.910053],[112.937541,-7.910053],[112.937541,-7.909508],[112.935647,-7.909508],[112.935647,-7.909236]],[[112.94106,-7.909236],[112.941331,-7.909236],[112.941331,-7.909508],[112.94106,-7.909508],[112.94106,-7.909236]],[[112.960549,-7.909236],[112.96082,-7.909236],[112.96082,-7.909508],[112.960549,-7.909508],[112.960549,-7.909236]],[[112.962714,-7.909236],[112.963797,-7.909236],[112.963797,-7.909508],[112.963256,-7.909508],[112.963256,-7.910053],[112.962985,-7.910053],[112.962985,-7.909508],[112.962714,-7.909508],[112.962714,-7.909236]],[[112.965692,-7.909236],[112.965962,-7.909236],[112.965962,-7.909508],[112.965692,-7.909508],[112.965692,-7.909236]],[[112.933211,-7.909508],[112.933481,-7.909508],[112.933481,-7.910053],[112.933211,-7.910053],[112.933211,-7.909508]],[[112.960008,-7.909508],[112.960278,-7.909508],[112.960278,-7.909781],[112.96082,-7.909781],[112.96082,-7.910053],[112.960008,-7.910053],[112.960008,-7.909508]],[[112.96109,-7.909781],[112.961361,-7.909781],[112.961361,-7.910053],[112.961632,-7.910053],[112.961632,-7.911143],[112.96109,-7.911143],[112.96109,-7.910326],[112.96082,-7.910326],[112.96082,-7.910053],[112.96109,-7.910053],[112.96109,-7.909781]],[[112.933481,-7.910053],[112.933752,-7.910053],[112.933752,-7.910326],[112.933481,-7.910326],[112.933481,-7.910053]],[[112.955135,-7.910053],[112.955406,-7.910053],[112.955406,-7.910326],[112.955135,-7.910326],[112.955135,-7.910053]],[[112.934023,-7.910326],[112.934293,-7.910326],[112.934293,-7.910598],[112.934023,-7.910598],[112.934023,-7.910326]],[[112.938624,-7.910326],[112.939166,-7.910326],[112.939166,-7.910598],[112.939436,-7.910598],[112.939436,-7.911143],[112.939166,-7.911143],[112.939166,-7.910871],[112.938895,-7.910871],[112.938895,-7.910598],[112.938624,-7.910598],[112.938624,-7.910326]],[[112.950534,-7.910598],[112.950805,-7.910598],[112.950805,-7.910871],[112.950534,-7.910871],[112.950534,-7.910598]],[[112.933481,-7.911143],[112.934023,-7.911143],[112.934023,-7.911416],[112.933481,-7.911416],[112.933481,-7.911143]],[[112.942955,-7.911143],[112.943496,-7.911143],[112.943496,-7.911688],[112.943767,-7.911688],[112.943767,-7.911961],[112.943226,-7.911961],[112.943226,-7.911416],[112.942955,-7.911416],[112.942955,-7.911143]],[[112.951617,-7.911143],[112.952158,-7.911143],[112.952158,-7.911416],[112.951617,-7.911416],[112.951617,-7.911143]],[[112.961632,-7.911143],[112.962173,-7.911143],[112.962173,-7.911416],[112.961632,-7.911416],[112.961632,-7.911143]],[[112.955135,-7.911416],[112.955677,-7.911416],[112.955677,-7.911688],[112.955135,-7.911688],[112.955135,-7.911416]],[[112.936459,-7.911688],[112.937541,-7.911688],[112.937541,-7.911961],[112.936459,-7.911961],[112.936459,-7.911688]],[[112.941602,-7.911688],[112.941872,-7.911688],[112.941872,-7.911961],[112.941602,-7.911961],[112.941602,-7.911688]],[[112.937812,-7.911961],[112.938354,-7.911961],[112.938354,-7.912233],[112.938624,-7.912233],[112.938624,-7.912778],[112.938895,-7.912778],[112.938895,-7.913051],[112.939978,-7.913051],[112.939978,-7.913323],[112.940248,-7.913323],[112.940248,-7.913596],[112.94079,-7.913596],[112.94079,-7.913323],[112.941331,-7.913323],[112.941331,-7.913596],[112.94106,-7.913596],[112.94106,-7.913868],[112.940519,-7.913868],[112.940519,-7.914141],[112.940248,-7.914141],[112.940248,-7.914686],[112.939436,-7.914686],[112.939436,-7.914958],[112.938624,-7.914958],[112.938624,-7.914686],[112.937812,-7.914686],[112.937812,-7.914413],[112.938083,-7.914413],[112.938083,-7.914141],[112.938354,-7.914141],[112.938354,-7.914413],[112.938895,-7.914413],[112.938895,-7.914141],[112.939436,-7.914141],[112.939436,-7.913868],[112.939166,-7.913868],[112.939166,-7.913596],[112.938624,-7.913596],[112.938624,-7.913323],[112.938354,-7.913323],[112.938354,-7.913051],[112.938083,-7.913051],[112.938083,-7.912778],[112.937812,-7.912778],[112.937812,-7.911961]],[[112.943226,-7.912233],[112.943496,-7.912233],[112.943496,-7.912506],[112.943767,-7.912506],[112.943767,-7.913323],[112.943226,-7.913323],[112.943226,-7.913596],[112.942955,-7.913596],[112.942955,-7.912506],[112.943226,-7.912506],[112.943226,-7.912233]],[[112.935917,-7.912778],[112.936459,-7.912778],[112.936459,-7.913051],[112.937541,-7.913051],[112.937541,-7.913323],[112.936188,-7.913323],[112.936188,-7.913051],[112.935917,-7.913051],[112.935917,-7.912778]],[[112.933211,-7.913051],[112.933752,-7.913051],[112.933752,-7.913323],[112.933211,-7.913323],[112.933211,-7.913051]],[[112.937812,-7.913051],[112.938083,-7.913051],[112.938083,-7.913323],[112.937812,-7.913323],[112.937812,-7.913051]],[[112.941872,-7.913323],[112.942414,-7.913323],[112.942414,-7.913596],[112.941872,-7.913596],[112.941872,-7.913323]],[[112.935105,-7.913868],[112.935376,-7.913868],[112.935376,-7.914141],[112.935105,-7.914141],[112.935105,-7.913868]],[[112.936459,-7.914141],[112.936729,-7.914141],[112.936729,-7.914413],[112.936459,-7.914413],[112.936459,-7.914141]],[[112.94512,-7.914141],[112.945391,-7.914141],[112.945391,-7.914413],[112.94512,-7.914413],[112.94512,-7.914141]],[[112.936729,-7.916321],[112.937271,-7.916321],[112.937271,-7.916594],[112.936729,-7.916594],[112.936729,-7.916321]],[[112.936188,-7.916594],[112.936459,-7.916594],[112.936459,-7.916866],[112.936188,-7.916866],[112.936188,-7.916594]],[[112.935105,-7.916866],[112.935376,-7.916866],[112.935376,-7.917139],[112.935105,-7.917139],[112.935105,-7.916866]],[[112.934293,-7.917139],[112.934835,-7.917139],[112.934835,-7.917411],[112.934293,-7.917411],[112.934293,-7.917139]],[[112.934023,-7.917411],[112.934293,-7.917411],[112.934293,-7.917956],[112.934023,-7.917956],[112.934023,-7.917411]],[[112.933752,-7.917956],[112.934023,-7.917956],[112.934023,-7.918229],[112.933752,-7.918229],[112.933752,-7.917956]],[[112.931587,-7.919864],[112.931857,-7.919864],[112.931857,-7.920409],[112.931587,-7.920409],[112.931587,-7.919864]]]}},{"type":"Feature","properties":{"fid":1381,"DN":3},"geometry":{"type":"Polygon","coordinates":[[[112.949181,-7.925859],[112.949181,-7.926949],[112.949722,-7.926949],[112.949722,-7.927221],[112.949993,-7.927221],[112.949993,-7.926676],[112.949451,-7.926676],[112.949451,-7.925859],[112.949181,-7.925859]]]}},{"type":"Feature","properties":{"fid":1382,"DN":3},"geometry":{"type":"Polygon","coordinates":[[[113.026052,-7.925859],[113.026052,-7.926131],[113.025782,-7.926131],[113.025782,-7.927221],[113.026052,-7.927221],[113.026052,-7.926404],[113.026323,-7.926404],[113.026323,-7.925859],[113.026052,-7.925859]]]}},{"type":"Feature","properties":{"fid":1383,"DN":3},"geometry":{"type":"Polygon","coordinates":[[[113.005752,-7.926676],[113.005752,-7.926949],[113.006022,-7.926949],[113.006022,-7.927221],[113.006293,-7.927221],[113.006293,-7.926676],[113.005752,-7.926676]]]}},{"type":"Feature","properties":{"fid":1384,"DN":3},"geometry":{"type":"Polygon","coordinates":[[[113.009271,-7.926676],[113.009271,-7.927221],[113.009541,-7.927221],[113.009541,-7.926676],[113.009271,-7.926676]]]}},{"type":"Feature","properties":{"fid":1385,"DN":4},"geometry":{"type":"Polygon","coordinates":[[[112.946744,-7.926949],[112.946744,-7.927221],[112.947015,-7.927221],[112.947015,-7.926949],[112.946744,-7.926949]]]}},{"type":"Feature","properties":{"fid":1386,"DN":4},"geometry":{"type":"Polygon","coordinates":[[[113.003316,-7.926949],[113.003316,-7.927221],[113.003857,-7.927221],[113.003857,-7.926949],[113.003316,-7.926949]]]}},{"type":"Feature","properties":{"fid":1387,"DN":3},"geometry":{"type":"Polygon","coordinates":[[[113.003857,-7.926949],[113.003857,-7.927221],[113.004128,-7.927221],[113.004128,-7.926949],[113.003857,-7.926949]]]}},{"type":"Feature","properties":{"fid":1388,"DN":3},"geometry":{"type":"Polygon","coordinates":[[[113.010083,-7.926949],[113.010083,-7.927221],[113.010624,-7.927221],[113.010624,-7.926949],[113.010083,-7.926949]]]}},{"type":"Feature","properties":{"fid":1389,"DN":4},"geometry":{"type":"Polygon","coordinates":[[[113.015767,-7.926949],[113.015767,-7.927221],[113.016037,-7.927221],[113.016037,-7.926949],[113.015767,-7.926949]]]}},{"type":"Feature","properties":{"fid":1390,"DN":4},"geometry":{"type":"Polygon","coordinates":[[[112.968399,-7.926404],[112.968399,-7.927494],[112.96894,-7.927494],[112.96894,-7.926676],[112.969211,-7.926676],[112.969211,-7.926404],[112.968399,-7.926404]]]}},{"type":"Feature","properties":{"fid":1391,"DN":4},"geometry":{"type":"Polygon","coordinates":[[[112.98491,-7.926676],[112.98491,-7.927494],[112.985992,-7.927494],[112.985992,-7.926949],[112.985451,-7.926949],[112.985451,-7.926676],[112.98491,-7.926676]]]}},{"type":"Feature","properties":{"fid":1392,"DN":4},"geometry":{"type":"Polygon","coordinates":[[[112.985992,-7.926676],[112.985992,-7.926949],[112.986534,-7.926949],[112.986534,-7.927494],[112.987075,-7.927494],[112.987075,-7.926676],[112.985992,-7.926676]]]}},{"type":"Feature","properties":{"fid":1393,"DN":3},"geometry":{"type":"Polygon","coordinates":[[[112.943226,-7.926676],[112.943226,-7.926949],[112.942955,-7.926949],[112.942955,-7.927494],[112.943226,-7.927494],[112.943226,-7.927221],[112.943496,-7.927221],[112.943496,-7.926949],[112.943767,-7.926949],[112.943767,-7.926676],[112.943226,-7.926676]]]}},{"type":"Feature","properties":{"fid":1394,"DN":3},"geometry":{"type":"Polygon","coordinates":[[[112.957301,-7.927221],[112.957301,-7.927494],[112.957571,-7.927494],[112.957571,-7.927221],[112.957301,-7.927221]]]}},{"type":"Feature","properties":{"fid":1395,"DN":3},"geometry":{"type":"Polygon","coordinates":[[[113.009,-7.927221],[113.009,-7.927494],[113.009271,-7.927494],[113.009271,-7.927221],[113.009,-7.927221]]]}},{"type":"Feature","properties":{"fid":1396,"DN":3},"geometry":{"type":"Polygon","coordinates":[[[113.014684,-7.924224],[113.014684,-7.924496],[113.014413,-7.924496],[113.014413,-7.924769],[113.015496,-7.924769],[113.015496,-7.925041],[113.014684,-7.925041],[113.014684,-7.925314],[113.014413,-7.925314],[113.014413,-7.925041],[113.014143,-7.925041],[113.014143,-7.925314],[113.013872,-7.925314],[113.013872,-7.925859],[113.014143,-7.925859],[113.014143,-7.926404],[113.014413,-7.926404],[113.014413,-7.926676],[113.014684,-7.926676],[113.014684,-7.926949],[113.014955,-7.926949],[113.014955,-7.927221],[113.015767,-7.927221],[113.015767,-7.927494],[113.016308,-7.927494],[113.016308,-7.927221],[113.016579,-7.927221],[113.016579,-7.926949],[113.016308,-7.926949],[113.016308,-7.926131],[113.015767,-7.926131],[113.015767,-7.925859],[113.016849,-7.925859],[113.016849,-7.925586],[113.01712,-7.925586],[113.01712,-7.924769],[113.016849,-7.924769],[113.016849,-7.925041],[113.016579,-7.925041],[113.016579,-7.924496],[113.015767,-7.924496],[113.015767,-7.924224],[113.014684,-7.924224]],[[113.014955,-7.926131],[113.015767,-7.926131],[113.015767,-7.926676],[113.014955,-7.926676],[113.014955,-7.926131]],[[113.015767,-7.926949],[113.016037,-7.926949],[113.016037,-7.927221],[113.015767,-7.927221],[113.015767,-7.926949]]]}},{"type":"Feature","properties":{"fid":1397,"DN":3},"geometry":{"type":"Polygon","coordinates":[[[113.016579,-7.927221],[113.016579,-7.927494],[113.016849,-7.927494],[113.016849,-7.927221],[113.016579,-7.927221]]]}},{"type":"Feature","properties":{"fid":1398,"DN":3},"geometry":{"type":"Polygon","coordinates":[[[113.023075,-7.926949],[113.023075,-7.927221],[113.022804,-7.927221],[113.022804,-7.927494],[113.023346,-7.927494],[113.023346,-7.926949],[113.023075,-7.926949]]]}},{"type":"Feature","properties":{"fid":1399,"DN":3},"geometry":{"type":"Polygon","coordinates":[[[113.017932,-7.925041],[113.017932,-7.925314],[113.018474,-7.925314],[113.018474,-7.925586],[113.018744,-7.925586],[113.018744,-7.925859],[113.018474,-7.925859],[113.018474,-7.926131],[113.018203,-7.926131],[113.018203,-7.926676],[113.017391,-7.926676],[113.017391,-7.926949],[113.01712,-7.926949],[113.01712,-7.927766],[113.017391,-7.927766],[113.017391,-7.927494],[113.018474,-7.927494],[113.018474,-7.927221],[113.019286,-7.927221],[113.019286,-7.926949],[113.019556,-7.926949],[113.019556,-7.926676],[113.019827,-7.926676],[113.019827,-7.926131],[113.019286,-7.926131],[113.019286,-7.925586],[113.019015,-7.925586],[113.019015,-7.925314],[113.018744,-7.925314],[113.018744,-7.925041],[113.017932,-7.925041]]]}},{"type":"Feature","properties":{"fid":1400,"DN":4},"geometry":{"type":"Polygon","coordinates":[[[112.981391,-7.927221],[112.981391,-7.927766],[112.981932,-7.927766],[112.981932,-7.927221],[112.981391,-7.927221]]]}},{"type":"Feature","properties":{"fid":1401,"DN":3},"geometry":{"type":"Polygon","coordinates":[[[112.942414,-7.927494],[112.942414,-7.927766],[112.942684,-7.927766],[112.942684,-7.927494],[112.942414,-7.927494]]]}},{"type":"Feature","properties":{"fid":1402,"DN":3},"geometry":{"type":"Polygon","coordinates":[[[112.94485,-7.927494],[112.94485,-7.927766],[112.94512,-7.927766],[112.94512,-7.927494],[112.94485,-7.927494]]]}},{"type":"Feature","properties":{"fid":1403,"DN":3},"geometry":{"type":"Polygon","coordinates":[[[112.95703,-7.927494],[112.95703,-7.927766],[112.957301,-7.927766],[112.957301,-7.927494],[112.95703,-7.927494]]]}},{"type":"Feature","properties":{"fid":1404,"DN":3},"geometry":{"type":"Polygon","coordinates":[[[113.003316,-7.927221],[113.003316,-7.927494],[113.002774,-7.927494],[113.002774,-7.927766],[113.003586,-7.927766],[113.003586,-7.927494],[113.003857,-7.927494],[113.003857,-7.927221],[113.003316,-7.927221]]]}},{"type":"Feature","properties":{"fid":1405,"DN":3},"geometry":{"type":"Polygon","coordinates":[[[113.00494,-7.927494],[113.00494,-7.927766],[113.005752,-7.927766],[113.005752,-7.927494],[113.00494,-7.927494]]]}},{"type":"Feature","properties":{"fid":1406,"DN":3},"geometry":{"type":"Polygon","coordinates":[[[112.948369,-7.927494],[112.948369,-7.928039],[112.948639,-7.928039],[112.948639,-7.927494],[112.948369,-7.927494]]]}},{"type":"Feature","properties":{"fid":1407,"DN":3},"geometry":{"type":"Polygon","coordinates":[[[112.949722,-7.927766],[112.949722,-7.928039],[112.949993,-7.928039],[112.949993,-7.927766],[112.949722,-7.927766]]]}},{"type":"Feature","properties":{"fid":1408,"DN":4},"geometry":{"type":"Polygon","coordinates":[[[112.980308,-7.927766],[112.980308,-7.928039],[112.980579,-7.928039],[112.980579,-7.927766],[112.980308,-7.927766]]]}},{"type":"Feature","properties":{"fid":1409,"DN":3},"geometry":{"type":"Polygon","coordinates":[[[113.004669,-7.927766],[113.004669,-7.928039],[113.00494,-7.928039],[113.00494,-7.927766],[113.004669,-7.927766]]]}},{"type":"Feature","properties":{"fid":1410,"DN":3},"geometry":{"type":"Polygon","coordinates":[[[113.013331,-7.926676],[113.013331,-7.926949],[113.01306,-7.926949],[113.01306,-7.927221],[113.011707,-7.927221],[113.011707,-7.927494],[113.011436,-7.927494],[113.011436,-7.927221],[113.010895,-7.927221],[113.010895,-7.927766],[113.010624,-7.927766],[113.010624,-7.928039],[113.011165,-7.928039],[113.011165,-7.927766],[113.011436,-7.927766],[113.011436,-7.928039],[113.012519,-7.928039],[113.012519,-7.927494],[113.014143,-7.927494],[113.014143,-7.927766],[113.014413,-7.927766],[113.014413,-7.927494],[113.014684,-7.927494],[113.014684,-7.926949],[113.014143,-7.926949],[113.014143,-7.926676],[113.013331,-7.926676]]]}},{"type":"Feature","properties":{"fid":1411,"DN":3},"geometry":{"type":"Polygon","coordinates":[[[113.01306,-7.927766],[113.01306,-7.928039],[113.013601,-7.928039],[113.013601,-7.927766],[113.01306,-7.927766]]]}},{"type":"Feature","properties":{"fid":1412,"DN":4},"geometry":{"type":"Polygon","coordinates":[[[112.983015,-7.926676],[112.983015,-7.926949],[112.982744,-7.926949],[112.982744,-7.927221],[112.982474,-7.927221],[112.982474,-7.927766],[112.982744,-7.927766],[112.982744,-7.928039],[112.983556,-7.928039],[112.983556,-7.928311],[112.983827,-7.928311],[112.983827,-7.927221],[112.984098,-7.927221],[112.984098,-7.926676],[112.983015,-7.926676]]]}},{"type":"Feature","properties":{"fid":1413,"DN":3},"geometry":{"type":"Polygon","coordinates":[[[112.957301,-7.927766],[112.957301,-7.928311],[112.957842,-7.928311],[112.957842,-7.927766],[112.957301,-7.927766]]]}},{"type":"Feature","properties":{"fid":1414,"DN":3},"geometry":{"type":"Polygon","coordinates":[[[113.00494,-7.928039],[113.00494,-7.928311],[113.006022,-7.928311],[113.006022,-7.928039],[113.00494,-7.928039]]]}},{"type":"Feature","properties":{"fid":1415,"DN":3},"geometry":{"type":"Polygon","coordinates":[[[113.009271,-7.927494],[113.009271,-7.927766],[113.008188,-7.927766],[113.008188,-7.928039],[113.007647,-7.928039],[113.007647,-7.928311],[113.009271,-7.928311],[113.009271,-7.928039],[113.009812,-7.928039],[113.009812,-7.927494],[113.009271,-7.927494]]]}},{"type":"Feature","properties":{"fid":1416,"DN":3},"geometry":{"type":"Polygon","coordinates":[[[113.010083,-7.928039],[113.010083,-7.928311],[113.010624,-7.928311],[113.010624,-7.928039],[113.010083,-7.928039]]]}},{"type":"Feature","properties":{"fid":1417,"DN":3},"geometry":{"type":"Polygon","coordinates":[[[113.023616,-7.927766],[113.023616,-7.928039],[113.023075,-7.928039],[113.023075,-7.928311],[113.023887,-7.928311],[113.023887,-7.928039],[113.024428,-7.928039],[113.024428,-7.927766],[113.023616,-7.927766]]]}},{"type":"Feature","properties":{"fid":1418,"DN":3},"geometry":{"type":"Polygon","coordinates":[[[113.002233,-7.928584],[113.002233,-7.928856],[113.002504,-7.928856],[113.002504,-7.928584],[113.002233,-7.928584]]]}},{"type":"Feature","properties":{"fid":1419,"DN":3},"geometry":{"type":"Polygon","coordinates":[[[112.94485,-7.928856],[112.94485,-7.929129],[112.94512,-7.929129],[112.94512,-7.928856],[112.94485,-7.928856]]]}},{"type":"Feature","properties":{"fid":1420,"DN":4},"geometry":{"type":"Polygon","coordinates":[[[112.966504,-7.928856],[112.966504,-7.929129],[112.966774,-7.929129],[112.966774,-7.928856],[112.966504,-7.928856]]]}},{"type":"Feature","properties":{"fid":1421,"DN":4},"geometry":{"type":"Polygon","coordinates":[[[113.006834,-7.928039],[113.006834,-7.929401],[113.007647,-7.929401],[113.007647,-7.929129],[113.008459,-7.929129],[113.008459,-7.929401],[113.009,-7.929401],[113.009,-7.929129],[113.009271,-7.929129],[113.009271,-7.928311],[113.007647,-7.928311],[113.007647,-7.928039],[113.006834,-7.928039]]]}},{"type":"Feature","properties":{"fid":1422,"DN":4},"geometry":{"type":"Polygon","coordinates":[[[113.004669,-7.928039],[113.004669,-7.928311],[113.004398,-7.928311],[113.004398,-7.928856],[113.004669,-7.928856],[113.004669,-7.929401],[113.005752,-7.929401],[113.005752,-7.929129],[113.006022,-7.929129],[113.006022,-7.928311],[113.00494,-7.928311],[113.00494,-7.928039],[113.004669,-7.928039]]]}},{"type":"Feature","properties":{"fid":1423,"DN":3},"geometry":{"type":"Polygon","coordinates":[[[112.958113,-7.928039],[112.958113,-7.928584],[112.957842,-7.928584],[112.957842,-7.929401],[112.958925,-7.929401],[112.958925,-7.928856],[112.958384,-7.928856],[112.958384,-7.928039],[112.958113,-7.928039]]]}},{"type":"Feature","properties":{"fid":1424,"DN":3},"geometry":{"type":"Polygon","coordinates":[[[112.944308,-7.929129],[112.944308,-7.929401],[112.944579,-7.929401],[112.944579,-7.929129],[112.944308,-7.929129]]]}},{"type":"Feature","properties":{"fid":1425,"DN":4},"geometry":{"type":"Polygon","coordinates":[[[112.946744,-7.929129],[112.946744,-7.929401],[112.947015,-7.929401],[112.947015,-7.929129],[112.946744,-7.929129]]]}},{"type":"Feature","properties":{"fid":1426,"DN":4},"geometry":{"type":"Polygon","coordinates":[[[113.006293,-7.929129],[113.006293,-7.929401],[113.006564,-7.929401],[113.006564,-7.929129],[113.006293,-7.929129]]]}},{"type":"Feature","properties":{"fid":1427,"DN":3},"geometry":{"type":"Polygon","coordinates":[[[113.011436,-7.929129],[113.011436,-7.929401],[113.011707,-7.929401],[113.011707,-7.929129],[113.011436,-7.929129]]]}},{"type":"Feature","properties":{"fid":1428,"DN":4},"geometry":{"type":"Polygon","coordinates":[[[112.944308,-7.929401],[112.944308,-7.929674],[112.944579,-7.929674],[112.944579,-7.929401],[112.944308,-7.929401]]]}},{"type":"Feature","properties":{"fid":1429,"DN":3},"geometry":{"type":"Polygon","coordinates":[[[112.942414,-7.929674],[112.942414,-7.929946],[112.942684,-7.929946],[112.942684,-7.929674],[112.942414,-7.929674]]]}},{"type":"Feature","properties":{"fid":1430,"DN":4},"geometry":{"type":"Polygon","coordinates":[[[112.94512,-7.929674],[112.94512,-7.929946],[112.945391,-7.929946],[112.945391,-7.929674],[112.94512,-7.929674]]]}},{"type":"Feature","properties":{"fid":1431,"DN":3},"geometry":{"type":"Polygon","coordinates":[[[113.012248,-7.929674],[113.012248,-7.929946],[113.012519,-7.929946],[113.012519,-7.929674],[113.012248,-7.929674]]]}},{"type":"Feature","properties":{"fid":1432,"DN":3},"geometry":{"type":"Polygon","coordinates":[[[112.942684,-7.929946],[112.942684,-7.930219],[112.942955,-7.930219],[112.942955,-7.929946],[112.942684,-7.929946]]]}},{"type":"Feature","properties":{"fid":1433,"DN":4},"geometry":{"type":"Polygon","coordinates":[[[112.950263,-7.929946],[112.950263,-7.930219],[112.950534,-7.930219],[112.950534,-7.929946],[112.950263,-7.929946]]]}},{"type":"Feature","properties":{"fid":1434,"DN":3},"geometry":{"type":"Polygon","coordinates":[[[112.961361,-7.929946],[112.961361,-7.930219],[112.962173,-7.930219],[112.962173,-7.929946],[112.961361,-7.929946]]]}},{"type":"Feature","properties":{"fid":1435,"DN":3},"geometry":{"type":"Polygon","coordinates":[[[113.011165,-7.929946],[113.011165,-7.930219],[113.010895,-7.930219],[113.010895,-7.930491],[113.011707,-7.930491],[113.011707,-7.930219],[113.011977,-7.930219],[113.011977,-7.929946],[113.011165,-7.929946]]]}},{"type":"Feature","properties":{"fid":1436,"DN":3},"geometry":{"type":"Polygon","coordinates":[[[112.941872,-7.930219],[112.941872,-7.930764],[112.942143,-7.930764],[112.942143,-7.930219],[112.941872,-7.930219]]]}},{"type":"Feature","properties":{"fid":1437,"DN":3},"geometry":{"type":"Polygon","coordinates":[[[113.007105,-7.930764],[113.007105,-7.931036],[113.008188,-7.931036],[113.008188,-7.930764],[113.007105,-7.930764]]]}},{"type":"Feature","properties":{"fid":1438,"DN":4},"geometry":{"type":"Polygon","coordinates":[[[113.004398,-7.930764],[113.004398,-7.931309],[113.004669,-7.931309],[113.004669,-7.930764],[113.004398,-7.930764]]]}},{"type":"Feature","properties":{"fid":1439,"DN":3},"geometry":{"type":"Polygon","coordinates":[[[113.009812,-7.931036],[113.009812,-7.931581],[113.010353,-7.931581],[113.010353,-7.931036],[113.009812,-7.931036]]]}},{"type":"Feature","properties":{"fid":1440,"DN":4},"geometry":{"type":"Polygon","coordinates":[[[113.001692,-7.931309],[113.001692,-7.931581],[113.001962,-7.931581],[113.001962,-7.931309],[113.001692,-7.931309]]]}},{"type":"Feature","properties":{"fid":1441,"DN":3},"geometry":{"type":"Polygon","coordinates":[[[113.007376,-7.931581],[113.007376,-7.931854],[113.007917,-7.931854],[113.007917,-7.931581],[113.007376,-7.931581]]]}},{"type":"Feature","properties":{"fid":1442,"DN":3},"geometry":{"type":"Polygon","coordinates":[[[113.01306,-7.931854],[113.01306,-7.932126],[113.013601,-7.932126],[113.013601,-7.931854],[113.01306,-7.931854]]]}},{"type":"Feature","properties":{"fid":1443,"DN":3},"geometry":{"type":"Polygon","coordinates":[[[113.007105,-7.931854],[113.007105,-7.932399],[113.007376,-7.932399],[113.007376,-7.931854],[113.007105,-7.931854]]]}},{"type":"Feature","properties":{"fid":1444,"DN":3},"geometry":{"type":"Polygon","coordinates":[[[113.012789,-7.932126],[113.012789,-7.932399],[113.01306,-7.932399],[113.01306,-7.932126],[113.012789,-7.932126]]]}},{"type":"Feature","properties":{"fid":1445,"DN":4},"geometry":{"type":"Polygon","coordinates":[[[112.999526,-7.932126],[112.999526,-7.932399],[113.00088,-7.932399],[113.00088,-7.932671],[113.001421,-7.932671],[113.001421,-7.932399],[113.00115,-7.932399],[113.00115,-7.932126],[112.999526,-7.932126]]]}},{"type":"Feature","properties":{"fid":1446,"DN":4},"geometry":{"type":"Polygon","coordinates":[[[113.001421,-7.932671],[113.001421,-7.933216],[113.001692,-7.933216],[113.001692,-7.932671],[113.001421,-7.932671]]]}},{"type":"Feature","properties":{"fid":1447,"DN":3},"geometry":{"type":"Polygon","coordinates":[[[113.010624,-7.932944],[113.010624,-7.933216],[113.010895,-7.933216],[113.010895,-7.932944],[113.010624,-7.932944]]]}},{"type":"Feature","properties":{"fid":1448,"DN":4},"geometry":{"type":"Polygon","coordinates":[[[112.989782,-7.932944],[112.989782,-7.933489],[112.990053,-7.933489],[112.990053,-7.932944],[112.989782,-7.932944]]]}},{"type":"Feature","properties":{"fid":1449,"DN":4},"geometry":{"type":"Polygon","coordinates":[[[113.001692,-7.933216],[113.001692,-7.933489],[113.002233,-7.933489],[113.002233,-7.933216],[113.001692,-7.933216]]]}},{"type":"Feature","properties":{"fid":1450,"DN":3},"geometry":{"type":"Polygon","coordinates":[[[113.004128,-7.932944],[113.004128,-7.933216],[113.004398,-7.933216],[113.004398,-7.934034],[113.004669,-7.934034],[113.004669,-7.933216],[113.00494,-7.933216],[113.00494,-7.932944],[113.004128,-7.932944]]]}},{"type":"Feature","properties":{"fid":1451,"DN":3},"geometry":{"type":"Polygon","coordinates":[[[113.005481,-7.933216],[113.005481,-7.933489],[113.005752,-7.933489],[113.005752,-7.934034],[113.006293,-7.934034],[113.006293,-7.933489],[113.006834,-7.933489],[113.006834,-7.933216],[113.005481,-7.933216]]]}},{"type":"Feature","properties":{"fid":1452,"DN":4},"geometry":{"type":"Polygon","coordinates":[[[112.995737,-7.934579],[112.995737,-7.934851],[112.996007,-7.934851],[112.996007,-7.934579],[112.995737,-7.934579]]]}},{"type":"Feature","properties":{"fid":1453,"DN":3},"geometry":{"type":"Polygon","coordinates":[[[113.005481,-7.934034],[113.005481,-7.934306],[113.004398,-7.934306],[113.004398,-7.934579],[113.004128,-7.934579],[113.004128,-7.934851],[113.003857,-7.934851],[113.003857,-7.935124],[113.004398,-7.935124],[113.004398,-7.934851],[113.005481,-7.934851],[113.005481,-7.934579],[113.006022,-7.934579],[113.006022,-7.934306],[113.005752,-7.934306],[113.005752,-7.934034],[113.005481,-7.934034]]]}},{"type":"Feature","properties":{"fid":1454,"DN":4},"geometry":{"type":"Polygon","coordinates":[[[112.992218,-7.935396],[112.992218,-7.935669],[112.992489,-7.935669],[112.992489,-7.935396],[112.992218,-7.935396]]]}},{"type":"Feature","properties":{"fid":1455,"DN":4},"geometry":{"type":"Polygon","coordinates":[[[112.990594,-7.937304],[112.990594,-7.937577],[112.990865,-7.937577],[112.990865,-7.937304],[112.990594,-7.937304]]]}},{"type":"Feature","properties":{"fid":1456,"DN":4},"geometry":{"type":"Polygon","coordinates":[[[112.993301,-7.938394],[112.993301,-7.938939],[112.993571,-7.938939],[112.993571,-7.938394],[112.993301,-7.938394]]]}},{"type":"Feature","properties":{"fid":1457,"DN":4},"geometry":{"type":"Polygon","coordinates":[[[112.99303,-7.938939],[112.99303,-7.939212],[112.993301,-7.939212],[112.993301,-7.938939],[112.99303,-7.938939]]]}},{"type":"Feature","properties":{"fid":1458,"DN":4},"geometry":{"type":"Polygon","coordinates":[[[112.982203,-7.898608],[112.982203,-7.899426],[112.978955,-7.899426],[112.978955,-7.899698],[112.978684,-7.899698],[112.978684,-7.900243],[112.978414,-7.900243],[112.978414,-7.900516],[112.977872,-7.900516],[112.977872,-7.901061],[112.977331,-7.901061],[112.977331,-7.901333],[112.976789,-7.901333],[112.976789,-7.901606],[112.976248,-7.901606],[112.976248,-7.901878],[112.975977,-7.901878],[112.975977,-7.901333],[112.975436,-7.901333],[112.975436,-7.902151],[112.974895,-7.902151],[112.974895,-7.902423],[112.975165,-7.902423],[112.975165,-7.902696],[112.974895,-7.902696],[112.974895,-7.902968],[112.974624,-7.902968],[112.974624,-7.902151],[112.974083,-7.902151],[112.974083,-7.901878],[112.974624,-7.901878],[112.974624,-7.901606],[112.973812,-7.901606],[112.973812,-7.902151],[112.973541,-7.902151],[112.973541,-7.903513],[112.973812,-7.903513],[112.973812,-7.903786],[112.973541,-7.903786],[112.973541,-7.904331],[112.973271,-7.904331],[112.973271,-7.904603],[112.972729,-7.904603],[112.972729,-7.904876],[112.972459,-7.904876],[112.972459,-7.905148],[112.972188,-7.905148],[112.972188,-7.905421],[112.971647,-7.905421],[112.971647,-7.905693],[112.970835,-7.905693],[112.970835,-7.906511],[112.970564,-7.906511],[112.970564,-7.906783],[112.970023,-7.906783],[112.970023,-7.907056],[112.969752,-7.907056],[112.969752,-7.907328],[112.969481,-7.907328],[112.969481,-7.907601],[112.96894,-7.907601],[112.96894,-7.907328],[112.968669,-7.907328],[112.968669,-7.907873],[112.968399,-7.907873],[112.968399,-7.908146],[112.968128,-7.908146],[112.968128,-7.908691],[112.967857,-7.908691],[112.967857,-7.908963],[112.967316,-7.908963],[112.967316,-7.909236],[112.967045,-7.909236],[112.967045,-7.909508],[112.966504,-7.909508],[112.966504,-7.909781],[112.966233,-7.909781],[112.966233,-7.910053],[112.965962,-7.910053],[112.965962,-7.910326],[112.965692,-7.910326],[112.965692,-7.910598],[112.96515,-7.910598],[112.96515,-7.910326],[112.964068,-7.910326],[112.964068,-7.910053],[112.963797,-7.910053],[112.963797,-7.911143],[112.963526,-7.911143],[112.963526,-7.911416],[112.962714,-7.911416],[112.962714,-7.911688],[112.96082,-7.911688],[112.96082,-7.911416],[112.960549,-7.911416],[112.960549,-7.911688],[112.960278,-7.911688],[112.960278,-7.911961],[112.959737,-7.911961],[112.959737,-7.912233],[112.959196,-7.912233],[112.959196,-7.911961],[112.958925,-7.911961],[112.958925,-7.912233],[112.958384,-7.912233],[112.958384,-7.911961],[112.957571,-7.911961],[112.957571,-7.911143],[112.958113,-7.911143],[112.958113,-7.911688],[112.958384,-7.911688],[112.958384,-7.911416],[112.960278,-7.911416],[112.960278,-7.911143],[112.959737,-7.911143],[112.959737,-7.910326],[112.959196,-7.910326],[112.959196,-7.911143],[112.958925,-7.911143],[112.958925,-7.909781],[112.959196,-7.909781],[112.959196,-7.909508],[112.960008,-7.909508],[112.960008,-7.908963],[112.960278,-7.908963],[112.960278,-7.908691],[112.960549,-7.908691],[112.960549,-7.908418],[112.96082,-7.908418],[112.96082,-7.907601],[112.960278,-7.907601],[112.960278,-7.908418],[112.959196,-7.908418],[112.959196,-7.908691],[112.958113,-7.908691],[112.958113,-7.908418],[112.957301,-7.908418],[112.957301,-7.908146],[112.956759,-7.908146],[112.956759,-7.907601],[112.956218,-7.907601],[112.956218,-7.907328],[112.955135,-7.907328],[112.955135,-7.907056],[112.954865,-7.907056],[112.954865,-7.906783],[112.954053,-7.906783],[112.954053,-7.906511],[112.953782,-7.906511],[112.953782,-7.906783],[112.953241,-7.906783],[112.953241,-7.906511],[112.95297,-7.906511],[112.95297,-7.907056],[112.953241,-7.907056],[112.953241,-7.908418],[112.954053,-7.908418],[112.954053,-7.908691],[112.954865,-7.908691],[112.954865,-7.908963],[112.954323,-7.908963],[112.954323,-7.909508],[112.954053,-7.909508],[112.954053,-7.909781],[112.953511,-7.909781],[112.953511,-7.910326],[112.953782,-7.910326],[112.953782,-7.910871],[112.954053,-7.910871],[112.954053,-7.911143],[112.954865,-7.911143],[112.954865,-7.910871],[112.954323,-7.910871],[112.954323,-7.910326],[112.954865,-7.910326],[112.954865,-7.910053],[112.955135,-7.910053],[112.955135,-7.909781],[112.955406,-7.909781],[112.955406,-7.909236],[112.955677,-7.909236],[112.955677,-7.911143],[112.955947,-7.911143],[112.955947,-7.911416],[112.956489,-7.911416],[112.956489,-7.911688],[112.957301,-7.911688],[112.957301,-7.912233],[112.957571,-7.912233],[112.957571,-7.912506],[112.956489,-7.912506],[112.956489,-7.912778],[112.955677,-7.912778],[112.955677,-7.913051],[112.954594,-7.913051],[112.954594,-7.913323],[112.953511,-7.913323],[112.953511,-7.913596],[112.949722,-7.913596],[112.949722,-7.913323],[112.94891,-7.913323],[112.94891,-7.913596],[112.948098,-7.913596],[112.948098,-7.913868],[112.947827,-7.913868],[112.947827,-7.914413],[112.946744,-7.914413],[112.946744,-7.914686],[112.945932,-7.914686],[112.945932,-7.914958],[112.945391,-7.914958],[112.945391,-7.915231],[112.94485,-7.915231],[112.94485,-7.915776],[112.944308,-7.915776],[112.944308,-7.916048],[112.943767,-7.916048],[112.943767,-7.916321],[112.943496,-7.916321],[112.943496,-7.916594],[112.943226,-7.916594],[112.943226,-7.916866],[112.942955,-7.916866],[112.942955,-7.917139],[112.941602,-7.917139],[112.941602,-7.917411],[112.941331,-7.917411],[112.941331,-7.917684],[112.94079,-7.917684],[112.94079,-7.918501],[112.940519,-7.918501],[112.940519,-7.918774],[112.939978,-7.918774],[112.939978,-7.919319],[112.939166,-7.919319],[112.939166,-7.919591],[112.937812,-7.919591],[112.937812,-7.920136],[112.937541,-7.920136],[112.937541,-7.920681],[112.937271,-7.920681],[112.937271,-7.920954],[112.936459,-7.920954],[112.936459,-7.921499],[112.936188,-7.921499],[112.936188,-7.922861],[112.935647,-7.922861],[112.935647,-7.923679],[112.935376,-7.923679],[112.935376,-7.924496],[112.934564,-7.924496],[112.934564,-7.924769],[112.934023,-7.924769],[112.934023,-7.925041],[112.933481,-7.925041],[112.933481,-7.925314],[112.933211,-7.925314],[112.933211,-7.926131],[112.933481,-7.926131],[112.933481,-7.926404],[112.934023,-7.926404],[112.934023,-7.926676],[112.935105,-7.926676],[112.935105,-7.926949],[112.935647,-7.926949],[112.935647,-7.927221],[112.935376,-7.927221],[112.935376,-7.927494],[112.935647,-7.927494],[112.935647,-7.927766],[112.935917,-7.927766],[112.935917,-7.928039],[112.936188,-7.928039],[112.936188,-7.928584],[112.937,-7.928584],[112.937,-7.928856],[112.937541,-7.928856],[112.937541,-7.929129],[112.937812,-7.929129],[112.937812,-7.929401],[112.938083,-7.929401],[112.938083,-7.929674],[112.938354,-7.929674],[112.938354,-7.929946],[112.938624,-7.929946],[112.938624,-7.930219],[112.939166,-7.930219],[112.939166,-7.930491],[112.939707,-7.930491],[112.939707,-7.930764],[112.940248,-7.930764],[112.940248,-7.931309],[112.941331,-7.931309],[112.941331,-7.931036],[112.942143,-7.931036],[112.942143,-7.930764],[112.942414,-7.930764],[112.942414,-7.930491],[112.942684,-7.930491],[112.942684,-7.931036],[112.942955,-7.931036],[112.942955,-7.930219],[112.943226,-7.930219],[112.943226,-7.929401],[112.944308,-7.929401],[112.944308,-7.929129],[112.944579,-7.929129],[112.944579,-7.929401],[112.945391,-7.929401],[112.945391,-7.928856],[112.946203,-7.928856],[112.946203,-7.928311],[112.94512,-7.928311],[112.94512,-7.928039],[112.945391,-7.928039],[112.945391,-7.927766],[112.945662,-7.927766],[112.945662,-7.927221],[112.945391,-7.927221],[112.945391,-7.926949],[112.945662,-7.926949],[112.945662,-7.926404],[112.94512,-7.926404],[112.94512,-7.925859],[112.945391,-7.925859],[112.945391,-7.925586],[112.945662,-7.925586],[112.945662,-7.925314],[112.945932,-7.925314],[112.945932,-7.925041],[112.946744,-7.925041],[112.946744,-7.924769],[112.947015,-7.924769],[112.947015,-7.924496],[112.947286,-7.924496],[112.947286,-7.924224],[112.947827,-7.924224],[112.947827,-7.923951],[112.948098,-7.923951],[112.948098,-7.924769],[112.947827,-7.924769],[112.947827,-7.925041],[112.947556,-7.925041],[112.947556,-7.925859],[112.947827,-7.925859],[112.947827,-7.926676],[112.947556,-7.926676],[112.947556,-7.926949],[112.948098,-7.926949],[112.948098,-7.927766],[112.947827,-7.927766],[112.947827,-7.928039],[112.948369,-7.928039],[112.948369,-7.928311],[112.949181,-7.928311],[112.949181,-7.928584],[112.948639,-7.928584],[112.948639,-7.929129],[112.949451,-7.929129],[112.949451,-7.929401],[112.949722,-7.929401],[112.949722,-7.929674],[112.949993,-7.929674],[112.949993,-7.929401],[112.950534,-7.929401],[112.950534,-7.929946],[112.950805,-7.929946],[112.950805,-7.929674],[112.951617,-7.929674],[112.951617,-7.929401],[112.952158,-7.929401],[112.952158,-7.929129],[112.952699,-7.929129],[112.952699,-7.928584],[112.95297,-7.928584],[112.95297,-7.928311],[112.952699,-7.928311],[112.952699,-7.927766],[112.95297,-7.927766],[112.95297,-7.926676],[112.953241,-7.926676],[112.953241,-7.925586],[112.953511,-7.925586],[112.953511,-7.925314],[112.953782,-7.925314],[112.953782,-7.925041],[112.954323,-7.925041],[112.954323,-7.924769],[112.954594,-7.924769],[112.954594,-7.924496],[112.955135,-7.924496],[112.955135,-7.924224],[112.955406,-7.924224],[112.955406,-7.926131],[112.955677,-7.926131],[112.955677,-7.927494],[112.955947,-7.927494],[112.955947,-7.928039],[112.956489,-7.928039],[112.956489,-7.928311],[112.956759,-7.928311],[112.956759,-7.928584],[112.95703,-7.928584],[112.95703,-7.928856],[112.957301,-7.928856],[112.957301,-7.929401],[112.957571,-7.929401],[112.957571,-7.929674],[112.958113,-7.929674],[112.958113,-7.929946],[112.958384,-7.929946],[112.958384,-7.930219],[112.959466,-7.930219],[112.959466,-7.930491],[112.96082,-7.930491],[112.96082,-7.930764],[112.962985,-7.930764],[112.962985,-7.930491],[112.964338,-7.930491],[112.964338,-7.930219],[112.96515,-7.930219],[112.96515,-7.929946],[112.965692,-7.929946],[112.965692,-7.929674],[112.966233,-7.929674],[112.966233,-7.928856],[112.966504,-7.928856],[112.966504,-7.928584],[112.96515,-7.928584],[112.96515,-7.928311],[112.96488,-7.928311],[112.96488,-7.927221],[112.96515,-7.927221],[112.96515,-7.925859],[112.964338,-7.925859],[112.964338,-7.925586],[112.964609,-7.925586],[112.964609,-7.925314],[112.963526,-7.925314],[112.963526,-7.925041],[112.964068,-7.925041],[112.964068,-7.924769],[112.963526,-7.924769],[112.963526,-7.924496],[112.963256,-7.924496],[112.963256,-7.923679],[112.962985,-7.923679],[112.962985,-7.923406],[112.962714,-7.923406],[112.962714,-7.922861],[112.962444,-7.922861],[112.962444,-7.922589],[112.962173,-7.922589],[112.962173,-7.922316],[112.96109,-7.922316],[112.96109,-7.921226],[112.96082,-7.921226],[112.96082,-7.920954],[112.958654,-7.920954],[112.958654,-7.920681],[112.958384,-7.920681],[112.958384,-7.920409],[112.958113,-7.920409],[112.958113,-7.920136],[112.957842,-7.920136],[112.957842,-7.919864],[112.957571,-7.919864],[112.957571,-7.917684],[112.957301,-7.917684],[112.957301,-7.914958],[112.956489,-7.914958],[112.956489,-7.914686],[112.95703,-7.914686],[112.95703,-7.914141],[112.956489,-7.914141],[112.956489,-7.913051],[112.95703,-7.913051],[112.95703,-7.913868],[112.957301,-7.913868],[112.957301,-7.914141],[112.957571,-7.914141],[112.957571,-7.914413],[112.957842,-7.914413],[112.957842,-7.914686],[112.958113,-7.914686],[112.958113,-7.915231],[112.958384,-7.915231],[112.958384,-7.916321],[112.958113,-7.916321],[112.958113,-7.916594],[112.958384,-7.916594],[112.958384,-7.917684],[112.959466,-7.917684],[112.959466,-7.919319],[112.959737,-7.919319],[112.959737,-7.919046],[112.960008,-7.919046],[112.960008,-7.917956],[112.959737,-7.917956],[112.959737,-7.917684],[112.960549,-7.917684],[112.960549,-7.917411],[112.96082,-7.917411],[112.96082,-7.917684],[112.96109,-7.917684],[112.96109,-7.917956],[112.96082,-7.917956],[112.96082,-7.918229],[112.96109,-7.918229],[112.96109,-7.919319],[112.961361,-7.919319],[112.961361,-7.919864],[112.961902,-7.919864],[112.961902,-7.919319],[112.962173,-7.919319],[112.962173,-7.919591],[112.962444,-7.919591],[112.962444,-7.919864],[112.962173,-7.919864],[112.962173,-7.920681],[112.962444,-7.920681],[112.962444,-7.920136],[112.962985,-7.920136],[112.962985,-7.919319],[112.963256,-7.919319],[112.963256,-7.920136],[112.963526,-7.920136],[112.963526,-7.920409],[112.964068,-7.920409],[112.964068,-7.920681],[112.963256,-7.920681],[112.963256,-7.920409],[112.962714,-7.920409],[112.962714,-7.920954],[112.963256,-7.920954],[112.963256,-7.922044],[112.963526,-7.922044],[112.963526,-7.922316],[112.964068,-7.922316],[112.964068,-7.922861],[112.964338,-7.922861],[112.964338,-7.923406],[112.96488,-7.923406],[112.96488,-7.923679],[112.96515,-7.923679],[112.96515,-7.923951],[112.965692,-7.923951],[112.965692,-7.924769],[112.965962,-7.924769],[112.965962,-7.923406],[112.966504,-7.923406],[112.966504,-7.923679],[112.967316,-7.923679],[112.967316,-7.923406],[112.967045,-7.923406],[112.967045,-7.922861],[112.966774,-7.922861],[112.966774,-7.922316],[112.967586,-7.922316],[112.967586,-7.921499],[112.968399,-7.921499],[112.968399,-7.922044],[112.96894,-7.922044],[112.96894,-7.921499],[112.969211,-7.921499],[112.969211,-7.922044],[112.969481,-7.922044],[112.969481,-7.921226],[112.968399,-7.921226],[112.968399,-7.920954],[112.968128,-7.920954],[112.968128,-7.921226],[112.967586,-7.921226],[112.967586,-7.920681],[112.967316,-7.920681],[112.967316,-7.920136],[112.966233,-7.920136],[112.966233,-7.919591],[112.965692,-7.919591],[112.965692,-7.919319],[112.965962,-7.919319],[112.965962,-7.918774],[112.965421,-7.918774],[112.965421,-7.917684],[112.96515,-7.917684],[112.96515,-7.917956],[112.964609,-7.917956],[112.964609,-7.918229],[112.963797,-7.918229],[112.963797,-7.917684],[112.963256,-7.917684],[112.963256,-7.917139],[112.962714,-7.917139],[112.962714,-7.916866],[112.962985,-7.916866],[112.962985,-7.915776],[112.964338,-7.915776],[112.964338,-7.916594],[112.963797,-7.916594],[112.963797,-7.916866],[112.964609,-7.916866],[112.964609,-7.916594],[112.96488,-7.916594],[112.96488,-7.916866],[112.96515,-7.916866],[112.96515,-7.915776],[112.965962,-7.915776],[112.965962,-7.915231],[112.965692,-7.915231],[112.965692,-7.915503],[112.965421,-7.915503],[112.965421,-7.915231],[112.96515,-7.915231],[112.96515,-7.914958],[112.964609,-7.914958],[112.964609,-7.914413],[112.963797,-7.914413],[112.963797,-7.914141],[112.964338,-7.914141],[112.964338,-7.913868],[112.96488,-7.913868],[112.96488,-7.914141],[112.965962,-7.914141],[112.965962,-7.914686],[112.966233,-7.914686],[112.966233,-7.914958],[112.967045,-7.914958],[112.967045,-7.915231],[112.967857,-7.915231],[112.967857,-7.914686],[112.967586,-7.914686],[112.967586,-7.914413],[112.968128,-7.914413],[112.968128,-7.913596],[112.968399,-7.913596],[112.968399,-7.914141],[112.968669,-7.914141],[112.968669,-7.914413],[112.96894,-7.914413],[112.96894,-7.913596],[112.969481,-7.913596],[112.969481,-7.913051],[112.969752,-7.913051],[112.969752,-7.912778],[112.970023,-7.912778],[112.970023,-7.912233],[112.970293,-7.912233],[112.970293,-7.911416],[112.970835,-7.911416],[112.970835,-7.910326],[112.971376,-7.910326],[112.971376,-7.909508],[112.971105,-7.909508],[112.971105,-7.909236],[112.970564,-7.909236],[112.970564,-7.908963],[112.971105,-7.908963],[112.971105,-7.908146],[112.971917,-7.908146],[112.971917,-7.908418],[112.972188,-7.908418],[112.972188,-7.909236],[112.973271,-7.909236],[112.973271,-7.908963],[112.972459,-7.908963],[112.972459,-7.908418],[112.973,-7.908418],[112.973,-7.908146],[112.973812,-7.908146],[112.973812,-7.907873],[112.973271,-7.907873],[112.973271,-7.907601],[112.974083,-7.907601],[112.974083,-7.907328],[112.974624,-7.907328],[112.974624,-7.907601],[112.975977,-7.907601],[112.975977,-7.907328],[112.976248,-7.907328],[112.976248,-7.907056],[112.976519,-7.907056],[112.976519,-7.906783],[112.97706,-7.906783],[112.97706,-7.907056],[112.978414,-7.907056],[112.978414,-7.907601],[112.978684,-7.907601],[112.978684,-7.908146],[112.979496,-7.908146],[112.979496,-7.908691],[112.980038,-7.908691],[112.980038,-7.908418],[112.98085,-7.908418],[112.98085,-7.908146],[112.98112,-7.908146],[112.98112,-7.908691],[112.981391,-7.908691],[112.981391,-7.909236],[112.981932,-7.909236],[112.981932,-7.908146],[112.983015,-7.908146],[112.983015,-7.907873],[112.983286,-7.907873],[112.983286,-7.908418],[112.983556,-7.908418],[112.983556,-7.909236],[112.983827,-7.909236],[112.983827,-7.908691],[112.984639,-7.908691],[112.984639,-7.910326],[112.98491,-7.910326],[112.98491,-7.910053],[112.98518,-7.910053],[112.98518,-7.910871],[112.985722,-7.910871],[112.985722,-7.910598],[112.985451,-7.910598],[112.985451,-7.910326],[112.985722,-7.910326],[112.985722,-7.910053],[112.985451,-7.910053],[112.985451,-7.909508],[112.98518,-7.909508],[112.98518,-7.908691],[112.985451,-7.908691],[112.985451,-7.908963],[112.985992,-7.908963],[112.985992,-7.909508],[112.987075,-7.909508],[112.987075,-7.909781],[112.987346,-7.909781],[112.987346,-7.910053],[112.987075,-7.910053],[112.987075,-7.910326],[112.987346,-7.910326],[112.987346,-7.910598],[112.987617,-7.910598],[112.987617,-7.910326],[112.987887,-7.910326],[112.987887,-7.910053],[112.988429,-7.910053],[112.988429,-7.910598],[112.988158,-7.910598],[112.988158,-7.910871],[112.989241,-7.910871],[112.989241,-7.911416],[112.989511,-7.911416],[112.989511,-7.911688],[112.989782,-7.911688],[112.989782,-7.911416],[112.990053,-7.911416],[112.990053,-7.911143],[112.989782,-7.911143],[112.989782,-7.910871],[112.989511,-7.910871],[112.989511,-7.910326],[112.990053,-7.910326],[112.990053,-7.910598],[112.991677,-7.910598],[112.991677,-7.910871],[112.992489,-7.910871],[112.992489,-7.911143],[112.99303,-7.911143],[112.99303,-7.911416],[112.993301,-7.911416],[112.993301,-7.911143],[112.993571,-7.911143],[112.993571,-7.910871],[112.994113,-7.910871],[112.994113,-7.909236],[112.994383,-7.909236],[112.994383,-7.908691],[112.994113,-7.908691],[112.994113,-7.908146],[112.994383,-7.908146],[112.994383,-7.908418],[112.994654,-7.908418],[112.994654,-7.908691],[112.994925,-7.908691],[112.994925,-7.907601],[112.995466,-7.907601],[112.995466,-7.907328],[112.995737,-7.907328],[112.995737,-7.906783],[112.996007,-7.906783],[112.996007,-7.906511],[112.996549,-7.906511],[112.996549,-7.905966],[112.997902,-7.905966],[112.997902,-7.906238],[112.998173,-7.906238],[112.998173,-7.906511],[112.998444,-7.906511],[112.998444,-7.906238],[112.998714,-7.906238],[112.998714,-7.906511],[112.999256,-7.906511],[112.999256,-7.907328],[112.999526,-7.907328],[112.999526,-7.907601],[112.999256,-7.907601],[112.999256,-7.908418],[112.999526,-7.908418],[112.999526,-7.909236],[112.999256,-7.909236],[112.999256,-7.910053],[112.999526,-7.910053],[112.999526,-7.911416],[112.999256,-7.911416],[112.999256,-7.911688],[112.999526,-7.911688],[112.999526,-7.925041],[113.000068,-7.925041],[113.000068,-7.925314],[112.999526,-7.925314],[112.999526,-7.926131],[113.000338,-7.926131],[113.000338,-7.925859],[113.001421,-7.925859],[113.001421,-7.926404],[113.00115,-7.926404],[113.00115,-7.926676],[112.999526,-7.926676],[112.999526,-7.927494],[113.000068,-7.927494],[113.000068,-7.927221],[113.00088,-7.927221],[113.00088,-7.926949],[113.001692,-7.926949],[113.001692,-7.926676],[113.001962,-7.926676],[113.001962,-7.926949],[113.002233,-7.926949],[113.002233,-7.926676],[113.002774,-7.926676],[113.002774,-7.926404],[113.003586,-7.926404],[113.003586,-7.926131],[113.003857,-7.926131],[113.003857,-7.925586],[113.00521,-7.925586],[113.00521,-7.925314],[113.006022,-7.925314],[113.006022,-7.925041],[113.006834,-7.925041],[113.006834,-7.925314],[113.006564,-7.925314],[113.006564,-7.925586],[113.005752,-7.925586],[113.005752,-7.926131],[113.004669,-7.926131],[113.004669,-7.926404],[113.004398,-7.926404],[113.004398,-7.926676],[113.003857,-7.926676],[113.003857,-7.926949],[113.004128,-7.926949],[113.004128,-7.927221],[113.003857,-7.927221],[113.003857,-7.927494],[113.003586,-7.927494],[113.003586,-7.927766],[113.002774,-7.927766],[113.002774,-7.927494],[113.003316,-7.927494],[113.003316,-7.927221],[113.002504,-7.927221],[113.002504,-7.927494],[113.001421,-7.927494],[113.001421,-7.927766],[113.00115,-7.927766],[113.00115,-7.928584],[113.00088,-7.928584],[113.00088,-7.928039],[113.000068,-7.928039],[113.000068,-7.928584],[112.999797,-7.928584],[112.999797,-7.929129],[112.999526,-7.929129],[112.999526,-7.930491],[112.999797,-7.930491],[112.999797,-7.930764],[113.00088,-7.930764],[113.00088,-7.930491],[113.00115,-7.930491],[113.00115,-7.931309],[113.001692,-7.931309],[113.001692,-7.930764],[113.002233,-7.930764],[113.002233,-7.931581],[113.002504,-7.931581],[113.002504,-7.930491],[113.003045,-7.930491],[113.003045,-7.930764],[113.003316,-7.930764],[113.003316,-7.930491],[113.003857,-7.930491],[113.003857,-7.930219],[113.003586,-7.930219],[113.003586,-7.929946],[113.003045,-7.929946],[113.003045,-7.929674],[113.003857,-7.929674],[113.003857,-7.929946],[113.004128,-7.929946],[113.004128,-7.930219],[113.004398,-7.930219],[113.004398,-7.929129],[113.004128,-7.929129],[113.004128,-7.928311],[113.003586,-7.928311],[113.003586,-7.928584],[113.003045,-7.928584],[113.003045,-7.928311],[113.002774,-7.928311],[113.002774,-7.928039],[113.003857,-7.928039],[113.003857,-7.927766],[113.004128,-7.927766],[113.004128,-7.928039],[113.004669,-7.928039],[113.004669,-7.927766],[113.00494,-7.927766],[113.00494,-7.928039],[113.006022,-7.928039],[113.006022,-7.928311],[113.006564,-7.928311],[113.006564,-7.927766],[113.007647,-7.927766],[113.007647,-7.928039],[113.008188,-7.928039],[113.008188,-7.927766],[113.009271,-7.927766],[113.009271,-7.927494],[113.009812,-7.927494],[113.009812,-7.928039],[113.009271,-7.928039],[113.009271,-7.928311],[113.009812,-7.928311],[113.009812,-7.928856],[113.010083,-7.928856],[113.010083,-7.928584],[113.010624,-7.928584],[113.010624,-7.928311],[113.011436,-7.928311],[113.011436,-7.928584],[113.011165,-7.928584],[113.011165,-7.929401],[113.009271,-7.929401],[113.009271,-7.929674],[113.008459,-7.929674],[113.008459,-7.929946],[113.007105,-7.929946],[113.007105,-7.930219],[113.007376,-7.930219],[113.007376,-7.930491],[113.007105,-7.930491],[113.007105,-7.930764],[113.006834,-7.930764],[113.006834,-7.932399],[113.006564,-7.932399],[113.006564,-7.932671],[113.005752,-7.932671],[113.005752,-7.932944],[113.00494,-7.932944],[113.00494,-7.932671],[113.003857,-7.932671],[113.003857,-7.932944],[113.003316,-7.932944],[113.003316,-7.933216],[113.003857,-7.933216],[113.003857,-7.933489],[113.003586,-7.933489],[113.003586,-7.934579],[113.003316,-7.934579],[113.003316,-7.934851],[113.003045,-7.934851],[113.003045,-7.935124],[113.002504,-7.935124],[113.002504,-7.934579],[113.003045,-7.934579],[113.003045,-7.934034],[113.002504,-7.934034],[113.002504,-7.934306],[113.001962,-7.934306],[113.001962,-7.934579],[113.001692,-7.934579],[113.001692,-7.933489],[113.001421,-7.933489],[113.001421,-7.934034],[113.00088,-7.934034],[113.00088,-7.933489],[113.000609,-7.933489],[113.000609,-7.934034],[113.000068,-7.934034],[113.000068,-7.933761],[112.999526,-7.933761],[112.999526,-7.940029],[112.999797,-7.940029],[112.999797,-7.939757],[113.00088,-7.939757],[113.00088,-7.939484],[113.001421,-7.939484],[113.001421,-7.939212],[113.001692,-7.939212],[113.001692,-7.938667],[113.001962,-7.938667],[113.001962,-7.938394],[113.002774,-7.938394],[113.002774,-7.938122],[113.003045,-7.938122],[113.003045,-7.937577],[113.003316,-7.937577],[113.003316,-7.937304],[113.003586,-7.937304],[113.003586,-7.937032],[113.004398,-7.937032],[113.004398,-7.936759],[113.005481,-7.936759],[113.005481,-7.937032],[113.005752,-7.937032],[113.005752,-7.936759],[113.006564,-7.936759],[113.006564,-7.936214],[113.006834,-7.936214],[113.006834,-7.935941],[113.008459,-7.935941],[113.008459,-7.936214],[113.008729,-7.936214],[113.008729,-7.936759],[113.009,-7.936759],[113.009,-7.936486],[113.010353,-7.936486],[113.010353,-7.936214],[113.010624,-7.936214],[113.010624,-7.935941],[113.013331,-7.935941],[113.013331,-7.935669],[113.013601,-7.935669],[113.013601,-7.935396],[113.013872,-7.935396],[113.013872,-7.935124],[113.014143,-7.935124],[113.014143,-7.934851],[113.014413,-7.934851],[113.014413,-7.934579],[113.014684,-7.934579],[113.014684,-7.934851],[113.015496,-7.934851],[113.015496,-7.935124],[113.016308,-7.935124],[113.016308,-7.935396],[113.019015,-7.935396],[113.019015,-7.935124],[113.020639,-7.935124],[113.020639,-7.934851],[113.02091,-7.934851],[113.02091,-7.934306],[113.02118,-7.934306],[113.02118,-7.934034],[113.021722,-7.934034],[113.021722,-7.933761],[113.023075,-7.933761],[113.023075,-7.933489],[113.023616,-7.933489],[113.023616,-7.933216],[113.024158,-7.933216],[113.024158,-7.932944],[113.024428,-7.932944],[113.024428,-7.932671],[113.024699,-7.932671],[113.024699,-7.931581],[113.02524,-7.931581],[113.02524,-7.931036],[113.025782,-7.931036],[113.025782,-7.931309],[113.026052,-7.931309],[113.026052,-7.931036],[113.026323,-7.931036],[113.026323,-7.930764],[113.028218,-7.930764],[113.028218,-7.930491],[113.029571,-7.930491],[113.029571,-7.930219],[113.030383,-7.930219],[113.030383,-7.929946],[113.030654,-7.929946],[113.030654,-7.929401],[113.031737,-7.929401],[113.031737,-7.928584],[113.032549,-7.928584],[113.032549,-7.928311],[113.03309,-7.928311],[113.03309,-7.928039],[113.033361,-7.928039],[113.033361,-7.927766],[113.033631,-7.927766],[113.033631,-7.927494],[113.033361,-7.927494],[113.033361,-7.926676],[113.03309,-7.926676],[113.03309,-7.926131],[113.033361,-7.926131],[113.033361,-7.925859],[113.033631,-7.925859],[113.033631,-7.925586],[113.034443,-7.925586],[113.034443,-7.925314],[113.034714,-7.925314],[113.034714,-7.924769],[113.034173,-7.924769],[113.034173,-7.923951],[113.034714,-7.923951],[113.034714,-7.923679],[113.035255,-7.923679],[113.035255,-7.923406],[113.035526,-7.923406],[113.035526,-7.923134],[113.036067,-7.923134],[113.036067,-7.922861],[113.036338,-7.922861],[113.036338,-7.922044],[113.036067,-7.922044],[113.036067,-7.921499],[113.036338,-7.921499],[113.036338,-7.920954],[113.036609,-7.920954],[113.036609,-7.920681],[113.036879,-7.920681],[113.036879,-7.920136],[113.03715,-7.920136],[113.03715,-7.919046],[113.036879,-7.919046],[113.036879,-7.918774],[113.03715,-7.918774],[113.03715,-7.918229],[113.037421,-7.918229],[113.037421,-7.917139],[113.037962,-7.917139],[113.037962,-7.916866],[113.038504,-7.916866],[113.038504,-7.916594],[113.038774,-7.916594],[113.038774,-7.914686],[113.039045,-7.914686],[113.039045,-7.914413],[113.039316,-7.914413],[113.039316,-7.914141],[113.040128,-7.914141],[113.040128,-7.913868],[113.040398,-7.913868],[113.040398,-7.913596],[113.04094,-7.913596],[113.04094,-7.913051],[113.039586,-7.913051],[113.039586,-7.912778],[113.041481,-7.912778],[113.041481,-7.911688],[113.041752,-7.911688],[113.041752,-7.910326],[113.042022,-7.910326],[113.042022,-7.910053],[113.042293,-7.910053],[113.042293,-7.909236],[113.042564,-7.909236],[113.042564,-7.908691],[113.042293,-7.908691],[113.042293,-7.908963],[113.041752,-7.908963],[113.041752,-7.907873],[113.042293,-7.907873],[113.042293,-7.907601],[113.042564,-7.907601],[113.042564,-7.906783],[113.043105,-7.906783],[113.043105,-7.906238],[113.043646,-7.906238],[113.043646,-7.906783],[113.043917,-7.906783],[113.043917,-7.906238],[113.044188,-7.906238],[113.044188,-7.905966],[113.043646,-7.905966],[113.043646,-7.905693],[113.042293,-7.905693],[113.042293,-7.905421],[113.042022,-7.905421],[113.042022,-7.904876],[113.04121,-7.904876],[113.04121,-7.904331],[113.04094,-7.904331],[113.04094,-7.904058],[113.040128,-7.904058],[113.040128,-7.903786],[113.039586,-7.903786],[113.039586,-7.902968],[113.039316,-7.902968],[113.039316,-7.902423],[113.039045,-7.902423],[113.039045,-7.902151],[113.038504,-7.902151],[113.038504,-7.901061],[113.039045,-7.901061],[113.039045,-7.900243],[113.038504,-7.900243],[113.038504,-7.900516],[113.037962,-7.900516],[113.037962,-7.899426],[113.038233,-7.899426],[113.038233,-7.899153],[113.036338,-7.899153],[113.036338,-7.901878],[113.036067,-7.901878],[113.036067,-7.901333],[113.035526,-7.901333],[113.035526,-7.899153],[113.034714,-7.899153],[113.034714,-7.900788],[113.034443,-7.900788],[113.034443,-7.901061],[113.034714,-7.901061],[113.034714,-7.901333],[113.034443,-7.901333],[113.034443,-7.902423],[113.034714,-7.902423],[113.034714,-7.902696],[113.034443,-7.902696],[113.034443,-7.902968],[113.033631,-7.902968],[113.033631,-7.902696],[113.033902,-7.902696],[113.033902,-7.902423],[113.03309,-7.902423],[113.03309,-7.901606],[113.032549,-7.901606],[113.032549,-7.900788],[113.032819,-7.900788],[113.032819,-7.900243],[113.03309,-7.900243],[113.03309,-7.899971],[113.033361,-7.899971],[113.033361,-7.899698],[113.033902,-7.899698],[113.033902,-7.899153],[113.03309,-7.899153],[113.03309,-7.899426],[113.032819,-7.899426],[113.032819,-7.899698],[113.032278,-7.899698],[113.032278,-7.900243],[113.031737,-7.900243],[113.031737,-7.899971],[113.031466,-7.899971],[113.031466,-7.899426],[113.030654,-7.899426],[113.030654,-7.899153],[113.002774,-7.899153],[113.002774,-7.899426],[112.982744,-7.899426],[112.982744,-7.898608],[112.982203,-7.898608]],[[113.034985,-7.899426],[113.035255,-7.899426],[113.035255,-7.899971],[113.034985,-7.899971],[113.034985,-7.899426]],[[112.997902,-7.900788],[112.998173,-7.900788],[112.998173,-7.901333],[112.997902,-7.901333],[112.997902,-7.900788]],[[113.03715,-7.902151],[113.037421,-7.902151],[113.037421,-7.902968],[113.03715,-7.902968],[113.03715,-7.902151]],[[113.035526,-7.902423],[113.036067,-7.902423],[113.036067,-7.902968],[113.035526,-7.902968],[113.035526,-7.902423]],[[113.037962,-7.902423],[113.038504,-7.902423],[113.038504,-7.903241],[113.038233,-7.903241],[113.038233,-7.902968],[113.037692,-7.902968],[113.037692,-7.902696],[113.037962,-7.902696],[113.037962,-7.902423]],[[112.997632,-7.902696],[112.997902,-7.902696],[112.997902,-7.903241],[112.997632,-7.903241],[112.997632,-7.902696]],[[112.997902,-7.903241],[112.998173,-7.903241],[112.998173,-7.903513],[112.997902,-7.903513],[112.997902,-7.903241]],[[112.998444,-7.903241],[112.998714,-7.903241],[112.998714,-7.903513],[112.998444,-7.903513],[112.998444,-7.903241]],[[112.998173,-7.903513],[112.998444,-7.903513],[112.998444,-7.903786],[112.998173,-7.903786],[112.998173,-7.903513]],[[113.039586,-7.904058],[113.040128,-7.904058],[113.040128,-7.905148],[113.039316,-7.905148],[113.039316,-7.905693],[113.038774,-7.905693],[113.038774,-7.905421],[113.037962,-7.905421],[113.037962,-7.905148],[113.038504,-7.905148],[113.038504,-7.904876],[113.039045,-7.904876],[113.039045,-7.904603],[113.039586,-7.904603],[113.039586,-7.904058]],[[113.040398,-7.904603],[113.040669,-7.904603],[113.040669,-7.905148],[113.040398,-7.905148],[113.040398,-7.904603]],[[113.032549,-7.905693],[113.032819,-7.905693],[113.032819,-7.907056],[113.032549,-7.907056],[113.032549,-7.907601],[113.032278,-7.907601],[113.032278,-7.907873],[113.031737,-7.907873],[113.031737,-7.907056],[113.032007,-7.907056],[113.032007,-7.906783],[113.032278,-7.906783],[113.032278,-7.906238],[113.032549,-7.906238],[113.032549,-7.905693]],[[112.98518,-7.905966],[112.985722,-7.905966],[112.985722,-7.906783],[112.986263,-7.906783],[112.986263,-7.907056],[112.986804,-7.907056],[112.986804,-7.907328],[112.985722,-7.907328],[112.985722,-7.907056],[112.98518,-7.907056],[112.98518,-7.906783],[112.98491,-7.906783],[112.98491,-7.906238],[112.98518,-7.906238],[112.98518,-7.905966]],[[113.03715,-7.906511],[113.037421,-7.906511],[113.037421,-7.906783],[113.037692,-7.906783],[113.037692,-7.907056],[113.037421,-7.907056],[113.037421,-7.907328],[113.03715,-7.907328],[113.03715,-7.906511]],[[113.037692,-7.906511],[113.037962,-7.906511],[113.037962,-7.906783],[113.037692,-7.906783],[113.037692,-7.906511]],[[113.036879,-7.907328],[113.03715,-7.907328],[113.03715,-7.907601],[113.036879,-7.907601],[113.036879,-7.907328]],[[112.981391,-7.907873],[112.981932,-7.907873],[112.981932,-7.908146],[112.981391,-7.908146],[112.981391,-7.907873]],[[112.979767,-7.908146],[112.980038,-7.908146],[112.980038,-7.908418],[112.979767,-7.908418],[112.979767,-7.908146]],[[112.992218,-7.908146],[112.992489,-7.908146],[112.992489,-7.908418],[112.992218,-7.908418],[112.992218,-7.908146]],[[112.991135,-7.908691],[112.991947,-7.908691],[112.991947,-7.909236],[112.991677,-7.909236],[112.991677,-7.908963],[112.991135,-7.908963],[112.991135,-7.908691]],[[112.992489,-7.908963],[112.992759,-7.908963],[112.992759,-7.909236],[112.993301,-7.909236],[112.993301,-7.910326],[112.99303,-7.910326],[112.99303,-7.910053],[112.992759,-7.910053],[112.992759,-7.909781],[112.992489,-7.909781],[112.992489,-7.908963]],[[113.034443,-7.909236],[113.034714,-7.909236],[113.034714,-7.909508],[113.034443,-7.909508],[113.034443,-7.909236]],[[112.988429,-7.909781],[112.988699,-7.909781],[112.988699,-7.910053],[112.988429,-7.910053],[112.988429,-7.909781]],[[112.988699,-7.910053],[112.989241,-7.910053],[112.989241,-7.910598],[112.988699,-7.910598],[112.988699,-7.910053]],[[112.964609,-7.910598],[112.96515,-7.910598],[112.96515,-7.911143],[112.964609,-7.911143],[112.964609,-7.910598]],[[112.962444,-7.911961],[112.963526,-7.911961],[112.963526,-7.912233],[112.963797,-7.912233],[112.963797,-7.912506],[112.962985,-7.912506],[112.962985,-7.912233],[112.962444,-7.912233],[112.962444,-7.911961]],[[113.039045,-7.911961],[113.039316,-7.911961],[113.039316,-7.912506],[113.039045,-7.912506],[113.039045,-7.911961]],[[112.957842,-7.912233],[112.958113,-7.912233],[112.958113,-7.912506],[112.957842,-7.912506],[112.957842,-7.912233]],[[112.961361,-7.912233],[112.962173,-7.912233],[112.962173,-7.912778],[112.961632,-7.912778],[112.961632,-7.913051],[112.961361,-7.913051],[112.961361,-7.912233]],[[113.029301,-7.912233],[113.029571,-7.912233],[113.029571,-7.912506],[113.029301,-7.912506],[113.029301,-7.912233]],[[113.028759,-7.912506],[113.02903,-7.912506],[113.02903,-7.912778],[113.028759,-7.912778],[113.028759,-7.912506]],[[113.038774,-7.912506],[113.039045,-7.912506],[113.039045,-7.912778],[113.038774,-7.912778],[113.038774,-7.912506]],[[112.959737,-7.912778],[112.960008,-7.912778],[112.960008,-7.913051],[112.959737,-7.913051],[112.959737,-7.912778]],[[112.962173,-7.912778],[112.962714,-7.912778],[112.962714,-7.913051],[112.963256,-7.913051],[112.963256,-7.913323],[112.962714,-7.913323],[112.962714,-7.914141],[112.963256,-7.914141],[112.963256,-7.914413],[112.963526,-7.914413],[112.963526,-7.915231],[112.962985,-7.915231],[112.962985,-7.914958],[112.962444,-7.914958],[112.962444,-7.914413],[112.962173,-7.914413],[112.962173,-7.913868],[112.962444,-7.913868],[112.962444,-7.913051],[112.962173,-7.913051],[112.962173,-7.912778]],[[112.96488,-7.912778],[112.96515,-7.912778],[112.96515,-7.913051],[112.965962,-7.913051],[112.965962,-7.912778],[112.966233,-7.912778],[112.966233,-7.914141],[112.965962,-7.914141],[112.965962,-7.913868],[112.96515,-7.913868],[112.96515,-7.913323],[112.964609,-7.913323],[112.964609,-7.913051],[112.96488,-7.913051],[112.96488,-7.912778]],[[112.968669,-7.912778],[112.96894,-7.912778],[112.96894,-7.913051],[112.968669,-7.913051],[112.968669,-7.912778]],[[113.031195,-7.912778],[113.031466,-7.912778],[113.031466,-7.913051],[113.031195,-7.913051],[113.031195,-7.912778]],[[113.032278,-7.912778],[113.032549,-7.912778],[113.032549,-7.913051],[113.032278,-7.913051],[113.032278,-7.912778]],[[113.037692,-7.912778],[113.038504,-7.912778],[113.038504,-7.913051],[113.037692,-7.913051],[113.037692,-7.912778]],[[112.96082,-7.913051],[112.96109,-7.913051],[112.96109,-7.913596],[112.96082,-7.913596],[112.96082,-7.913051]],[[112.961902,-7.913051],[112.962173,-7.913051],[112.962173,-7.913323],[112.961902,-7.913323],[112.961902,-7.913051]],[[112.966504,-7.913051],[112.967586,-7.913051],[112.967586,-7.913323],[112.967316,-7.913323],[112.967316,-7.913868],[112.967045,-7.913868],[112.967045,-7.913323],[112.966504,-7.913323],[112.966504,-7.913051]],[[113.036338,-7.913323],[113.036879,-7.913323],[113.036879,-7.913596],[113.036609,-7.913596],[113.036609,-7.914141],[113.036338,-7.914141],[113.036338,-7.913323]],[[112.958384,-7.913596],[112.958654,-7.913596],[112.958654,-7.914141],[112.958384,-7.914141],[112.958384,-7.913596]],[[113.037962,-7.913868],[113.038233,-7.913868],[113.038233,-7.914141],[113.038774,-7.914141],[113.038774,-7.914413],[113.038504,-7.914413],[113.038504,-7.914686],[113.037962,-7.914686],[113.037962,-7.914413],[113.037692,-7.914413],[113.037692,-7.914141],[113.037962,-7.914141],[113.037962,-7.913868]],[[112.966233,-7.914141],[112.966774,-7.914141],[112.966774,-7.914413],[112.966233,-7.914413],[112.966233,-7.914141]],[[113.026323,-7.914413],[113.027135,-7.914413],[113.027135,-7.914958],[113.026323,-7.914958],[113.026323,-7.914413]],[[113.033631,-7.914413],[113.033902,-7.914413],[113.033902,-7.915231],[113.033631,-7.915231],[113.033631,-7.915503],[113.034443,-7.915503],[113.034443,-7.915231],[113.034714,-7.915231],[113.034714,-7.914958],[113.034985,-7.914958],[113.034985,-7.915503],[113.035526,-7.915503],[113.035526,-7.916321],[113.034714,-7.916321],[113.034714,-7.915776],[113.034443,-7.915776],[113.034443,-7.918229],[113.033902,-7.918229],[113.033902,-7.918774],[113.034173,-7.918774],[113.034173,-7.919319],[113.034443,-7.919319],[113.034443,-7.920136],[113.034714,-7.920136],[113.034714,-7.920954],[113.034443,-7.920954],[113.034443,-7.921226],[113.033902,-7.921226],[113.033902,-7.921499],[113.034443,-7.921499],[113.034443,-7.922044],[113.034173,-7.922044],[113.034173,-7.922316],[113.031195,-7.922316],[113.031195,-7.922044],[113.030925,-7.922044],[113.030925,-7.922589],[113.029571,-7.922589],[113.029571,-7.922316],[113.029842,-7.922316],[113.029842,-7.922044],[113.029301,-7.922044],[113.029301,-7.922589],[113.02903,-7.922589],[113.02903,-7.922861],[113.028759,-7.922861],[113.028759,-7.923134],[113.028218,-7.923134],[113.028218,-7.923406],[113.027406,-7.923406],[113.027406,-7.923679],[113.026864,-7.923679],[113.026864,-7.923406],[113.025782,-7.923406],[113.025782,-7.923679],[113.024699,-7.923679],[113.024699,-7.924224],[113.023887,-7.924224],[113.023887,-7.924496],[113.023075,-7.924496],[113.023075,-7.924769],[113.022263,-7.924769],[113.022263,-7.925041],[113.021992,-7.925041],[113.021992,-7.925314],[113.021451,-7.925314],[113.021451,-7.925586],[113.02091,-7.925586],[113.02091,-7.925859],[113.019556,-7.925859],[113.019556,-7.925586],[113.019286,-7.925586],[113.019286,-7.926131],[113.019827,-7.926131],[113.019827,-7.926676],[113.019556,-7.926676],[113.019556,-7.926949],[113.019286,-7.926949],[113.019286,-7.927221],[113.018474,-7.927221],[113.018474,-7.927494],[113.017391,-7.927494],[113.017391,-7.927766],[113.01712,-7.927766],[113.01712,-7.926949],[113.017391,-7.926949],[113.017391,-7.926676],[113.018203,-7.926676],[113.018203,-7.926131],[113.018474,-7.926131],[113.018474,-7.925859],[113.018744,-7.925859],[113.018744,-7.925586],[113.018474,-7.925586],[113.018474,-7.925314],[113.017932,-7.925314],[113.017932,-7.925041],[113.018744,-7.925041],[113.018744,-7.925314],[113.019015,-7.925314],[113.019015,-7.925041],[113.019556,-7.925041],[113.019556,-7.924769],[113.020098,-7.924769],[113.020098,-7.924496],[113.019556,-7.924496],[113.019556,-7.924224],[113.02091,-7.924224],[113.02091,-7.924496],[113.021992,-7.924496],[113.021992,-7.924224],[113.022263,-7.924224],[113.022263,-7.923679],[113.023075,-7.923679],[113.023075,-7.923406],[113.023616,-7.923406],[113.023616,-7.923134],[113.022534,-7.923134],[113.022534,-7.922861],[113.023075,-7.922861],[113.023075,-7.922589],[113.023616,-7.922589],[113.023616,-7.922316],[113.024428,-7.922316],[113.024428,-7.921771],[113.024699,-7.921771],[113.024699,-7.922044],[113.025511,-7.922044],[113.025511,-7.921771],[113.025782,-7.921771],[113.025782,-7.921226],[113.026052,-7.921226],[113.026052,-7.920954],[113.025511,-7.920954],[113.025511,-7.920681],[113.026594,-7.920681],[113.026594,-7.920409],[113.026864,-7.920409],[113.026864,-7.920136],[113.027135,-7.920136],[113.027135,-7.920409],[113.027947,-7.920409],[113.027947,-7.919864],[113.028218,-7.919864],[113.028218,-7.918501],[113.028489,-7.918501],[113.028489,-7.918229],[113.028759,-7.918229],[113.028759,-7.917411],[113.02903,-7.917411],[113.02903,-7.917139],[113.028759,-7.917139],[113.028759,-7.916866],[113.028489,-7.916866],[113.028489,-7.916594],[113.029571,-7.916594],[113.029571,-7.915776],[113.029842,-7.915776],[113.029842,-7.915503],[113.031195,-7.915503],[113.031195,-7.915231],[113.031737,-7.915231],[113.031737,-7.914958],[113.032278,-7.914958],[113.032278,-7.914686],[113.032549,-7.914686],[113.032549,-7.914958],[113.03309,-7.914958],[113.03309,-7.914686],[113.033361,-7.914686],[113.033361,-7.914958],[113.033631,-7.914958],[113.033631,-7.914413]],[[112.960278,-7.914686],[112.96082,-7.914686],[112.96082,-7.915231],[112.960549,-7.915231],[112.960549,-7.914958],[112.960278,-7.914958],[112.960278,-7.914686]],[[113.030925,-7.914686],[113.031195,-7.914686],[113.031195,-7.914958],[113.030925,-7.914958],[113.030925,-7.914686]],[[112.96082,-7.915231],[112.961361,-7.915231],[112.961361,-7.915503],[112.96109,-7.915503],[112.96109,-7.915776],[112.96082,-7.915776],[112.96082,-7.915231]],[[112.963797,-7.915231],[112.964609,-7.915231],[112.964609,-7.915503],[112.963797,-7.915503],[112.963797,-7.915231]],[[113.024699,-7.915231],[113.02524,-7.915231],[113.02524,-7.915503],[113.025782,-7.915503],[113.025782,-7.915231],[113.026052,-7.915231],[113.026052,-7.915503],[113.026594,-7.915503],[113.026594,-7.915776],[113.026323,-7.915776],[113.026323,-7.916594],[113.026052,-7.916594],[113.026052,-7.916866],[113.025782,-7.916866],[113.025782,-7.916594],[113.02524,-7.916594],[113.02524,-7.916866],[113.02497,-7.916866],[113.02497,-7.917139],[113.024699,-7.917139],[113.024699,-7.916594],[113.024428,-7.916594],[113.024428,-7.916321],[113.024699,-7.916321],[113.024699,-7.915776],[113.02497,-7.915776],[113.02497,-7.915503],[113.024699,-7.915503],[113.024699,-7.915231]],[[112.96488,-7.915503],[112.96515,-7.915503],[112.96515,-7.915776],[112.96488,-7.915776],[112.96488,-7.915503]],[[112.961361,-7.915776],[112.961902,-7.915776],[112.961902,-7.916321],[112.961361,-7.916321],[112.961361,-7.915776]],[[112.964609,-7.915776],[112.96488,-7.915776],[112.96488,-7.916048],[112.964609,-7.916048],[112.964609,-7.915776]],[[113.035526,-7.916321],[113.035797,-7.916321],[113.035797,-7.916866],[113.035526,-7.916866],[113.035526,-7.916321]],[[113.036067,-7.916321],[113.036338,-7.916321],[113.036338,-7.916866],[113.036067,-7.916866],[113.036067,-7.916321]],[[112.96109,-7.916594],[112.961902,-7.916594],[112.961902,-7.917139],[112.962444,-7.917139],[112.962444,-7.917411],[112.962985,-7.917411],[112.962985,-7.917684],[112.963256,-7.917684],[112.963256,-7.917956],[112.963526,-7.917956],[112.963526,-7.918501],[112.963256,-7.918501],[112.963256,-7.919046],[112.962714,-7.919046],[112.962714,-7.919319],[112.962444,-7.919319],[112.962444,-7.919046],[112.962173,-7.919046],[112.962173,-7.918501],[112.961361,-7.918501],[112.961361,-7.918229],[112.961902,-7.918229],[112.961902,-7.917684],[112.961361,-7.917684],[112.961361,-7.916866],[112.96109,-7.916866],[112.96109,-7.916594]],[[112.962173,-7.916594],[112.962444,-7.916594],[112.962444,-7.916866],[112.962173,-7.916866],[112.962173,-7.916594]],[[113.024158,-7.916594],[113.024428,-7.916594],[113.024428,-7.916866],[113.024158,-7.916866],[113.024158,-7.916594]],[[112.960278,-7.916866],[112.96082,-7.916866],[112.96082,-7.917139],[112.960278,-7.917139],[112.960278,-7.916866]],[[113.035797,-7.916866],[113.036067,-7.916866],[113.036067,-7.917139],[113.035797,-7.917139],[113.035797,-7.916866]],[[112.959737,-7.917139],[112.960008,-7.917139],[112.960008,-7.917411],[112.959737,-7.917411],[112.959737,-7.917139]],[[113.036338,-7.917411],[113.036609,-7.917411],[113.036609,-7.917956],[113.036338,-7.917956],[113.036338,-7.917411]],[[112.964609,-7.918229],[112.96488,-7.918229],[112.96488,-7.918501],[112.964609,-7.918501],[112.964609,-7.918229]],[[113.034443,-7.918501],[113.034714,-7.918501],[113.034714,-7.919319],[113.034443,-7.919319],[113.034443,-7.918501]],[[112.96515,-7.918774],[112.965421,-7.918774],[112.965421,-7.919864],[112.96488,-7.919864],[112.96488,-7.919591],[112.964609,-7.919591],[112.964609,-7.919046],[112.96515,-7.919046],[112.96515,-7.918774]],[[112.963526,-7.919319],[112.963797,-7.919319],[112.963797,-7.919591],[112.963526,-7.919591],[112.963526,-7.919319]],[[113.017662,-7.919591],[113.018474,-7.919591],[113.018474,-7.919864],[113.018744,-7.919864],[113.018744,-7.920409],[113.019556,-7.920409],[113.019556,-7.920954],[113.019015,-7.920954],[113.019015,-7.921499],[113.018744,-7.921499],[113.018744,-7.920954],[113.018474,-7.920954],[113.018474,-7.920681],[113.018203,-7.920681],[113.018203,-7.920409],[113.016849,-7.920409],[113.016849,-7.920136],[113.017391,-7.920136],[113.017391,-7.919864],[113.017662,-7.919864],[113.017662,-7.919591]],[[113.019015,-7.919591],[113.019286,-7.919591],[113.019286,-7.919864],[113.019015,-7.919864],[113.019015,-7.919591]],[[113.027135,-7.919591],[113.027406,-7.919591],[113.027406,-7.919864],[113.027135,-7.919864],[113.027135,-7.919591]],[[112.965692,-7.919864],[112.965962,-7.919864],[112.965962,-7.920681],[112.965692,-7.920681],[112.965692,-7.920409],[112.965421,-7.920409],[112.965421,-7.920136],[112.965692,-7.920136],[112.965692,-7.919864]],[[113.019286,-7.919864],[113.019556,-7.919864],[113.019556,-7.920136],[113.019286,-7.920136],[113.019286,-7.919864]],[[112.964338,-7.920136],[112.964609,-7.920136],[112.964609,-7.920409],[112.964338,-7.920409],[112.964338,-7.920136]],[[112.96488,-7.920136],[112.96515,-7.920136],[112.96515,-7.920681],[112.96488,-7.920681],[112.96488,-7.920136]],[[113.020098,-7.920136],[113.020639,-7.920136],[113.020639,-7.920409],[113.02091,-7.920409],[113.02091,-7.920954],[113.020639,-7.920954],[113.020639,-7.920681],[113.020098,-7.920681],[113.020098,-7.920136]],[[112.938895,-7.920681],[112.939166,-7.920681],[112.939166,-7.920954],[112.938895,-7.920954],[112.938895,-7.920681]],[[112.965962,-7.920954],[112.967045,-7.920954],[112.967045,-7.922044],[112.966504,-7.922044],[112.966504,-7.921771],[112.965962,-7.921771],[112.965962,-7.920954]],[[113.000338,-7.920954],[113.00115,-7.920954],[113.00115,-7.921226],[113.000338,-7.921226],[113.000338,-7.920954]],[[113.00521,-7.920954],[113.006022,-7.920954],[113.006022,-7.921499],[113.007105,-7.921499],[113.007105,-7.921771],[113.007917,-7.921771],[113.007917,-7.922044],[113.007647,-7.922044],[113.007647,-7.922589],[113.007105,-7.922589],[113.007105,-7.922316],[113.006564,-7.922316],[113.006564,-7.922589],[113.006293,-7.922589],[113.006293,-7.922316],[113.006022,-7.922316],[113.006022,-7.922044],[113.005752,-7.922044],[113.005752,-7.921771],[113.005481,-7.921771],[113.005481,-7.921499],[113.00521,-7.921499],[113.00521,-7.920954]],[[113.02497,-7.920954],[113.025511,-7.920954],[113.025511,-7.921226],[113.02497,-7.921226],[113.02497,-7.920954]],[[113.034714,-7.920954],[113.035255,-7.920954],[113.035255,-7.921499],[113.034714,-7.921499],[113.034714,-7.920954]],[[112.959737,-7.921499],[112.960008,-7.921499],[112.960008,-7.921771],[112.959737,-7.921771],[112.959737,-7.921499]],[[112.947827,-7.921771],[112.948098,-7.921771],[112.948098,-7.922044],[112.947827,-7.922044],[112.947827,-7.921771]],[[113.001692,-7.922316],[113.001962,-7.922316],[113.001962,-7.922589],[113.001692,-7.922589],[113.001692,-7.922316]],[[113.021992,-7.922316],[113.022263,-7.922316],[113.022263,-7.922589],[113.021992,-7.922589],[113.021992,-7.922316]],[[112.949451,-7.922589],[112.949722,-7.922589],[112.949722,-7.923134],[112.949451,-7.923134],[112.949451,-7.923406],[112.94891,-7.923406],[112.94891,-7.923951],[112.948098,-7.923951],[112.948098,-7.923679],[112.948369,-7.923679],[112.948369,-7.922861],[112.949451,-7.922861],[112.949451,-7.922589]],[[112.950263,-7.922589],[112.951075,-7.922589],[112.951075,-7.923134],[112.951346,-7.923134],[112.951346,-7.923406],[112.950534,-7.923406],[112.950534,-7.923134],[112.949993,-7.923134],[112.949993,-7.922861],[112.950263,-7.922861],[112.950263,-7.922589]],[[112.965962,-7.922589],[112.966504,-7.922589],[112.966504,-7.922861],[112.965962,-7.922861],[112.965962,-7.922589]],[[113.001962,-7.922589],[113.002233,-7.922589],[113.002233,-7.922861],[113.001962,-7.922861],[113.001962,-7.922589]],[[113.019556,-7.922589],[113.019827,-7.922589],[113.019827,-7.922861],[113.019556,-7.922861],[113.019556,-7.922589]],[[113.028759,-7.923134],[113.02903,-7.923134],[113.02903,-7.923406],[113.028759,-7.923406],[113.028759,-7.923134]],[[113.028489,-7.923406],[113.028759,-7.923406],[113.028759,-7.923679],[113.028489,-7.923679],[113.028489,-7.923406]],[[113.032819,-7.923406],[113.03309,-7.923406],[113.03309,-7.923679],[113.032819,-7.923679],[113.032819,-7.923406]],[[113.02091,-7.923679],[113.021451,-7.923679],[113.021451,-7.924224],[113.02091,-7.924224],[113.02091,-7.923679]],[[113.026323,-7.923679],[113.026864,-7.923679],[113.026864,-7.924496],[113.026323,-7.924496],[113.026323,-7.924769],[113.025782,-7.924769],[113.025782,-7.925041],[113.02497,-7.925041],[113.02497,-7.925586],[113.024699,-7.925586],[113.024699,-7.924769],[113.02497,-7.924769],[113.02497,-7.924496],[113.026052,-7.924496],[113.026052,-7.923951],[113.026323,-7.923951],[113.026323,-7.923679]],[[112.949722,-7.924224],[112.949993,-7.924224],[112.949993,-7.924496],[112.949722,-7.924496],[112.949722,-7.924224]],[[113.014684,-7.924224],[113.015767,-7.924224],[113.015767,-7.924496],[113.016579,-7.924496],[113.016579,-7.925041],[113.016849,-7.925041],[113.016849,-7.924769],[113.01712,-7.924769],[113.01712,-7.925586],[113.016849,-7.925586],[113.016849,-7.925859],[113.015767,-7.925859],[113.015767,-7.926131],[113.016308,-7.926131],[113.016308,-7.926949],[113.016579,-7.926949],[113.016579,-7.927221],[113.016308,-7.927221],[113.016308,-7.927494],[113.015767,-7.927494],[113.015767,-7.927221],[113.014955,-7.927221],[113.014955,-7.926949],[113.014684,-7.926949],[113.014684,-7.926676],[113.014413,-7.926676],[113.014413,-7.926404],[113.014143,-7.926404],[113.014143,-7.925859],[113.013872,-7.925859],[113.013872,-7.925314],[113.014143,-7.925314],[113.014143,-7.925041],[113.014413,-7.925041],[113.014413,-7.925314],[113.014684,-7.925314],[113.014684,-7.925041],[113.015496,-7.925041],[113.015496,-7.924769],[113.014413,-7.924769],[113.014413,-7.924496],[113.014684,-7.924496],[113.014684,-7.924224]],[[113.007105,-7.924496],[113.008188,-7.924496],[113.008188,-7.924769],[113.007105,-7.924769],[113.007105,-7.924496]],[[113.023887,-7.924496],[113.024428,-7.924496],[113.024428,-7.924769],[113.024158,-7.924769],[113.024158,-7.925041],[113.023887,-7.925041],[113.023887,-7.924496]],[[112.94485,-7.924769],[112.94512,-7.924769],[112.94512,-7.925041],[112.94485,-7.925041],[112.94485,-7.924769]],[[113.027406,-7.925041],[113.027947,-7.925041],[113.027947,-7.925314],[113.027406,-7.925314],[113.027406,-7.925041]],[[112.947827,-7.925314],[112.948098,-7.925314],[112.948098,-7.925586],[112.947827,-7.925586],[112.947827,-7.925314]],[[112.949181,-7.925859],[112.949451,-7.925859],[112.949451,-7.926676],[112.949993,-7.926676],[112.949993,-7.927221],[112.949722,-7.927221],[112.949722,-7.926949],[112.949181,-7.926949],[112.949181,-7.925859]],[[112.950534,-7.925859],[112.950805,-7.925859],[112.950805,-7.926404],[112.950534,-7.926404],[112.950534,-7.925859]],[[113.026052,-7.925859],[113.026323,-7.925859],[113.026323,-7.926404],[113.026052,-7.926404],[113.026052,-7.927221],[113.025782,-7.927221],[113.025782,-7.926131],[113.026052,-7.926131],[113.026052,-7.925859]],[[113.001692,-7.926131],[113.001962,-7.926131],[113.001962,-7.926404],[113.001692,-7.926404],[113.001692,-7.926131]],[[113.023075,-7.926131],[113.023346,-7.926131],[113.023346,-7.926404],[113.023075,-7.926404],[113.023075,-7.926131]],[[112.943767,-7.926404],[112.94485,-7.926404],[112.94485,-7.926676],[112.943767,-7.926676],[112.943767,-7.926404]],[[113.023346,-7.926404],[113.023616,-7.926404],[113.023616,-7.926949],[113.023346,-7.926949],[113.023346,-7.926404]],[[112.943226,-7.926676],[112.943767,-7.926676],[112.943767,-7.926949],[112.943496,-7.926949],[112.943496,-7.927221],[112.943226,-7.927221],[112.943226,-7.927494],[112.942955,-7.927494],[112.942955,-7.926949],[112.943226,-7.926949],[112.943226,-7.926676]],[[113.00494,-7.926676],[113.00521,-7.926676],[113.00521,-7.926949],[113.00494,-7.926949],[113.00494,-7.926676]],[[113.005752,-7.926676],[113.006293,-7.926676],[113.006293,-7.927221],[113.006022,-7.927221],[113.006022,-7.926949],[113.005752,-7.926949],[113.005752,-7.926676]],[[113.009271,-7.926676],[113.009541,-7.926676],[113.009541,-7.927221],[113.009271,-7.927221],[113.009271,-7.926676]],[[113.013331,-7.926676],[113.014143,-7.926676],[113.014143,-7.926949],[113.014684,-7.926949],[113.014684,-7.927494],[113.014413,-7.927494],[113.014413,-7.927766],[113.014143,-7.927766],[113.014143,-7.927494],[113.012519,-7.927494],[113.012519,-7.928039],[113.011436,-7.928039],[113.011436,-7.927766],[113.011165,-7.927766],[113.011165,-7.928039],[113.010624,-7.928039],[113.010624,-7.927766],[113.010895,-7.927766],[113.010895,-7.927221],[113.011436,-7.927221],[113.011436,-7.927494],[113.011707,-7.927494],[113.011707,-7.927221],[113.01306,-7.927221],[113.01306,-7.926949],[113.013331,-7.926949],[113.013331,-7.926676]],[[113.010083,-7.926949],[113.010624,-7.926949],[113.010624,-7.927221],[113.010083,-7.927221],[113.010083,-7.926949]],[[113.023075,-7.926949],[113.023346,-7.926949],[113.023346,-7.927494],[113.022804,-7.927494],[113.022804,-7.927221],[113.023075,-7.927221],[113.023075,-7.926949]],[[112.957301,-7.927221],[112.957571,-7.927221],[112.957571,-7.927494],[112.957301,-7.927494],[112.957301,-7.927221]],[[113.009,-7.927221],[113.009271,-7.927221],[113.009271,-7.927494],[113.009,-7.927494],[113.009,-7.927221]],[[113.016579,-7.927221],[113.016849,-7.927221],[113.016849,-7.927494],[113.016579,-7.927494],[113.016579,-7.927221]],[[112.942414,-7.927494],[112.942684,-7.927494],[112.942684,-7.927766],[112.942414,-7.927766],[112.942414,-7.927494]],[[112.94485,-7.927494],[112.94512,-7.927494],[112.94512,-7.927766],[112.94485,-7.927766],[112.94485,-7.927494]],[[112.948369,-7.927494],[112.948639,-7.927494],[112.948639,-7.928039],[112.948369,-7.928039],[112.948369,-7.927494]],[[112.95703,-7.927494],[112.957301,-7.927494],[112.957301,-7.927766],[112.95703,-7.927766],[112.95703,-7.927494]],[[113.00494,-7.927494],[113.005752,-7.927494],[113.005752,-7.927766],[113.00494,-7.927766],[113.00494,-7.927494]],[[112.949722,-7.927766],[112.949993,-7.927766],[112.949993,-7.928039],[112.949722,-7.928039],[112.949722,-7.927766]],[[112.957301,-7.927766],[112.957842,-7.927766],[112.957842,-7.928311],[112.957301,-7.928311],[112.957301,-7.927766]],[[113.01306,-7.927766],[113.013601,-7.927766],[113.013601,-7.928039],[113.01306,-7.928039],[113.01306,-7.927766]],[[113.023616,-7.927766],[113.024428,-7.927766],[113.024428,-7.928039],[113.023887,-7.928039],[113.023887,-7.928311],[113.023075,-7.928311],[113.023075,-7.928039],[113.023616,-7.928039],[113.023616,-7.927766]],[[112.958113,-7.928039],[112.958384,-7.928039],[112.958384,-7.928856],[112.958925,-7.928856],[112.958925,-7.929401],[112.957842,-7.929401],[112.957842,-7.928584],[112.958113,-7.928584],[112.958113,-7.928039]],[[113.010083,-7.928039],[113.010624,-7.928039],[113.010624,-7.928311],[113.010083,-7.928311],[113.010083,-7.928039]],[[113.002233,-7.928584],[113.002504,-7.928584],[113.002504,-7.928856],[113.002233,-7.928856],[113.002233,-7.928584]],[[112.94485,-7.928856],[112.94512,-7.928856],[112.94512,-7.929129],[112.94485,-7.929129],[112.94485,-7.928856]],[[113.011436,-7.929129],[113.011707,-7.929129],[113.011707,-7.929401],[113.011436,-7.929401],[113.011436,-7.929129]],[[112.942414,-7.929674],[112.942684,-7.929674],[112.942684,-7.929946],[112.942414,-7.929946],[112.942414,-7.929674]],[[113.012248,-7.929674],[113.012519,-7.929674],[113.012519,-7.929946],[113.012248,-7.929946],[113.012248,-7.929674]],[[112.942684,-7.929946],[112.942955,-7.929946],[112.942955,-7.930219],[112.942684,-7.930219],[112.942684,-7.929946]],[[112.961361,-7.929946],[112.962173,-7.929946],[112.962173,-7.930219],[112.961361,-7.930219],[112.961361,-7.929946]],[[113.011165,-7.929946],[113.011977,-7.929946],[113.011977,-7.930219],[113.011707,-7.930219],[113.011707,-7.930491],[113.010895,-7.930491],[113.010895,-7.930219],[113.011165,-7.930219],[113.011165,-7.929946]],[[112.941872,-7.930219],[112.942143,-7.930219],[112.942143,-7.930764],[112.941872,-7.930764],[112.941872,-7.930219]],[[113.007105,-7.930764],[113.008188,-7.930764],[113.008188,-7.931036],[113.007105,-7.931036],[113.007105,-7.930764]],[[113.009812,-7.931036],[113.010353,-7.931036],[113.010353,-7.931581],[113.009812,-7.931581],[113.009812,-7.931036]],[[113.007376,-7.931581],[113.007917,-7.931581],[113.007917,-7.931854],[113.007376,-7.931854],[113.007376,-7.931581]],[[113.007105,-7.931854],[113.007376,-7.931854],[113.007376,-7.932399],[113.007105,-7.932399],[113.007105,-7.931854]],[[113.01306,-7.931854],[113.013601,-7.931854],[113.013601,-7.932126],[113.01306,-7.932126],[113.01306,-7.931854]],[[113.012789,-7.932126],[113.01306,-7.932126],[113.01306,-7.932399],[113.012789,-7.932399],[113.012789,-7.932126]],[[113.004128,-7.932944],[113.00494,-7.932944],[113.00494,-7.933216],[113.004669,-7.933216],[113.004669,-7.934034],[113.004398,-7.934034],[113.004398,-7.933216],[113.004128,-7.933216],[113.004128,-7.932944]],[[113.010624,-7.932944],[113.010895,-7.932944],[113.010895,-7.933216],[113.010624,-7.933216],[113.010624,-7.932944]],[[113.005481,-7.933216],[113.006834,-7.933216],[113.006834,-7.933489],[113.006293,-7.933489],[113.006293,-7.934034],[113.005752,-7.934034],[113.005752,-7.933489],[113.005481,-7.933489],[113.005481,-7.933216]],[[113.005481,-7.934034],[113.005752,-7.934034],[113.005752,-7.934306],[113.006022,-7.934306],[113.006022,-7.934579],[113.005481,-7.934579],[113.005481,-7.934851],[113.004398,-7.934851],[113.004398,-7.935124],[113.003857,-7.935124],[113.003857,-7.934851],[113.004128,-7.934851],[113.004128,-7.934579],[113.004398,-7.934579],[113.004398,-7.934306],[113.005481,-7.934306],[113.005481,-7.934034]]]}},{"type":"Feature","properties":{"fid":1459,"DN":4},"geometry":{"type":"Polygon","coordinates":[[[112.991947,-7.940029],[112.991947,-7.940302],[112.992218,-7.940302],[112.992218,-7.940029],[112.991947,-7.940029]]]}},{"type":"Feature","properties":{"fid":1460,"DN":4},"geometry":{"type":"Polygon","coordinates":[[[112.953782,-7.940302],[112.953782,-7.940574],[112.954323,-7.940574],[112.954323,-7.940302],[112.953782,-7.940302]]]}},{"type":"Feature","properties":{"fid":1461,"DN":4},"geometry":{"type":"Polygon","coordinates":[[[112.991677,-7.940302],[112.991677,-7.940574],[112.991947,-7.940574],[112.991947,-7.940302],[112.991677,-7.940302]]]}},{"type":"Feature","properties":{"fid":1462,"DN":3},"geometry":{"type":"Polygon","coordinates":[[[112.964068,-7.941119],[112.964068,-7.941392],[112.963797,-7.941392],[112.963797,-7.941664],[112.964338,-7.941664],[112.964338,-7.941119],[112.964068,-7.941119]]]}},{"type":"Feature","properties":{"fid":1463,"DN":3},"geometry":{"type":"Polygon","coordinates":[[[112.964609,-7.941392],[112.964609,-7.941664],[112.96488,-7.941664],[112.96488,-7.941392],[112.964609,-7.941392]]]}},{"type":"Feature","properties":{"fid":1464,"DN":3},"geometry":{"type":"Polygon","coordinates":[[[112.967045,-7.941664],[112.967045,-7.941937],[112.967316,-7.941937],[112.967316,-7.941664],[112.967045,-7.941664]]]}},{"type":"Feature","properties":{"fid":1465,"DN":4},"geometry":{"type":"Polygon","coordinates":[[[112.987887,-7.941937],[112.987887,-7.942209],[112.988158,-7.942209],[112.988158,-7.941937],[112.987887,-7.941937]]]}},{"type":"Feature","properties":{"fid":1466,"DN":3},"geometry":{"type":"Polygon","coordinates":[[[112.969481,-7.942209],[112.969481,-7.942482],[112.970023,-7.942482],[112.970023,-7.942209],[112.969481,-7.942209]]]}},{"type":"Feature","properties":{"fid":1467,"DN":4},"geometry":{"type":"Polygon","coordinates":[[[112.977601,-7.942209],[112.977601,-7.942482],[112.978143,-7.942482],[112.978143,-7.942209],[112.977601,-7.942209]]]}},{"type":"Feature","properties":{"fid":1468,"DN":4},"geometry":{"type":"Polygon","coordinates":[[[112.989511,-7.942209],[112.989511,-7.942482],[112.989782,-7.942482],[112.989782,-7.942209],[112.989511,-7.942209]]]}},{"type":"Feature","properties":{"fid":1469,"DN":4},"geometry":{"type":"Polygon","coordinates":[[[112.955406,-7.941937],[112.955406,-7.942754],[112.955947,-7.942754],[112.955947,-7.941937],[112.955406,-7.941937]]]}},{"type":"Feature","properties":{"fid":1470,"DN":2},"geometry":{"type":"Polygon","coordinates":[[[112.994654,-7.942209],[112.994654,-7.942482],[112.995195,-7.942482],[112.995195,-7.942754],[112.995737,-7.942754],[112.995737,-7.942482],[112.996549,-7.942482],[112.996549,-7.942209],[112.994654,-7.942209]]]}},{"type":"Feature","properties":{"fid":1471,"DN":2},"geometry":{"type":"Polygon","coordinates":[[[112.99303,-7.942482],[112.99303,-7.942754],[112.993301,-7.942754],[112.993301,-7.942482],[112.99303,-7.942482]]]}},{"type":"Feature","properties":{"fid":1472,"DN":3},"geometry":{"type":"Polygon","coordinates":[[[112.973271,-7.942754],[112.973271,-7.943299],[112.973812,-7.943299],[112.973812,-7.942754],[112.973271,-7.942754]]]}},{"type":"Feature","properties":{"fid":1473,"DN":3},"geometry":{"type":"Polygon","coordinates":[[[112.969752,-7.942754],[112.969752,-7.943572],[112.970023,-7.943572],[112.970023,-7.942754],[112.969752,-7.942754]]]}},{"type":"Feature","properties":{"fid":1474,"DN":3},"geometry":{"type":"Polygon","coordinates":[[[112.975977,-7.942482],[112.975977,-7.942754],[112.975707,-7.942754],[112.975707,-7.943572],[112.976248,-7.943572],[112.976248,-7.943027],[112.976519,-7.943027],[112.976519,-7.942754],[112.976248,-7.942754],[112.976248,-7.942482],[112.975977,-7.942482]]]}},{"type":"Feature","properties":{"fid":1475,"DN":3},"geometry":{"type":"Polygon","coordinates":[[[112.970564,-7.943299],[112.970564,-7.943572],[112.970835,-7.943572],[112.970835,-7.943299],[112.970564,-7.943299]]]}},{"type":"Feature","properties":{"fid":1476,"DN":3},"geometry":{"type":"Polygon","coordinates":[[[112.974353,-7.943299],[112.974353,-7.943572],[112.974895,-7.943572],[112.974895,-7.943299],[112.974353,-7.943299]]]}},{"type":"Feature","properties":{"fid":1477,"DN":3},"geometry":{"type":"Polygon","coordinates":[[[112.968399,-7.941664],[112.968399,-7.942209],[112.967857,-7.942209],[112.967857,-7.942754],[112.968128,-7.942754],[112.968128,-7.943572],[112.968669,-7.943572],[112.968669,-7.943844],[112.96894,-7.943844],[112.96894,-7.943027],[112.968669,-7.943027],[112.968669,-7.941664],[112.968399,-7.941664]]]}},{"type":"Feature","properties":{"fid":1478,"DN":3},"geometry":{"type":"Polygon","coordinates":[[[112.969211,-7.942754],[112.969211,-7.943844],[112.969481,-7.943844],[112.969481,-7.942754],[112.969211,-7.942754]]]}},{"type":"Feature","properties":{"fid":1479,"DN":3},"geometry":{"type":"Polygon","coordinates":[[[112.967586,-7.943572],[112.967586,-7.943844],[112.968128,-7.943844],[112.968128,-7.943572],[112.967586,-7.943572]]]}},{"type":"Feature","properties":{"fid":1480,"DN":4},"geometry":{"type":"Polygon","coordinates":[[[112.986263,-7.943844],[112.986263,-7.944389],[112.986534,-7.944389],[112.986534,-7.943844],[112.986263,-7.943844]]]}},{"type":"Feature","properties":{"fid":1481,"DN":4},"geometry":{"type":"Polygon","coordinates":[[[112.971647,-7.944117],[112.971647,-7.944389],[112.971917,-7.944389],[112.971917,-7.944117],[112.971647,-7.944117]]]}},{"type":"Feature","properties":{"fid":1482,"DN":4},"geometry":{"type":"Polygon","coordinates":[[[112.973812,-7.944117],[112.973812,-7.944389],[112.974353,-7.944389],[112.974353,-7.944117],[112.973812,-7.944117]]]}},{"type":"Feature","properties":{"fid":1483,"DN":3},"geometry":{"type":"Polygon","coordinates":[[[112.968669,-7.944117],[112.968669,-7.944662],[112.96894,-7.944662],[112.96894,-7.944117],[112.968669,-7.944117]]]}},{"type":"Feature","properties":{"fid":1484,"DN":3},"geometry":{"type":"Polygon","coordinates":[[[112.971647,-7.943572],[112.971647,-7.943844],[112.971105,-7.943844],[112.971105,-7.944117],[112.970835,-7.944117],[112.970835,-7.944389],[112.971376,-7.944389],[112.971376,-7.944662],[112.972459,-7.944662],[112.972459,-7.943844],[112.972188,-7.943844],[112.972188,-7.943572],[112.971647,-7.943572]],[[112.971647,-7.944117],[112.971917,-7.944117],[112.971917,-7.944389],[112.971647,-7.944389],[112.971647,-7.944117]]]}},{"type":"Feature","properties":{"fid":1485,"DN":3},"geometry":{"type":"Polygon","coordinates":[[[112.98085,-7.944389],[112.98085,-7.944662],[112.98112,-7.944662],[112.98112,-7.944389],[112.98085,-7.944389]]]}},{"type":"Feature","properties":{"fid":1486,"DN":3},"geometry":{"type":"Polygon","coordinates":[[[112.973271,-7.943572],[112.973271,-7.944389],[112.973812,-7.944389],[112.973812,-7.945207],[112.974083,-7.945207],[112.974083,-7.944934],[112.974624,-7.944934],[112.974624,-7.944662],[112.974895,-7.944662],[112.974895,-7.944389],[112.975436,-7.944389],[112.975436,-7.944117],[112.975165,-7.944117],[112.975165,-7.943844],[112.973812,-7.943844],[112.973812,-7.943572],[112.973271,-7.943572]],[[112.973812,-7.944117],[112.974353,-7.944117],[112.974353,-7.944389],[112.973812,-7.944389],[112.973812,-7.944117]]]}},{"type":"Feature","properties":{"fid":1487,"DN":3},"geometry":{"type":"Polygon","coordinates":[[[112.974895,-7.944934],[112.974895,-7.945207],[112.975436,-7.945207],[112.975436,-7.944934],[112.974895,-7.944934]]]}},{"type":"Feature","properties":{"fid":1488,"DN":4},"geometry":{"type":"Polygon","coordinates":[[[112.955135,-7.944662],[112.955135,-7.945207],[112.954865,-7.945207],[112.954865,-7.945479],[112.955406,-7.945479],[112.955406,-7.944662],[112.955135,-7.944662]]]}},{"type":"Feature","properties":{"fid":1489,"DN":4},"geometry":{"type":"Polygon","coordinates":[[[112.957571,-7.944934],[112.957571,-7.945207],[112.956489,-7.945207],[112.956489,-7.945752],[112.95703,-7.945752],[112.95703,-7.945479],[112.958384,-7.945479],[112.958384,-7.944934],[112.957571,-7.944934]]]}},{"type":"Feature","properties":{"fid":1490,"DN":3},"geometry":{"type":"Polygon","coordinates":[[[112.974353,-7.945479],[112.974353,-7.946297],[112.974624,-7.946297],[112.974624,-7.945479],[112.974353,-7.945479]]]}},{"type":"Feature","properties":{"fid":1491,"DN":3},"geometry":{"type":"Polygon","coordinates":[[[112.971105,-7.946297],[112.971105,-7.946569],[112.971376,-7.946569],[112.971376,-7.946297],[112.971105,-7.946297]]]}},{"type":"Feature","properties":{"fid":1492,"DN":3},"geometry":{"type":"Polygon","coordinates":[[[112.979496,-7.946297],[112.979496,-7.946569],[112.979767,-7.946569],[112.979767,-7.946297],[112.979496,-7.946297]]]}},{"type":"Feature","properties":{"fid":1493,"DN":4},"geometry":{"type":"Polygon","coordinates":[[[112.985992,-7.946024],[112.985992,-7.946842],[112.986263,-7.946842],[112.986263,-7.946024],[112.985992,-7.946024]]]}},{"type":"Feature","properties":{"fid":1494,"DN":3},"geometry":{"type":"Polygon","coordinates":[[[112.981932,-7.946569],[112.981932,-7.946842],[112.982203,-7.946842],[112.982203,-7.946569],[112.981932,-7.946569]]]}},{"type":"Feature","properties":{"fid":1495,"DN":4},"geometry":{"type":"Polygon","coordinates":[[[112.963256,-7.947114],[112.963256,-7.947387],[112.963526,-7.947387],[112.963526,-7.947114],[112.963256,-7.947114]]]}},{"type":"Feature","properties":{"fid":1496,"DN":4},"geometry":{"type":"Polygon","coordinates":[[[112.986534,-7.947387],[112.986534,-7.947932],[112.987075,-7.947932],[112.987075,-7.947659],[112.986804,-7.947659],[112.986804,-7.947387],[112.986534,-7.947387]]]}},{"type":"Feature","properties":{"fid":1497,"DN":3},"geometry":{"type":"Polygon","coordinates":[[[112.974895,-7.947659],[112.974895,-7.947932],[112.975165,-7.947932],[112.975165,-7.947659],[112.974895,-7.947659]]]}},{"type":"Feature","properties":{"fid":1498,"DN":4},"geometry":{"type":"Polygon","coordinates":[[[112.961632,-7.947932],[112.961632,-7.948477],[112.962173,-7.948477],[112.962173,-7.947932],[112.961632,-7.947932]]]}},{"type":"Feature","properties":{"fid":1499,"DN":4},"geometry":{"type":"Polygon","coordinates":[[[112.963526,-7.948749],[112.963526,-7.949022],[112.963797,-7.949022],[112.963797,-7.948749],[112.963526,-7.948749]]]}},{"type":"Feature","properties":{"fid":1500,"DN":4},"geometry":{"type":"Polygon","coordinates":[[[112.963256,-7.949022],[112.963256,-7.949294],[112.963526,-7.949294],[112.963526,-7.949022],[112.963256,-7.949022]]]}},{"type":"Feature","properties":{"fid":1501,"DN":3},"geometry":{"type":"Polygon","coordinates":[[[112.942414,-7.949839],[112.942414,-7.950384],[112.942955,-7.950384],[112.942955,-7.949839],[112.942414,-7.949839]]]}},{"type":"Feature","properties":{"fid":1502,"DN":3},"geometry":{"type":"Polygon","coordinates":[[[112.948639,-7.950112],[112.948639,-7.950657],[112.94891,-7.950657],[112.94891,-7.950112],[112.948639,-7.950112]]]}},{"type":"Feature","properties":{"fid":1503,"DN":3},"geometry":{"type":"Polygon","coordinates":[[[112.94106,-7.950657],[112.94106,-7.950929],[112.941331,-7.950929],[112.941331,-7.950657],[112.94106,-7.950657]]]}},{"type":"Feature","properties":{"fid":1504,"DN":4},"geometry":{"type":"Polygon","coordinates":[[[112.947015,-7.950384],[112.947015,-7.951202],[112.947827,-7.951202],[112.947827,-7.950657],[112.947286,-7.950657],[112.947286,-7.950384],[112.947015,-7.950384]]]}},{"type":"Feature","properties":{"fid":1505,"DN":3},"geometry":{"type":"Polygon","coordinates":[[[112.942414,-7.950929],[112.942414,-7.951202],[112.942955,-7.951202],[112.942955,-7.950929],[112.942414,-7.950929]]]}},{"type":"Feature","properties":{"fid":1506,"DN":3},"geometry":{"type":"Polygon","coordinates":[[[112.942955,-7.951474],[112.942955,-7.951747],[112.943226,-7.951747],[112.943226,-7.951474],[112.942955,-7.951474]]]}},{"type":"Feature","properties":{"fid":1507,"DN":3},"geometry":{"type":"Polygon","coordinates":[[[112.951075,-7.951474],[112.951075,-7.952019],[112.951617,-7.952019],[112.951617,-7.951474],[112.951075,-7.951474]]]}},{"type":"Feature","properties":{"fid":1508,"DN":3},"geometry":{"type":"Polygon","coordinates":[[[112.937541,-7.951202],[112.937541,-7.951474],[112.937271,-7.951474],[112.937271,-7.951747],[112.937,-7.951747],[112.937,-7.952019],[112.937541,-7.952019],[112.937541,-7.951747],[112.938083,-7.951747],[112.938083,-7.951202],[112.937541,-7.951202]]]}},{"type":"Feature","properties":{"fid":1509,"DN":3},"geometry":{"type":"Polygon","coordinates":[[[112.941872,-7.951747],[112.941872,-7.952019],[112.942955,-7.952019],[112.942955,-7.951747],[112.941872,-7.951747]]]}},{"type":"Feature","properties":{"fid":1510,"DN":3},"geometry":{"type":"Polygon","coordinates":[[[112.939436,-7.950112],[112.939436,-7.950384],[112.938083,-7.950384],[112.938083,-7.950657],[112.938354,-7.950657],[112.938354,-7.951747],[112.938624,-7.951747],[112.938624,-7.953109],[112.938895,-7.953109],[112.938895,-7.951202],[112.939436,-7.951202],[112.939436,-7.950657],[112.939707,-7.950657],[112.939707,-7.950384],[112.940519,-7.950384],[112.940519,-7.950112],[112.939436,-7.950112]]]}},{"type":"Feature","properties":{"fid":1511,"DN":4},"geometry":{"type":"Polygon","coordinates":[[[112.947015,-7.951474],[112.947015,-7.952564],[112.947556,-7.952564],[112.947556,-7.953109],[112.947827,-7.953109],[112.947827,-7.951747],[112.947556,-7.951747],[112.947556,-7.951474],[112.947015,-7.951474]]]}},{"type":"Feature","properties":{"fid":1512,"DN":3},"geometry":{"type":"Polygon","coordinates":[[[112.939166,-7.953382],[112.939166,-7.953654],[112.939436,-7.953654],[112.939436,-7.953382],[112.939166,-7.953382]]]}},{"type":"Feature","properties":{"fid":1513,"DN":3},"geometry":{"type":"Polygon","coordinates":[[[112.942955,-7.953654],[112.942955,-7.953927],[112.943226,-7.953927],[112.943226,-7.953654],[112.942955,-7.953654]]]}},{"type":"Feature","properties":{"fid":1514,"DN":4},"geometry":{"type":"Polygon","coordinates":[[[112.947286,-7.949567],[112.947286,-7.949839],[112.948098,-7.949839],[112.948098,-7.950112],[112.947827,-7.950112],[112.947827,-7.950657],[112.948639,-7.950657],[112.948639,-7.950929],[112.948369,-7.950929],[112.948369,-7.951202],[112.948098,-7.951202],[112.948098,-7.953654],[112.94891,-7.953654],[112.94891,-7.953927],[112.949181,-7.953927],[112.949181,-7.954199],[112.949451,-7.954199],[112.949451,-7.953654],[112.949993,-7.953654],[112.949993,-7.953382],[112.950263,-7.953382],[112.950263,-7.952837],[112.950805,-7.952837],[112.950805,-7.952564],[112.951346,-7.952564],[112.951346,-7.952292],[112.951617,-7.952292],[112.951617,-7.952019],[112.952429,-7.952019],[112.952429,-7.952292],[112.95297,-7.952292],[112.95297,-7.952019],[112.953241,-7.952019],[112.953241,-7.951474],[112.953511,-7.951474],[112.953511,-7.951202],[112.954053,-7.951202],[112.954053,-7.950384],[112.953782,-7.950384],[112.953782,-7.949839],[112.953511,-7.949839],[112.953511,-7.949567],[112.947286,-7.949567]],[[112.948639,-7.950112],[112.94891,-7.950112],[112.94891,-7.950657],[112.948639,-7.950657],[112.948639,-7.950112]],[[112.951075,-7.951474],[112.951617,-7.951474],[112.951617,-7.952019],[112.951075,-7.952019],[112.951075,-7.951474]]]}},{"type":"Feature","properties":{"fid":1515,"DN":3},"geometry":{"type":"Polygon","coordinates":[[[112.935917,-7.953927],[112.935917,-7.954199],[112.936459,-7.954199],[112.936459,-7.953927],[112.935917,-7.953927]]]}},{"type":"Feature","properties":{"fid":1516,"DN":4},"geometry":{"type":"Polygon","coordinates":[[[112.948639,-7.953927],[112.948639,-7.954199],[112.94891,-7.954199],[112.94891,-7.953927],[112.948639,-7.953927]]]}},{"type":"Feature","properties":{"fid":1517,"DN":3},"geometry":{"type":"Polygon","coordinates":[[[112.935647,-7.954199],[112.935647,-7.954472],[112.935917,-7.954472],[112.935917,-7.954199],[112.935647,-7.954199]]]}},{"type":"Feature","properties":{"fid":1518,"DN":4},"geometry":{"type":"Polygon","coordinates":[[[112.954053,-7.956379],[112.954053,-7.956652],[112.954594,-7.956652],[112.954594,-7.956379],[112.954053,-7.956379]]]}},{"type":"Feature","properties":{"fid":1519,"DN":4},"geometry":{"type":"Polygon","coordinates":[[[112.940519,-7.949839],[112.940519,-7.950384],[112.939707,-7.950384],[112.939707,-7.950657],[112.939436,-7.950657],[112.939436,-7.951202],[112.938895,-7.951202],[112.938895,-7.953109],[112.938624,-7.953109],[112.938624,-7.951747],[112.938354,-7.951747],[112.938354,-7.950657],[112.937541,-7.950657],[112.937541,-7.950929],[112.937271,-7.950929],[112.937271,-7.951202],[112.937,-7.951202],[112.937,-7.951474],[112.936729,-7.951474],[112.936729,-7.951747],[112.936459,-7.951747],[112.936459,-7.952019],[112.936188,-7.952019],[112.936188,-7.952837],[112.935917,-7.952837],[112.935917,-7.953382],[112.935647,-7.953382],[112.935647,-7.954199],[112.935917,-7.954199],[112.935917,-7.954472],[112.935647,-7.954472],[112.935647,-7.955289],[112.935917,-7.955289],[112.935917,-7.956107],[112.936729,-7.956107],[112.936729,-7.955834],[112.937,-7.955834],[112.937,-7.955562],[112.937812,-7.955562],[112.937812,-7.956379],[112.938083,-7.956379],[112.938083,-7.957197],[112.938624,-7.957197],[112.938624,-7.956925],[112.938895,-7.956925],[112.938895,-7.956652],[112.939166,-7.956652],[112.939166,-7.956379],[112.939707,-7.956379],[112.939707,-7.956107],[112.940519,-7.956107],[112.940519,-7.955834],[112.94106,-7.955834],[112.94106,-7.955562],[112.941331,-7.955562],[112.941331,-7.954472],[112.94106,-7.954472],[112.94106,-7.953927],[112.941602,-7.953927],[112.941602,-7.954744],[112.941872,-7.954744],[112.941872,-7.955017],[112.941602,-7.955017],[112.941602,-7.955562],[112.942684,-7.955562],[112.942684,-7.954472],[112.942955,-7.954472],[112.942955,-7.955017],[112.943226,-7.955017],[112.943226,-7.955562],[112.943496,-7.955562],[112.943496,-7.955834],[112.943767,-7.955834],[112.943767,-7.954199],[112.943496,-7.954199],[112.943496,-7.953382],[112.943767,-7.953382],[112.943767,-7.953109],[112.943496,-7.953109],[112.943496,-7.952019],[112.943226,-7.952019],[112.943226,-7.951747],[112.943496,-7.951747],[112.943496,-7.951202],[112.943226,-7.951202],[112.943226,-7.950929],[112.943496,-7.950929],[112.943496,-7.950657],[112.943226,-7.950657],[112.943226,-7.949839],[112.942955,-7.949839],[112.942955,-7.950384],[112.942414,-7.950384],[112.942414,-7.949839],[112.940519,-7.949839]],[[112.94106,-7.950657],[112.941331,-7.950657],[112.941331,-7.950929],[112.94106,-7.950929],[112.94106,-7.950657]],[[112.942414,-7.950929],[112.942955,-7.950929],[112.942955,-7.951202],[112.942414,-7.951202],[112.942414,-7.950929]],[[112.937541,-7.951202],[112.938083,-7.951202],[112.938083,-7.951747],[112.937541,-7.951747],[112.937541,-7.952019],[112.937,-7.952019],[112.937,-7.951747],[112.937271,-7.951747],[112.937271,-7.951474],[112.937541,-7.951474],[112.937541,-7.951202]],[[112.942955,-7.951474],[112.943226,-7.951474],[112.943226,-7.951747],[112.942955,-7.951747],[112.942955,-7.951474]],[[112.941872,-7.951747],[112.942955,-7.951747],[112.942955,-7.952019],[112.941872,-7.952019],[112.941872,-7.951747]],[[112.939166,-7.953382],[112.939436,-7.953382],[112.939436,-7.953654],[112.939166,-7.953654],[112.939166,-7.953382]],[[112.942955,-7.953654],[112.943226,-7.953654],[112.943226,-7.953927],[112.942955,-7.953927],[112.942955,-7.953654]],[[112.935917,-7.953927],[112.936459,-7.953927],[112.936459,-7.954199],[112.935917,-7.954199],[112.935917,-7.953927]]]}},{"type":"Feature","properties":{"fid":1520,"DN":4},"geometry":{"type":"Polygon","coordinates":[[[112.947556,-7.95747],[112.947556,-7.957742],[112.947827,-7.957742],[112.947827,-7.95747],[112.947556,-7.95747]]]}},{"type":"Feature","properties":{"fid":1521,"DN":4},"geometry":{"type":"Polygon","coordinates":[[[112.935376,-7.956107],[112.935376,-7.956925],[112.934564,-7.956925],[112.934564,-7.957197],[112.933481,-7.957197],[112.933481,-7.95747],[112.934835,-7.95747],[112.934835,-7.957197],[112.935376,-7.957197],[112.935376,-7.958015],[112.935917,-7.958015],[112.935917,-7.95747],[112.935647,-7.95747],[112.935647,-7.956107],[112.935376,-7.956107]]]}},{"type":"Feature","properties":{"fid":1522,"DN":4},"geometry":{"type":"Polygon","coordinates":[[[112.954594,-7.957197],[112.954594,-7.958015],[112.955135,-7.958015],[112.955135,-7.95747],[112.954865,-7.95747],[112.954865,-7.957197],[112.954594,-7.957197]]]}},{"type":"Feature","properties":{"fid":1523,"DN":4},"geometry":{"type":"Polygon","coordinates":[[[112.932399,-7.95747],[112.932399,-7.957742],[112.932128,-7.957742],[112.932128,-7.958015],[112.93294,-7.958015],[112.93294,-7.95747],[112.932399,-7.95747]]]}},{"type":"Feature","properties":{"fid":1524,"DN":4},"geometry":{"type":"Polygon","coordinates":[[[112.936459,-7.958015],[112.936459,-7.958287],[112.936729,-7.958287],[112.936729,-7.95856],[112.937,-7.95856],[112.937,-7.958832],[112.937812,-7.958832],[112.937812,-7.95856],[112.937271,-7.95856],[112.937271,-7.958287],[112.937,-7.958287],[112.937,-7.958015],[112.936459,-7.958015]]]}},{"type":"Feature","properties":{"fid":1525,"DN":4},"geometry":{"type":"Polygon","coordinates":[[[112.953241,-7.959377],[112.953241,-7.95965],[112.953782,-7.95965],[112.953782,-7.959377],[112.953241,-7.959377]]]}},{"type":"Feature","properties":{"fid":1526,"DN":4},"geometry":{"type":"Polygon","coordinates":[[[112.960278,-7.938939],[112.960278,-7.939212],[112.960549,-7.939212],[112.960549,-7.939484],[112.96109,-7.939484],[112.96109,-7.941119],[112.961361,-7.941119],[112.961361,-7.941937],[112.961632,-7.941937],[112.961632,-7.942209],[112.961902,-7.942209],[112.961902,-7.943027],[112.962173,-7.943027],[112.962173,-7.943844],[112.962444,-7.943844],[112.962444,-7.944117],[112.963526,-7.944117],[112.963526,-7.944389],[112.962714,-7.944389],[112.962714,-7.944662],[112.963256,-7.944662],[112.963256,-7.944934],[112.963526,-7.944934],[112.963526,-7.945479],[112.963797,-7.945479],[112.963797,-7.945752],[112.964068,-7.945752],[112.964068,-7.946024],[112.964609,-7.946024],[112.964609,-7.946842],[112.96488,-7.946842],[112.96488,-7.947114],[112.96515,-7.947114],[112.96515,-7.947387],[112.965692,-7.947387],[112.965692,-7.947932],[112.965962,-7.947932],[112.965962,-7.948749],[112.96488,-7.948749],[112.96488,-7.949022],[112.96515,-7.949022],[112.96515,-7.949294],[112.965421,-7.949294],[112.965421,-7.949022],[112.965962,-7.949022],[112.965962,-7.949567],[112.964068,-7.949567],[112.964068,-7.949294],[112.963526,-7.949294],[112.963526,-7.949567],[112.958925,-7.949567],[112.958925,-7.949839],[112.959196,-7.949839],[112.959196,-7.950112],[112.960008,-7.950112],[112.960008,-7.950384],[112.96082,-7.950384],[112.96082,-7.951202],[112.96109,-7.951202],[112.96109,-7.951474],[112.961361,-7.951474],[112.961361,-7.951747],[112.961632,-7.951747],[112.961632,-7.952292],[112.962173,-7.952292],[112.962173,-7.952564],[112.962444,-7.952564],[112.962444,-7.952837],[112.962714,-7.952837],[112.962714,-7.953109],[112.962985,-7.953109],[112.962985,-7.953927],[112.963256,-7.953927],[112.963256,-7.955017],[112.963526,-7.955017],[112.963526,-7.955289],[112.963797,-7.955289],[112.963797,-7.955562],[112.964338,-7.955562],[112.964338,-7.955834],[112.964609,-7.955834],[112.964609,-7.956107],[112.96488,-7.956107],[112.96488,-7.956925],[112.96515,-7.956925],[112.96515,-7.957197],[112.965421,-7.957197],[112.965421,-7.95747],[112.965692,-7.95747],[112.965692,-7.957742],[112.965962,-7.957742],[112.965962,-7.958287],[112.966233,-7.958287],[112.966233,-7.958832],[112.966774,-7.958832],[112.966774,-7.959377],[112.967045,-7.959377],[112.967045,-7.959922],[112.967316,-7.959922],[112.967316,-7.960195],[112.968399,-7.960195],[112.968399,-7.959922],[112.968669,-7.959922],[112.968669,-7.95965],[112.969481,-7.95965],[112.969481,-7.959377],[112.969752,-7.959377],[112.969752,-7.958832],[112.970293,-7.958832],[112.970293,-7.95856],[112.970564,-7.95856],[112.970564,-7.958287],[112.970835,-7.958287],[112.970835,-7.958015],[112.971105,-7.958015],[112.971105,-7.957742],[112.972188,-7.957742],[112.972188,-7.95747],[112.972459,-7.95747],[112.972459,-7.957197],[112.973,-7.957197],[112.973,-7.956925],[112.973271,-7.956925],[112.973271,-7.956379],[112.973541,-7.956379],[112.973541,-7.956107],[112.974083,-7.956107],[112.974083,-7.955834],[112.974353,-7.955834],[112.974353,-7.955562],[112.974624,-7.955562],[112.974624,-7.955289],[112.975436,-7.955289],[112.975436,-7.955017],[112.975707,-7.955017],[112.975707,-7.954744],[112.975977,-7.954744],[112.975977,-7.954472],[112.976519,-7.954472],[112.976519,-7.953927],[112.97706,-7.953927],[112.97706,-7.953654],[112.977331,-7.953654],[112.977331,-7.953382],[112.977872,-7.953382],[112.977872,-7.953109],[112.978143,-7.953109],[112.978143,-7.952837],[112.978955,-7.952837],[112.978955,-7.952564],[112.979226,-7.952564],[112.979226,-7.952292],[112.979767,-7.952292],[112.979767,-7.952019],[112.980038,-7.952019],[112.980038,-7.951747],[112.980308,-7.951747],[112.980308,-7.951202],[112.98085,-7.951202],[112.98085,-7.950929],[112.98112,-7.950929],[112.98112,-7.950657],[112.981662,-7.950657],[112.981662,-7.950384],[112.982474,-7.950384],[112.982474,-7.950112],[112.982744,-7.950112],[112.982744,-7.949839],[112.983286,-7.949839],[112.983286,-7.949567],[112.983556,-7.949567],[112.983556,-7.949294],[112.984098,-7.949294],[112.984098,-7.948749],[112.984639,-7.948749],[112.984639,-7.948477],[112.985451,-7.948477],[112.985451,-7.948204],[112.985722,-7.948204],[112.985722,-7.947932],[112.98518,-7.947932],[112.98518,-7.947659],[112.98491,-7.947659],[112.98491,-7.947387],[112.984639,-7.947387],[112.984639,-7.947659],[112.984368,-7.947659],[112.984368,-7.947387],[112.983556,-7.947387],[112.983556,-7.946842],[112.984098,-7.946842],[112.984098,-7.946569],[112.983827,-7.946569],[112.983827,-7.946297],[112.983556,-7.946297],[112.983556,-7.945752],[112.983015,-7.945752],[112.983015,-7.945479],[112.982203,-7.945479],[112.982203,-7.945207],[112.981932,-7.945207],[112.981932,-7.944934],[112.981662,-7.944934],[112.981662,-7.944662],[112.981391,-7.944662],[112.981391,-7.943844],[112.98112,-7.943844],[112.98112,-7.944117],[112.98085,-7.944117],[112.98085,-7.943844],[112.980579,-7.943844],[112.980579,-7.944389],[112.980038,-7.944389],[112.980038,-7.944662],[112.979767,-7.944662],[112.979767,-7.944934],[112.979496,-7.944934],[112.979496,-7.945479],[112.979226,-7.945479],[112.979226,-7.946297],[112.978955,-7.946297],[112.978955,-7.947114],[112.978684,-7.947114],[112.978684,-7.949567],[112.975977,-7.949567],[112.975977,-7.947932],[112.975707,-7.947932],[112.975707,-7.947387],[112.974624,-7.947387],[112.974624,-7.947114],[112.974353,-7.947114],[112.974353,-7.946842],[112.975436,-7.946842],[112.975436,-7.946297],[112.975707,-7.946297],[112.975707,-7.946024],[112.975977,-7.946024],[112.975977,-7.944934],[112.975707,-7.944934],[112.975707,-7.944389],[112.975977,-7.944389],[112.975977,-7.944662],[112.976248,-7.944662],[112.976248,-7.944117],[112.976519,-7.944117],[112.976519,-7.943844],[112.976789,-7.943844],[112.976789,-7.943572],[112.97706,-7.943572],[112.97706,-7.943027],[112.977331,-7.943027],[112.977331,-7.941664],[112.977601,-7.941664],[112.977601,-7.941937],[112.978143,-7.941937],[112.978143,-7.941119],[112.978414,-7.941119],[112.978414,-7.941937],[112.978684,-7.941937],[112.978684,-7.941664],[112.978955,-7.941664],[112.978955,-7.940302],[112.978684,-7.940302],[112.978684,-7.940029],[112.978414,-7.940029],[112.978414,-7.939757],[112.977331,-7.939757],[112.977331,-7.940302],[112.97706,-7.940302],[112.97706,-7.940847],[112.976789,-7.940847],[112.976789,-7.941119],[112.976248,-7.941119],[112.976248,-7.941392],[112.975707,-7.941392],[112.975707,-7.941664],[112.974624,-7.941664],[112.974624,-7.941937],[112.973271,-7.941937],[112.973271,-7.942209],[112.971647,-7.942209],[112.971647,-7.941937],[112.970023,-7.941937],[112.970023,-7.941664],[112.969481,-7.941664],[112.969481,-7.941937],[112.969211,-7.941937],[112.969211,-7.941392],[112.968669,-7.941392],[112.968669,-7.941119],[112.966504,-7.941119],[112.966504,-7.940847],[112.966233,-7.940847],[112.966233,-7.940574],[112.965962,-7.940574],[112.965962,-7.940302],[112.96515,-7.940302],[112.96515,-7.939757],[112.96488,-7.939757],[112.96488,-7.939484],[112.964609,-7.939484],[112.964609,-7.939212],[112.964068,-7.939212],[112.964068,-7.938939],[112.963797,-7.938939],[112.963797,-7.939212],[112.963526,-7.939212],[112.963526,-7.938939],[112.960278,-7.938939]],[[112.964068,-7.941119],[112.964338,-7.941119],[112.964338,-7.941664],[112.963797,-7.941664],[112.963797,-7.941392],[112.964068,-7.941392],[112.964068,-7.941119]],[[112.964609,-7.941392],[112.96488,-7.941392],[112.96488,-7.941664],[112.964609,-7.941664],[112.964609,-7.941392]],[[112.967045,-7.941664],[112.967316,-7.941664],[112.967316,-7.941937],[112.967045,-7.941937],[112.967045,-7.941664]],[[112.968399,-7.941664],[112.968669,-7.941664],[112.968669,-7.943027],[112.96894,-7.943027],[112.96894,-7.943844],[112.968669,-7.943844],[112.968669,-7.943572],[112.968128,-7.943572],[112.968128,-7.942754],[112.967857,-7.942754],[112.967857,-7.942209],[112.968399,-7.942209],[112.968399,-7.941664]],[[112.969481,-7.942209],[112.970023,-7.942209],[112.970023,-7.942482],[112.969481,-7.942482],[112.969481,-7.942209]],[[112.975977,-7.942482],[112.976248,-7.942482],[112.976248,-7.942754],[112.976519,-7.942754],[112.976519,-7.943027],[112.976248,-7.943027],[112.976248,-7.943572],[112.975707,-7.943572],[112.975707,-7.942754],[112.975977,-7.942754],[112.975977,-7.942482]],[[112.969211,-7.942754],[112.969481,-7.942754],[112.969481,-7.943844],[112.969211,-7.943844],[112.969211,-7.942754]],[[112.969752,-7.942754],[112.970023,-7.942754],[112.970023,-7.943572],[112.969752,-7.943572],[112.969752,-7.942754]],[[112.973271,-7.942754],[112.973812,-7.942754],[112.973812,-7.943299],[112.973271,-7.943299],[112.973271,-7.942754]],[[112.970564,-7.943299],[112.970835,-7.943299],[112.970835,-7.943572],[112.970564,-7.943572],[112.970564,-7.943299]],[[112.974353,-7.943299],[112.974895,-7.943299],[112.974895,-7.943572],[112.974353,-7.943572],[112.974353,-7.943299]],[[112.967586,-7.943572],[112.968128,-7.943572],[112.968128,-7.943844],[112.967586,-7.943844],[112.967586,-7.943572]],[[112.971647,-7.943572],[112.972188,-7.943572],[112.972188,-7.943844],[112.972459,-7.943844],[112.972459,-7.944662],[112.971376,-7.944662],[112.971376,-7.944389],[112.970835,-7.944389],[112.970835,-7.944117],[112.971105,-7.944117],[112.971105,-7.943844],[112.971647,-7.943844],[112.971647,-7.943572]],[[112.973271,-7.943572],[112.973812,-7.943572],[112.973812,-7.943844],[112.975165,-7.943844],[112.975165,-7.944117],[112.975436,-7.944117],[112.975436,-7.944389],[112.974895,-7.944389],[112.974895,-7.944662],[112.974624,-7.944662],[112.974624,-7.944934],[112.974083,-7.944934],[112.974083,-7.945207],[112.973812,-7.945207],[112.973812,-7.944389],[112.973271,-7.944389],[112.973271,-7.943572]],[[112.968669,-7.944117],[112.96894,-7.944117],[112.96894,-7.944662],[112.968669,-7.944662],[112.968669,-7.944117]],[[112.98085,-7.944389],[112.98112,-7.944389],[112.98112,-7.944662],[112.98085,-7.944662],[112.98085,-7.944389]],[[112.974895,-7.944934],[112.975436,-7.944934],[112.975436,-7.945207],[112.974895,-7.945207],[112.974895,-7.944934]],[[112.974353,-7.945479],[112.974624,-7.945479],[112.974624,-7.946297],[112.974353,-7.946297],[112.974353,-7.945479]],[[112.971105,-7.946297],[112.971376,-7.946297],[112.971376,-7.946569],[112.971105,-7.946569],[112.971105,-7.946297]],[[112.979496,-7.946297],[112.979767,-7.946297],[112.979767,-7.946569],[112.979496,-7.946569],[112.979496,-7.946297]],[[112.981932,-7.946569],[112.982203,-7.946569],[112.982203,-7.946842],[112.981932,-7.946842],[112.981932,-7.946569]],[[112.974895,-7.947659],[112.975165,-7.947659],[112.975165,-7.947932],[112.974895,-7.947932],[112.974895,-7.947659]]]}},{"type":"Feature","properties":{"fid":1527,"DN":4},"geometry":{"type":"Polygon","coordinates":[[[112.948369,-7.95747],[112.948369,-7.957742],[112.948098,-7.957742],[112.948098,-7.95856],[112.948369,-7.95856],[112.948369,-7.959105],[112.948639,-7.959105],[112.948639,-7.959377],[112.94891,-7.959377],[112.94891,-7.95965],[112.949181,-7.95965],[112.949181,-7.959922],[112.950534,-7.959922],[112.950534,-7.960195],[112.950805,-7.960195],[112.950805,-7.959105],[112.951075,-7.959105],[112.951075,-7.958832],[112.950805,-7.958832],[112.950805,-7.957742],[112.949722,-7.957742],[112.949722,-7.95747],[112.948369,-7.95747]]]}},{"type":"Feature","properties":{"fid":1528,"DN":4},"geometry":{"type":"Polygon","coordinates":[[[112.95297,-7.95747],[112.95297,-7.958015],[112.952429,-7.958015],[112.952429,-7.958832],[112.952158,-7.958832],[112.952158,-7.959377],[112.952429,-7.959377],[112.952429,-7.959922],[112.952699,-7.959922],[112.952699,-7.960195],[112.953241,-7.960195],[112.953241,-7.959922],[112.95297,-7.959922],[112.95297,-7.95965],[112.952699,-7.95965],[112.952699,-7.959377],[112.953241,-7.959377],[112.953241,-7.95747],[112.95297,-7.95747]]]}},{"type":"Feature","properties":{"fid":1529,"DN":4},"geometry":{"type":"Polygon","coordinates":[[[112.929692,-7.961557],[112.929692,-7.96183],[112.930233,-7.96183],[112.930233,-7.961557],[112.929692,-7.961557]]]}},{"type":"Feature","properties":{"fid":1530,"DN":4},"geometry":{"type":"Polygon","coordinates":[[[112.93294,-7.96183],[112.93294,-7.962102],[112.933211,-7.962102],[112.933211,-7.96183],[112.93294,-7.96183]]]}},{"type":"Feature","properties":{"fid":1531,"DN":4},"geometry":{"type":"Polygon","coordinates":[[[112.935647,-7.96183],[112.935647,-7.962102],[112.935917,-7.962102],[112.935917,-7.96183],[112.935647,-7.96183]]]}},{"type":"Feature","properties":{"fid":1532,"DN":4},"geometry":{"type":"Polygon","coordinates":[[[112.929421,-7.96183],[112.929421,-7.962375],[112.929692,-7.962375],[112.929692,-7.96183],[112.929421,-7.96183]]]}},{"type":"Feature","properties":{"fid":1533,"DN":4},"geometry":{"type":"Polygon","coordinates":[[[112.931587,-7.962102],[112.931587,-7.962375],[112.931316,-7.962375],[112.931316,-7.962647],[112.932128,-7.962647],[112.932128,-7.962375],[112.931857,-7.962375],[112.931857,-7.962102],[112.931587,-7.962102]]]}},{"type":"Feature","properties":{"fid":1534,"DN":3},"geometry":{"type":"Polygon","coordinates":[[[112.998444,-7.906238],[112.998444,-7.906511],[112.998173,-7.906511],[112.998173,-7.907328],[112.997902,-7.907328],[112.997902,-7.907601],[112.997632,-7.907601],[112.997632,-7.908146],[112.99709,-7.908146],[112.99709,-7.908418],[112.996549,-7.908418],[112.996549,-7.908691],[112.996007,-7.908691],[112.996007,-7.908418],[112.995737,-7.908418],[112.995737,-7.907873],[112.995466,-7.907873],[112.995466,-7.907601],[112.994925,-7.907601],[112.994925,-7.908691],[112.994654,-7.908691],[112.994654,-7.908418],[112.994383,-7.908418],[112.994383,-7.908146],[112.994113,-7.908146],[112.994113,-7.908691],[112.994383,-7.908691],[112.994383,-7.909236],[112.994113,-7.909236],[112.994113,-7.910871],[112.993571,-7.910871],[112.993571,-7.911143],[112.993301,-7.911143],[112.993301,-7.911416],[112.99303,-7.911416],[112.99303,-7.911143],[112.992489,-7.911143],[112.992489,-7.910871],[112.991677,-7.910871],[112.991677,-7.910598],[112.990053,-7.910598],[112.990053,-7.910326],[112.989511,-7.910326],[112.989511,-7.910871],[112.989782,-7.910871],[112.989782,-7.911143],[112.990053,-7.911143],[112.990053,-7.911416],[112.989782,-7.911416],[112.989782,-7.911688],[112.989511,-7.911688],[112.989511,-7.911416],[112.989241,-7.911416],[112.989241,-7.910871],[112.988158,-7.910871],[112.988158,-7.910598],[112.987887,-7.910598],[112.987887,-7.910326],[112.987617,-7.910326],[112.987617,-7.910598],[112.987346,-7.910598],[112.987346,-7.910326],[112.987075,-7.910326],[112.987075,-7.910053],[112.987346,-7.910053],[112.987346,-7.909781],[112.987075,-7.909781],[112.987075,-7.909508],[112.985992,-7.909508],[112.985992,-7.908963],[112.985451,-7.908963],[112.985451,-7.908691],[112.98518,-7.908691],[112.98518,-7.909508],[112.985451,-7.909508],[112.985451,-7.910053],[112.985722,-7.910053],[112.985722,-7.910326],[112.985992,-7.910326],[112.985992,-7.910598],[112.985722,-7.910598],[112.985722,-7.910871],[112.98518,-7.910871],[112.98518,-7.910053],[112.98491,-7.910053],[112.98491,-7.910326],[112.984639,-7.910326],[112.984639,-7.908691],[112.983827,-7.908691],[112.983827,-7.909236],[112.983556,-7.909236],[112.983556,-7.908418],[112.983286,-7.908418],[112.983286,-7.907873],[112.983015,-7.907873],[112.983015,-7.908146],[112.981932,-7.908146],[112.981932,-7.909236],[112.981391,-7.909236],[112.981391,-7.908691],[112.98112,-7.908691],[112.98112,-7.908146],[112.98085,-7.908146],[112.98085,-7.908418],[112.980038,-7.908418],[112.980038,-7.908691],[112.979496,-7.908691],[112.979496,-7.908146],[112.978684,-7.908146],[112.978684,-7.907601],[112.978414,-7.907601],[112.978414,-7.907056],[112.97706,-7.907056],[112.97706,-7.906783],[112.976519,-7.906783],[112.976519,-7.907056],[112.976248,-7.907056],[112.976248,-7.907328],[112.975977,-7.907328],[112.975977,-7.907601],[112.974624,-7.907601],[112.974624,-7.907873],[112.974083,-7.907873],[112.974083,-7.907601],[112.973271,-7.907601],[112.973271,-7.907873],[112.973812,-7.907873],[112.973812,-7.908146],[112.973,-7.908146],[112.973,-7.908418],[112.972459,-7.908418],[112.972459,-7.908963],[112.973271,-7.908963],[112.973271,-7.909236],[112.972188,-7.909236],[112.972188,-7.908418],[112.971917,-7.908418],[112.971917,-7.909236],[112.971105,-7.909236],[112.971105,-7.909508],[112.971376,-7.909508],[112.971376,-7.910326],[112.970835,-7.910326],[112.970835,-7.911416],[112.970293,-7.911416],[112.970293,-7.912233],[112.970023,-7.912233],[112.970023,-7.912778],[112.969752,-7.912778],[112.969752,-7.913051],[112.969481,-7.913051],[112.969481,-7.913596],[112.96894,-7.913596],[112.96894,-7.914413],[112.968669,-7.914413],[112.968669,-7.914141],[112.968399,-7.914141],[112.968399,-7.913596],[112.968128,-7.913596],[112.968128,-7.914413],[112.967586,-7.914413],[112.967586,-7.914686],[112.967857,-7.914686],[112.967857,-7.915231],[112.967045,-7.915231],[112.967045,-7.914958],[112.966233,-7.914958],[112.966233,-7.914686],[112.965962,-7.914686],[112.965962,-7.914141],[112.96488,-7.914141],[112.96488,-7.913868],[112.964338,-7.913868],[112.964338,-7.914141],[112.963797,-7.914141],[112.963797,-7.914413],[112.964609,-7.914413],[112.964609,-7.914958],[112.96515,-7.914958],[112.96515,-7.915231],[112.965421,-7.915231],[112.965421,-7.915503],[112.965692,-7.915503],[112.965692,-7.915231],[112.965962,-7.915231],[112.965962,-7.915776],[112.96515,-7.915776],[112.96515,-7.916866],[112.96488,-7.916866],[112.96488,-7.916594],[112.964609,-7.916594],[112.964609,-7.916866],[112.963797,-7.916866],[112.963797,-7.916594],[112.964338,-7.916594],[112.964338,-7.915776],[112.962985,-7.915776],[112.962985,-7.916866],[112.962714,-7.916866],[112.962714,-7.917139],[112.963256,-7.917139],[112.963256,-7.917684],[112.963797,-7.917684],[112.963797,-7.917139],[112.96488,-7.917139],[112.96488,-7.917411],[112.964609,-7.917411],[112.964609,-7.917956],[112.96515,-7.917956],[112.96515,-7.917684],[112.965421,-7.917684],[112.965421,-7.918774],[112.965962,-7.918774],[112.965962,-7.919319],[112.965692,-7.919319],[112.965692,-7.919591],[112.966233,-7.919591],[112.966233,-7.920136],[112.967316,-7.920136],[112.967316,-7.920681],[112.967586,-7.920681],[112.967586,-7.921226],[112.968128,-7.921226],[112.968128,-7.920954],[112.968399,-7.920954],[112.968399,-7.921226],[112.969481,-7.921226],[112.969481,-7.922044],[112.969211,-7.922044],[112.969211,-7.921499],[112.96894,-7.921499],[112.96894,-7.922044],[112.968399,-7.922044],[112.968399,-7.921499],[112.967586,-7.921499],[112.967586,-7.922316],[112.968399,-7.922316],[112.968399,-7.922861],[112.968128,-7.922861],[112.968128,-7.923134],[112.967857,-7.923134],[112.967857,-7.923406],[112.969211,-7.923406],[112.969211,-7.923134],[112.969481,-7.923134],[112.969481,-7.922861],[112.969752,-7.922861],[112.969752,-7.923406],[112.969481,-7.923406],[112.969481,-7.923679],[112.969211,-7.923679],[112.969211,-7.923951],[112.96894,-7.923951],[112.96894,-7.924496],[112.967857,-7.924496],[112.967857,-7.925041],[112.967586,-7.925041],[112.967586,-7.924769],[112.967316,-7.924769],[112.967316,-7.925314],[112.967045,-7.925314],[112.967045,-7.923951],[112.967316,-7.923951],[112.967316,-7.923679],[112.966504,-7.923679],[112.966504,-7.923406],[112.965962,-7.923406],[112.965962,-7.924769],[112.965692,-7.924769],[112.965692,-7.923951],[112.96515,-7.923951],[112.96515,-7.923679],[112.96488,-7.923679],[112.96488,-7.923406],[112.964338,-7.923406],[112.964338,-7.922861],[112.964068,-7.922861],[112.964068,-7.922316],[112.963526,-7.922316],[112.963526,-7.922044],[112.963256,-7.922044],[112.963256,-7.920954],[112.962714,-7.920954],[112.962714,-7.920409],[112.963256,-7.920409],[112.963256,-7.920681],[112.964068,-7.920681],[112.964068,-7.920409],[112.963526,-7.920409],[112.963526,-7.920136],[112.963256,-7.920136],[112.963256,-7.919319],[112.962985,-7.919319],[112.962985,-7.920136],[112.962444,-7.920136],[112.962444,-7.920681],[112.962173,-7.920681],[112.962173,-7.919864],[112.962444,-7.919864],[112.962444,-7.919591],[112.962173,-7.919591],[112.962173,-7.919319],[112.961902,-7.919319],[112.961902,-7.919864],[112.961361,-7.919864],[112.961361,-7.919319],[112.96109,-7.919319],[112.96109,-7.918229],[112.96082,-7.918229],[112.96082,-7.917956],[112.96109,-7.917956],[112.96109,-7.917684],[112.96082,-7.917684],[112.96082,-7.917411],[112.960549,-7.917411],[112.960549,-7.917684],[112.959737,-7.917684],[112.959737,-7.917956],[112.960008,-7.917956],[112.960008,-7.919046],[112.959737,-7.919046],[112.959737,-7.919319],[112.959466,-7.919319],[112.959466,-7.917684],[112.958384,-7.917684],[112.958384,-7.916594],[112.958113,-7.916594],[112.958113,-7.916321],[112.958384,-7.916321],[112.958384,-7.915231],[112.958113,-7.915231],[112.958113,-7.914686],[112.957842,-7.914686],[112.957842,-7.914413],[112.957571,-7.914413],[112.957571,-7.914141],[112.957301,-7.914141],[112.957301,-7.913868],[112.95703,-7.913868],[112.95703,-7.913051],[112.956489,-7.913051],[112.956489,-7.914141],[112.95703,-7.914141],[112.95703,-7.914686],[112.956489,-7.914686],[112.956489,-7.914958],[112.957301,-7.914958],[112.957301,-7.917684],[112.957571,-7.917684],[112.957571,-7.919864],[112.957842,-7.919864],[112.957842,-7.920136],[112.958113,-7.920136],[112.958113,-7.920409],[112.958384,-7.920409],[112.958384,-7.920681],[112.958654,-7.920681],[112.958654,-7.920954],[112.96082,-7.920954],[112.96082,-7.921226],[112.96109,-7.921226],[112.96109,-7.922316],[112.962173,-7.922316],[112.962173,-7.922589],[112.962444,-7.922589],[112.962444,-7.922861],[112.962714,-7.922861],[112.962714,-7.923406],[112.962985,-7.923406],[112.962985,-7.923679],[112.963256,-7.923679],[112.963256,-7.924496],[112.963526,-7.924496],[112.963526,-7.924769],[112.964068,-7.924769],[112.964068,-7.925041],[112.963526,-7.925041],[112.963526,-7.925314],[112.964609,-7.925314],[112.964609,-7.925586],[112.964338,-7.925586],[112.964338,-7.925859],[112.96515,-7.925859],[112.96515,-7.927221],[112.96488,-7.927221],[112.96488,-7.928311],[112.96515,-7.928311],[112.96515,-7.928584],[112.966504,-7.928584],[112.966504,-7.928856],[112.966233,-7.928856],[112.966233,-7.929674],[112.965692,-7.929674],[112.965692,-7.929946],[112.96515,-7.929946],[112.96515,-7.930219],[112.964338,-7.930219],[112.964338,-7.930491],[112.962985,-7.930491],[112.962985,-7.930764],[112.96082,-7.930764],[112.96082,-7.930491],[112.959466,-7.930491],[112.959466,-7.930219],[112.958384,-7.930219],[112.958384,-7.929946],[112.958113,-7.929946],[112.958113,-7.929674],[112.957571,-7.929674],[112.957571,-7.929401],[112.957301,-7.929401],[112.957301,-7.928856],[112.95703,-7.928856],[112.95703,-7.928584],[112.956759,-7.928584],[112.956759,-7.928311],[112.956489,-7.928311],[112.956489,-7.928039],[112.955947,-7.928039],[112.955947,-7.927494],[112.955677,-7.927494],[112.955677,-7.926131],[112.955406,-7.926131],[112.955406,-7.924224],[112.955135,-7.924224],[112.955135,-7.924496],[112.954594,-7.924496],[112.954594,-7.924769],[112.954323,-7.924769],[112.954323,-7.925041],[112.953782,-7.925041],[112.953782,-7.925314],[112.953511,-7.925314],[112.953511,-7.925586],[112.953241,-7.925586],[112.953241,-7.926676],[112.95297,-7.926676],[112.95297,-7.927766],[112.952699,-7.927766],[112.952699,-7.928311],[112.95297,-7.928311],[112.95297,-7.928584],[112.952699,-7.928584],[112.952699,-7.929129],[112.952158,-7.929129],[112.952158,-7.929401],[112.951617,-7.929401],[112.951617,-7.929674],[112.950805,-7.929674],[112.950805,-7.929946],[112.950534,-7.929946],[112.950534,-7.929401],[112.949993,-7.929401],[112.949993,-7.929674],[112.949722,-7.929674],[112.949722,-7.929401],[112.949451,-7.929401],[112.949451,-7.929129],[112.948639,-7.929129],[112.948639,-7.928584],[112.949181,-7.928584],[112.949181,-7.928311],[112.948369,-7.928311],[112.948369,-7.928039],[112.947827,-7.928039],[112.947827,-7.927766],[112.948098,-7.927766],[112.948098,-7.926949],[112.947556,-7.926949],[112.947556,-7.926676],[112.947827,-7.926676],[112.947827,-7.925859],[112.947556,-7.925859],[112.947556,-7.925041],[112.947827,-7.925041],[112.947827,-7.924769],[112.948098,-7.924769],[112.948098,-7.923951],[112.947827,-7.923951],[112.947827,-7.924224],[112.947286,-7.924224],[112.947286,-7.924496],[112.947015,-7.924496],[112.947015,-7.924769],[112.946744,-7.924769],[112.946744,-7.925041],[112.945932,-7.925041],[112.945932,-7.925314],[112.945662,-7.925314],[112.945662,-7.925586],[112.945391,-7.925586],[112.945391,-7.925859],[112.94512,-7.925859],[112.94512,-7.926404],[112.945662,-7.926404],[112.945662,-7.926949],[112.945391,-7.926949],[112.945391,-7.927221],[112.945662,-7.927221],[112.945662,-7.927766],[112.945391,-7.927766],[112.945391,-7.928039],[112.94512,-7.928039],[112.94512,-7.928311],[112.946203,-7.928311],[112.946203,-7.928856],[112.945391,-7.928856],[112.945391,-7.929401],[112.944579,-7.929401],[112.944579,-7.929674],[112.944308,-7.929674],[112.944308,-7.929401],[112.943226,-7.929401],[112.943226,-7.930219],[112.942955,-7.930219],[112.942955,-7.931036],[112.942684,-7.931036],[112.942684,-7.930491],[112.942414,-7.930491],[112.942414,-7.930764],[112.942143,-7.930764],[112.942143,-7.931036],[112.941331,-7.931036],[112.941331,-7.931309],[112.94079,-7.931309],[112.94079,-7.931581],[112.941602,-7.931581],[112.941602,-7.931854],[112.942143,-7.931854],[112.942143,-7.932126],[112.942414,-7.932126],[112.942414,-7.932399],[112.942955,-7.932399],[112.942955,-7.932671],[112.943226,-7.932671],[112.943226,-7.932944],[112.944308,-7.932944],[112.944308,-7.933216],[112.945662,-7.933216],[112.945662,-7.933489],[112.948098,-7.933489],[112.948098,-7.933761],[112.950263,-7.933761],[112.950263,-7.934034],[112.951887,-7.934034],[112.951887,-7.933761],[112.952429,-7.933761],[112.952429,-7.934579],[112.952699,-7.934579],[112.952699,-7.940302],[112.95297,-7.940302],[112.95297,-7.943572],[112.952699,-7.943572],[112.952699,-7.943844],[112.952158,-7.943844],[112.952158,-7.944117],[112.951887,-7.944117],[112.951887,-7.944389],[112.951346,-7.944389],[112.951346,-7.944662],[112.951075,-7.944662],[112.951075,-7.945207],[112.950534,-7.945207],[112.950534,-7.945479],[112.949993,-7.945479],[112.949993,-7.945752],[112.949722,-7.945752],[112.949722,-7.946024],[112.949181,-7.946024],[112.949181,-7.946297],[112.948369,-7.946297],[112.948369,-7.946842],[112.947556,-7.946842],[112.947556,-7.947114],[112.947827,-7.947114],[112.947827,-7.947387],[112.947286,-7.947387],[112.947286,-7.947932],[112.947015,-7.947932],[112.947015,-7.948204],[112.946474,-7.948204],[112.946474,-7.948477],[112.946203,-7.948477],[112.946203,-7.948749],[112.945932,-7.948749],[112.945932,-7.949022],[112.945662,-7.949022],[112.945662,-7.949294],[112.945391,-7.949294],[112.945391,-7.949567],[112.94485,-7.949567],[112.94485,-7.949839],[112.943226,-7.949839],[112.943226,-7.950657],[112.943496,-7.950657],[112.943496,-7.950929],[112.943226,-7.950929],[112.943226,-7.951202],[112.943496,-7.951202],[112.943496,-7.951747],[112.943226,-7.951747],[112.943226,-7.952019],[112.943496,-7.952019],[112.943496,-7.953109],[112.943767,-7.953109],[112.943767,-7.953382],[112.943496,-7.953382],[112.943496,-7.954199],[112.943767,-7.954199],[112.943767,-7.955834],[112.943496,-7.955834],[112.943496,-7.955562],[112.943226,-7.955562],[112.943226,-7.955017],[112.942955,-7.955017],[112.942955,-7.954472],[112.942684,-7.954472],[112.942684,-7.955562],[112.941602,-7.955562],[112.941602,-7.955017],[112.941872,-7.955017],[112.941872,-7.954744],[112.941602,-7.954744],[112.941602,-7.953927],[112.94106,-7.953927],[112.94106,-7.954472],[112.941331,-7.954472],[112.941331,-7.955562],[112.94106,-7.955562],[112.94106,-7.955834],[112.940519,-7.955834],[112.940519,-7.956107],[112.939707,-7.956107],[112.939707,-7.956379],[112.939166,-7.956379],[112.939166,-7.956652],[112.938895,-7.956652],[112.938895,-7.956925],[112.938624,-7.956925],[112.938624,-7.957197],[112.938083,-7.957197],[112.938083,-7.956379],[112.937812,-7.956379],[112.937812,-7.955562],[112.937,-7.955562],[112.937,-7.955834],[112.936729,-7.955834],[112.936729,-7.956107],[112.935917,-7.956107],[112.935917,-7.955289],[112.935376,-7.955289],[112.935376,-7.956107],[112.935647,-7.956107],[112.935647,-7.95747],[112.935917,-7.95747],[112.935917,-7.958015],[112.935376,-7.958015],[112.935376,-7.957197],[112.934835,-7.957197],[112.934835,-7.95747],[112.93294,-7.95747],[112.93294,-7.958015],[112.931045,-7.958015],[112.931045,-7.958287],[112.930504,-7.958287],[112.930504,-7.958832],[112.929963,-7.958832],[112.929963,-7.959105],[112.929692,-7.959105],[112.929692,-7.959377],[112.929421,-7.959377],[112.929421,-7.95965],[112.929151,-7.95965],[112.929151,-7.960467],[112.92888,-7.960467],[112.92888,-7.96074],[112.928609,-7.96074],[112.928609,-7.96292],[112.928339,-7.96292],[112.928339,-7.96401],[112.928068,-7.96401],[112.928068,-7.964827],[112.927797,-7.964827],[112.927797,-7.967825],[112.928068,-7.967825],[112.928068,-7.968642],[112.928339,-7.968642],[112.928339,-7.968915],[112.928609,-7.968915],[112.928609,-7.96946],[112.92888,-7.96946],[112.92888,-7.969732],[112.929151,-7.969732],[112.929151,-7.970277],[112.929963,-7.970277],[112.929963,-7.97055],[112.930233,-7.97055],[112.930233,-7.971367],[112.930504,-7.971367],[112.930504,-7.972185],[112.930775,-7.972185],[112.930775,-7.97273],[112.931045,-7.97273],[112.931045,-7.973002],[112.931316,-7.973002],[112.931316,-7.973275],[112.931587,-7.973275],[112.931587,-7.97382],[112.931857,-7.97382],[112.931857,-7.974092],[112.932399,-7.974092],[112.932399,-7.974637],[112.932669,-7.974637],[112.932669,-7.97491],[112.93294,-7.97491],[112.93294,-7.975182],[112.933211,-7.975182],[112.933211,-7.975455],[112.933481,-7.975455],[112.933481,-7.976],[112.933752,-7.976],[112.933752,-7.976817],[112.934023,-7.976817],[112.934023,-7.977363],[112.934564,-7.977363],[112.934564,-7.977635],[112.934835,-7.977635],[112.934835,-7.978453],[112.935105,-7.978453],[112.935105,-7.978725],[112.935376,-7.978725],[112.935376,-7.978453],[112.936188,-7.978453],[112.936188,-7.97818],[112.94079,-7.97818],[112.94079,-7.978453],[112.945391,-7.978453],[112.945391,-7.97818],[112.945662,-7.97818],[112.945662,-7.977635],[112.945932,-7.977635],[112.945932,-7.977908],[112.946744,-7.977908],[112.946744,-7.97818],[112.947015,-7.97818],[112.947015,-7.978453],[112.948098,-7.978453],[112.948098,-7.978725],[112.948639,-7.978725],[112.948639,-7.978453],[112.949181,-7.978453],[112.949181,-7.977908],[112.949993,-7.977908],[112.949993,-7.977635],[112.950534,-7.977635],[112.950534,-7.977363],[112.950805,-7.977363],[112.950805,-7.97709],[112.951075,-7.97709],[112.951075,-7.976272],[112.951617,-7.976272],[112.951617,-7.976],[112.951887,-7.976],[112.951887,-7.975727],[112.952158,-7.975727],[112.952158,-7.975455],[112.953241,-7.975455],[112.953241,-7.975727],[112.954323,-7.975727],[112.954323,-7.975455],[112.954594,-7.975455],[112.954594,-7.975182],[112.954865,-7.975182],[112.954865,-7.97491],[112.955135,-7.97491],[112.955135,-7.974092],[112.955406,-7.974092],[112.955406,-7.973547],[112.955677,-7.973547],[112.955677,-7.97273],[112.956489,-7.97273],[112.956489,-7.972457],[112.95703,-7.972457],[112.95703,-7.972185],[112.957301,-7.972185],[112.957301,-7.97164],[112.957571,-7.97164],[112.957571,-7.971367],[112.957842,-7.971367],[112.957842,-7.971095],[112.958113,-7.971095],[112.958113,-7.970822],[112.958384,-7.970822],[112.958384,-7.97055],[112.958925,-7.97055],[112.958925,-7.970277],[112.959466,-7.970277],[112.959466,-7.970005],[112.960008,-7.970005],[112.960008,-7.969732],[112.960278,-7.969732],[112.960278,-7.969187],[112.960549,-7.969187],[112.960549,-7.968915],[112.96082,-7.968915],[112.96082,-7.96837],[112.96109,-7.96837],[112.96109,-7.968097],[112.961632,-7.968097],[112.961632,-7.967825],[112.962173,-7.967825],[112.962173,-7.967552],[112.962444,-7.967552],[112.962444,-7.967007],[112.962714,-7.967007],[112.962714,-7.966462],[112.962985,-7.966462],[112.962985,-7.96619],[112.963256,-7.96619],[112.963256,-7.965372],[112.963526,-7.965372],[112.963526,-7.9651],[112.964068,-7.9651],[112.964068,-7.964555],[112.964338,-7.964555],[112.964338,-7.96401],[112.964609,-7.96401],[112.964609,-7.963465],[112.96488,-7.963465],[112.96488,-7.96292],[112.96515,-7.96292],[112.96515,-7.962647],[112.965421,-7.962647],[112.965421,-7.962375],[112.965692,-7.962375],[112.965692,-7.962102],[112.965962,-7.962102],[112.965962,-7.961285],[112.966774,-7.961285],[112.966774,-7.961012],[112.967045,-7.961012],[112.967045,-7.96074],[112.967586,-7.96074],[112.967586,-7.960467],[112.967857,-7.960467],[112.967857,-7.960195],[112.967316,-7.960195],[112.967316,-7.959922],[112.967045,-7.959922],[112.967045,-7.959377],[112.966774,-7.959377],[112.966774,-7.958832],[112.966233,-7.958832],[112.966233,-7.958287],[112.965962,-7.958287],[112.965962,-7.957742],[112.965692,-7.957742],[112.965692,-7.95747],[112.965421,-7.95747],[112.965421,-7.957197],[112.96515,-7.957197],[112.96515,-7.956925],[112.96488,-7.956925],[112.96488,-7.956107],[112.964609,-7.956107],[112.964609,-7.955834],[112.964338,-7.955834],[112.964338,-7.955562],[112.963797,-7.955562],[112.963797,-7.955289],[112.963526,-7.955289],[112.963526,-7.955017],[112.963256,-7.955017],[112.963256,-7.953927],[112.962985,-7.953927],[112.962985,-7.953109],[112.962714,-7.953109],[112.962714,-7.952837],[112.962444,-7.952837],[112.962444,-7.952564],[112.962173,-7.952564],[112.962173,-7.952292],[112.961632,-7.952292],[112.961632,-7.951747],[112.961361,-7.951747],[112.961361,-7.951474],[112.96109,-7.951474],[112.96109,-7.951202],[112.96082,-7.951202],[112.96082,-7.950384],[112.960008,-7.950384],[112.960008,-7.950112],[112.959196,-7.950112],[112.959196,-7.949839],[112.958925,-7.949839],[112.958925,-7.949567],[112.963526,-7.949567],[112.963526,-7.949294],[112.964068,-7.949294],[112.964068,-7.949567],[112.965962,-7.949567],[112.965962,-7.949022],[112.965421,-7.949022],[112.965421,-7.949294],[112.96515,-7.949294],[112.96515,-7.949022],[112.96488,-7.949022],[112.96488,-7.948749],[112.965962,-7.948749],[112.965962,-7.947932],[112.965692,-7.947932],[112.965692,-7.947387],[112.96515,-7.947387],[112.96515,-7.947114],[112.96488,-7.947114],[112.96488,-7.946842],[112.964609,-7.946842],[112.964609,-7.946024],[112.964068,-7.946024],[112.964068,-7.945752],[112.963797,-7.945752],[112.963797,-7.945479],[112.963526,-7.945479],[112.963526,-7.944934],[112.963256,-7.944934],[112.963256,-7.944662],[112.962714,-7.944662],[112.962714,-7.944389],[112.963526,-7.944389],[112.963526,-7.944117],[112.962444,-7.944117],[112.962444,-7.943844],[112.962173,-7.943844],[112.962173,-7.943027],[112.961902,-7.943027],[112.961902,-7.942209],[112.961632,-7.942209],[112.961632,-7.941937],[112.961361,-7.941937],[112.961361,-7.941119],[112.96109,-7.941119],[112.96109,-7.939484],[112.960549,-7.939484],[112.960549,-7.939212],[112.960278,-7.939212],[112.960278,-7.938939],[112.963526,-7.938939],[112.963526,-7.939212],[112.963797,-7.939212],[112.963797,-7.938939],[112.964068,-7.938939],[112.964068,-7.939212],[112.964609,-7.939212],[112.964609,-7.939484],[112.96488,-7.939484],[112.96488,-7.939757],[112.96515,-7.939757],[112.96515,-7.940302],[112.965962,-7.940302],[112.965962,-7.940574],[112.966233,-7.940574],[112.966233,-7.940847],[112.966504,-7.940847],[112.966504,-7.941119],[112.968669,-7.941119],[112.968669,-7.941392],[112.969211,-7.941392],[112.969211,-7.941937],[112.969481,-7.941937],[112.969481,-7.941664],[112.970023,-7.941664],[112.970023,-7.941937],[112.971647,-7.941937],[112.971647,-7.942209],[112.973271,-7.942209],[112.973271,-7.941937],[112.974624,-7.941937],[112.974624,-7.941664],[112.975707,-7.941664],[112.975707,-7.941392],[112.976248,-7.941392],[112.976248,-7.941119],[112.976789,-7.941119],[112.976789,-7.940847],[112.97706,-7.940847],[112.97706,-7.940302],[112.977331,-7.940302],[112.977331,-7.939757],[112.978414,-7.939757],[112.978414,-7.940029],[112.978684,-7.940029],[112.978684,-7.940302],[112.978955,-7.940302],[112.978955,-7.941664],[112.978684,-7.941664],[112.978684,-7.941937],[112.978414,-7.941937],[112.978414,-7.941119],[112.978143,-7.941119],[112.978143,-7.941937],[112.977601,-7.941937],[112.977601,-7.941664],[112.977331,-7.941664],[112.977331,-7.943027],[112.97706,-7.943027],[112.97706,-7.943572],[112.976789,-7.943572],[112.976789,-7.943844],[112.976519,-7.943844],[112.976519,-7.944117],[112.976248,-7.944117],[112.976248,-7.944662],[112.975977,-7.944662],[112.975977,-7.944389],[112.975707,-7.944389],[112.975707,-7.944934],[112.975977,-7.944934],[112.975977,-7.946024],[112.975707,-7.946024],[112.975707,-7.946297],[112.975436,-7.946297],[112.975436,-7.946842],[112.974353,-7.946842],[112.974353,-7.947114],[112.974624,-7.947114],[112.974624,-7.947387],[112.975707,-7.947387],[112.975707,-7.947932],[112.975977,-7.947932],[112.975977,-7.949567],[112.978684,-7.949567],[112.978684,-7.947114],[112.978955,-7.947114],[112.978955,-7.946297],[112.979226,-7.946297],[112.979226,-7.945479],[112.979496,-7.945479],[112.979496,-7.944934],[112.979767,-7.944934],[112.979767,-7.944662],[112.980038,-7.944662],[112.980038,-7.944389],[112.980579,-7.944389],[112.980579,-7.943844],[112.98085,-7.943844],[112.98085,-7.944117],[112.98112,-7.944117],[112.98112,-7.943844],[112.981391,-7.943844],[112.981391,-7.944662],[112.981662,-7.944662],[112.981662,-7.944934],[112.981932,-7.944934],[112.981932,-7.945207],[112.982203,-7.945207],[112.982203,-7.945479],[112.983015,-7.945479],[112.983015,-7.945752],[112.983556,-7.945752],[112.983556,-7.946297],[112.983827,-7.946297],[112.983827,-7.946569],[112.984098,-7.946569],[112.984098,-7.946842],[112.983556,-7.946842],[112.983556,-7.947387],[112.984368,-7.947387],[112.984368,-7.947659],[112.984639,-7.947659],[112.984639,-7.947387],[112.98491,-7.947387],[112.98491,-7.947659],[112.98518,-7.947659],[112.98518,-7.947932],[112.985722,-7.947932],[112.985722,-7.948204],[112.985992,-7.948204],[112.985992,-7.947932],[112.986534,-7.947932],[112.986534,-7.947387],[112.986804,-7.947387],[112.986804,-7.947659],[112.987617,-7.947659],[112.987617,-7.947387],[112.988158,-7.947387],[112.988158,-7.946842],[112.988699,-7.946842],[112.988699,-7.946569],[112.98897,-7.946569],[112.98897,-7.946024],[112.990323,-7.946024],[112.990323,-7.945752],[112.991135,-7.945752],[112.991135,-7.945479],[112.991677,-7.945479],[112.991677,-7.945207],[112.991947,-7.945207],[112.991947,-7.944934],[112.992759,-7.944934],[112.992759,-7.944662],[112.993301,-7.944662],[112.993301,-7.944389],[112.993842,-7.944389],[112.993842,-7.944117],[112.994113,-7.944117],[112.994113,-7.943572],[112.995195,-7.943572],[112.995195,-7.943299],[112.995737,-7.943299],[112.995737,-7.943027],[112.996007,-7.943027],[112.996007,-7.942754],[112.996549,-7.942754],[112.996549,-7.942482],[112.995737,-7.942482],[112.995737,-7.942754],[112.995195,-7.942754],[112.995195,-7.942482],[112.994654,-7.942482],[112.994654,-7.942209],[112.996819,-7.942209],[112.996819,-7.941937],[112.997632,-7.941937],[112.997632,-7.941664],[112.998173,-7.941664],[112.998173,-7.941119],[112.998714,-7.941119],[112.998714,-7.940847],[112.999256,-7.940847],[112.999256,-7.940029],[112.999526,-7.940029],[112.999526,-7.933761],[113.000068,-7.933761],[113.000068,-7.934034],[113.000609,-7.934034],[113.000609,-7.933489],[113.00088,-7.933489],[113.00088,-7.934034],[113.001421,-7.934034],[113.001421,-7.933489],[113.001692,-7.933489],[113.001692,-7.934579],[113.001962,-7.934579],[113.001962,-7.934306],[113.002504,-7.934306],[113.002504,-7.934034],[113.003045,-7.934034],[113.003045,-7.934579],[113.002504,-7.934579],[113.002504,-7.935124],[113.003045,-7.935124],[113.003045,-7.934851],[113.003316,-7.934851],[113.003316,-7.934579],[113.003586,-7.934579],[113.003586,-7.933489],[113.003857,-7.933489],[113.003857,-7.933216],[113.003316,-7.933216],[113.003316,-7.932944],[113.003857,-7.932944],[113.003857,-7.932671],[113.00494,-7.932671],[113.00494,-7.932944],[113.005752,-7.932944],[113.005752,-7.932671],[113.006564,-7.932671],[113.006564,-7.932399],[113.006834,-7.932399],[113.006834,-7.930764],[113.007105,-7.930764],[113.007105,-7.930491],[113.007376,-7.930491],[113.007376,-7.930219],[113.007105,-7.930219],[113.007105,-7.929946],[113.008459,-7.929946],[113.008459,-7.929674],[113.009271,-7.929674],[113.009271,-7.929401],[113.011165,-7.929401],[113.011165,-7.928584],[113.011436,-7.928584],[113.011436,-7.928311],[113.010624,-7.928311],[113.010624,-7.928584],[113.010083,-7.928584],[113.010083,-7.928856],[113.009812,-7.928856],[113.009812,-7.928311],[113.009271,-7.928311],[113.009271,-7.929129],[113.009,-7.929129],[113.009,-7.929401],[113.008459,-7.929401],[113.008459,-7.929129],[113.007647,-7.929129],[113.007647,-7.929401],[113.006834,-7.929401],[113.006834,-7.928039],[113.007647,-7.928039],[113.007647,-7.927766],[113.006564,-7.927766],[113.006564,-7.928311],[113.006022,-7.928311],[113.006022,-7.929129],[113.005752,-7.929129],[113.005752,-7.929401],[113.004669,-7.929401],[113.004669,-7.928856],[113.004398,-7.928856],[113.004398,-7.928311],[113.004669,-7.928311],[113.004669,-7.928039],[113.004128,-7.928039],[113.004128,-7.927766],[113.003857,-7.927766],[113.003857,-7.928039],[113.002774,-7.928039],[113.002774,-7.928311],[113.003045,-7.928311],[113.003045,-7.928584],[113.003586,-7.928584],[113.003586,-7.928311],[113.004128,-7.928311],[113.004128,-7.929129],[113.004398,-7.929129],[113.004398,-7.930219],[113.004128,-7.930219],[113.004128,-7.929946],[113.003857,-7.929946],[113.003857,-7.929674],[113.003045,-7.929674],[113.003045,-7.929946],[113.003586,-7.929946],[113.003586,-7.930219],[113.003857,-7.930219],[113.003857,-7.930491],[113.003316,-7.930491],[113.003316,-7.930764],[113.003045,-7.930764],[113.003045,-7.930491],[113.002504,-7.930491],[113.002504,-7.931581],[113.002233,-7.931581],[113.002233,-7.930764],[113.001692,-7.930764],[113.001692,-7.931309],[113.00115,-7.931309],[113.00115,-7.930491],[113.00088,-7.930491],[113.00088,-7.930764],[112.999797,-7.930764],[112.999797,-7.930491],[112.999526,-7.930491],[112.999526,-7.929129],[112.999797,-7.929129],[112.999797,-7.928584],[113.000068,-7.928584],[113.000068,-7.928039],[113.00088,-7.928039],[113.00088,-7.928584],[113.00115,-7.928584],[113.00115,-7.927766],[113.001421,-7.927766],[113.001421,-7.927494],[113.002504,-7.927494],[113.002504,-7.927221],[113.003316,-7.927221],[113.003316,-7.926949],[113.003857,-7.926949],[113.003857,-7.926676],[113.004398,-7.926676],[113.004398,-7.926404],[113.004669,-7.926404],[113.004669,-7.926131],[113.005752,-7.926131],[113.005752,-7.925586],[113.006564,-7.925586],[113.006564,-7.925314],[113.006834,-7.925314],[113.006834,-7.925041],[113.006022,-7.925041],[113.006022,-7.925314],[113.00521,-7.925314],[113.00521,-7.925586],[113.003857,-7.925586],[113.003857,-7.926131],[113.003586,-7.926131],[113.003586,-7.926404],[113.002774,-7.926404],[113.002774,-7.926676],[113.002233,-7.926676],[113.002233,-7.926949],[113.001962,-7.926949],[113.001962,-7.926676],[113.001692,-7.926676],[113.001692,-7.926949],[113.00088,-7.926949],[113.00088,-7.927221],[113.000068,-7.927221],[113.000068,-7.927494],[112.999526,-7.927494],[112.999526,-7.926676],[113.00115,-7.926676],[113.00115,-7.926404],[113.001421,-7.926404],[113.001421,-7.925859],[113.000338,-7.925859],[113.000338,-7.926131],[112.999526,-7.926131],[112.999526,-7.925314],[113.000068,-7.925314],[113.000068,-7.925041],[112.999526,-7.925041],[112.999526,-7.911688],[112.999256,-7.911688],[112.999256,-7.911416],[112.999526,-7.911416],[112.999526,-7.910053],[112.999256,-7.910053],[112.999256,-7.909236],[112.999526,-7.909236],[112.999526,-7.908418],[112.999256,-7.908418],[112.999256,-7.907601],[112.999526,-7.907601],[112.999526,-7.907328],[112.999256,-7.907328],[112.999256,-7.906511],[112.998714,-7.906511],[112.998714,-7.906238],[112.998444,-7.906238]],[[112.977601,-7.907328],[112.978143,-7.907328],[112.978143,-7.907601],[112.977601,-7.907601],[112.977601,-7.907328]],[[112.997902,-7.907601],[112.998173,-7.907601],[112.998173,-7.907873],[112.997902,-7.907873],[112.997902,-7.907601]],[[112.977331,-7.907873],[112.977601,-7.907873],[112.977601,-7.908146],[112.977331,-7.908146],[112.977331,-7.907873]],[[112.998444,-7.908146],[112.998985,-7.908146],[112.998985,-7.908418],[112.998444,-7.908418],[112.998444,-7.908146]],[[112.996549,-7.908691],[112.996819,-7.908691],[112.996819,-7.908963],[112.997632,-7.908963],[112.997632,-7.909236],[112.997902,-7.909236],[112.997902,-7.910053],[112.99709,-7.910053],[112.99709,-7.909781],[112.996819,-7.909781],[112.996819,-7.909236],[112.996549,-7.909236],[112.996549,-7.908691]],[[112.974353,-7.908963],[112.974895,-7.908963],[112.974895,-7.909236],[112.974353,-7.909236],[112.974353,-7.908963]],[[112.995195,-7.908963],[112.995466,-7.908963],[112.995466,-7.909236],[112.995195,-7.909236],[112.995195,-7.908963]],[[112.975977,-7.909236],[112.976248,-7.909236],[112.976248,-7.909508],[112.975977,-7.909508],[112.975977,-7.909236]],[[112.976789,-7.909236],[112.97706,-7.909236],[112.97706,-7.909508],[112.976789,-7.909508],[112.976789,-7.909236]],[[112.994383,-7.909236],[112.994654,-7.909236],[112.994654,-7.910053],[112.994383,-7.910053],[112.994383,-7.909236]],[[112.995737,-7.910053],[112.996007,-7.910053],[112.996007,-7.910326],[112.995737,-7.910326],[112.995737,-7.910053]],[[112.982744,-7.910326],[112.983556,-7.910326],[112.983556,-7.910871],[112.982474,-7.910871],[112.982474,-7.910598],[112.982744,-7.910598],[112.982744,-7.910326]],[[112.995466,-7.910326],[112.995737,-7.910326],[112.995737,-7.910598],[112.995466,-7.910598],[112.995466,-7.910326]],[[112.974624,-7.910598],[112.974895,-7.910598],[112.974895,-7.910871],[112.974624,-7.910871],[112.974624,-7.910598]],[[112.986263,-7.910598],[112.987346,-7.910598],[112.987346,-7.910871],[112.986263,-7.910871],[112.986263,-7.910598]],[[112.994925,-7.910598],[112.995466,-7.910598],[112.995466,-7.910871],[112.995195,-7.910871],[112.995195,-7.911143],[112.994925,-7.911143],[112.994925,-7.910598]],[[112.996819,-7.910598],[112.99709,-7.910598],[112.99709,-7.910871],[112.996819,-7.910871],[112.996819,-7.910598]],[[112.997632,-7.910598],[112.997902,-7.910598],[112.997902,-7.910871],[112.997632,-7.910871],[112.997632,-7.910598]],[[112.971376,-7.910871],[112.972459,-7.910871],[112.972459,-7.911416],[112.973,-7.911416],[112.973,-7.911688],[112.973541,-7.911688],[112.973541,-7.912233],[112.973812,-7.912233],[112.973812,-7.912506],[112.973,-7.912506],[112.973,-7.912778],[112.971917,-7.912778],[112.971917,-7.912506],[112.971376,-7.912506],[112.971376,-7.912233],[112.971105,-7.912233],[112.971105,-7.911961],[112.970835,-7.911961],[112.970835,-7.911416],[112.971105,-7.911416],[112.971105,-7.911688],[112.971376,-7.911688],[112.971376,-7.911961],[112.971917,-7.911961],[112.971917,-7.911416],[112.971376,-7.911416],[112.971376,-7.910871]],[[112.990323,-7.910871],[112.990594,-7.910871],[112.990594,-7.911416],[112.990323,-7.911416],[112.990323,-7.910871]],[[112.974895,-7.911143],[112.975436,-7.911143],[112.975436,-7.911688],[112.975165,-7.911688],[112.975165,-7.911961],[112.974895,-7.911961],[112.974895,-7.911143]],[[112.979226,-7.911143],[112.979767,-7.911143],[112.979767,-7.911961],[112.979226,-7.911961],[112.979226,-7.911143]],[[112.991677,-7.911143],[112.991947,-7.911143],[112.991947,-7.911416],[112.991677,-7.911416],[112.991677,-7.911143]],[[112.994654,-7.911143],[112.994925,-7.911143],[112.994925,-7.911688],[112.994654,-7.911688],[112.994654,-7.912506],[112.994383,-7.912506],[112.994383,-7.911961],[112.994113,-7.911961],[112.994113,-7.911688],[112.994383,-7.911688],[112.994383,-7.911416],[112.994654,-7.911416],[112.994654,-7.911143]],[[112.996549,-7.911416],[112.996819,-7.911416],[112.996819,-7.911688],[112.996549,-7.911688],[112.996549,-7.911416]],[[112.980579,-7.912506],[112.98085,-7.912506],[112.98085,-7.912778],[112.980579,-7.912778],[112.980579,-7.912506]],[[112.970293,-7.913051],[112.970835,-7.913051],[112.970835,-7.913323],[112.970293,-7.913323],[112.970293,-7.913051]],[[112.973812,-7.913051],[112.974353,-7.913051],[112.974353,-7.913323],[112.973812,-7.913323],[112.973812,-7.913051]],[[112.970835,-7.913323],[112.971105,-7.913323],[112.971105,-7.913596],[112.970835,-7.913596],[112.970835,-7.913323]],[[112.979767,-7.913323],[112.980038,-7.913323],[112.980038,-7.913596],[112.979767,-7.913596],[112.979767,-7.913323]],[[112.971105,-7.914141],[112.971376,-7.914141],[112.971376,-7.914413],[112.971105,-7.914413],[112.971105,-7.914141]],[[112.968128,-7.914686],[112.968669,-7.914686],[112.968669,-7.915231],[112.968399,-7.915231],[112.968399,-7.914958],[112.968128,-7.914958],[112.968128,-7.914686]],[[112.971376,-7.914686],[112.972459,-7.914686],[112.972459,-7.915503],[112.972188,-7.915503],[112.972188,-7.915231],[112.971647,-7.915231],[112.971647,-7.914958],[112.971376,-7.914958],[112.971376,-7.914686]],[[112.974895,-7.915231],[112.975436,-7.915231],[112.975436,-7.915503],[112.975165,-7.915503],[112.975165,-7.915776],[112.974895,-7.915776],[112.974895,-7.915231]],[[112.970835,-7.915503],[112.971647,-7.915503],[112.971647,-7.915776],[112.970835,-7.915776],[112.970835,-7.915503]],[[112.965962,-7.915776],[112.968128,-7.915776],[112.968128,-7.916594],[112.967857,-7.916594],[112.967857,-7.917139],[112.967586,-7.917139],[112.967586,-7.916866],[112.967045,-7.916866],[112.967045,-7.917139],[112.966774,-7.917139],[112.966774,-7.916866],[112.966233,-7.916866],[112.966233,-7.916594],[112.965962,-7.916594],[112.965962,-7.915776]],[[112.968399,-7.915776],[112.968669,-7.915776],[112.968669,-7.917139],[112.968399,-7.917139],[112.968399,-7.916866],[112.968128,-7.916866],[112.968128,-7.916594],[112.968399,-7.916594],[112.968399,-7.915776]],[[112.972188,-7.915776],[112.973,-7.915776],[112.973,-7.916048],[112.972188,-7.916048],[112.972188,-7.915776]],[[112.963256,-7.916048],[112.963526,-7.916048],[112.963526,-7.916594],[112.963256,-7.916594],[112.963256,-7.916048]],[[112.969752,-7.916048],[112.970023,-7.916048],[112.970023,-7.916594],[112.969752,-7.916594],[112.969752,-7.916048]],[[112.970293,-7.916321],[112.970564,-7.916321],[112.970564,-7.916866],[112.970293,-7.916866],[112.970293,-7.916321]],[[112.963256,-7.916866],[112.963526,-7.916866],[112.963526,-7.917139],[112.963256,-7.917139],[112.963256,-7.916866]],[[112.965421,-7.916866],[112.965962,-7.916866],[112.965962,-7.917411],[112.965692,-7.917411],[112.965692,-7.917139],[112.965421,-7.917139],[112.965421,-7.916866]],[[112.965962,-7.917411],[112.966774,-7.917411],[112.966774,-7.917956],[112.966233,-7.917956],[112.966233,-7.917684],[112.965962,-7.917684],[112.965962,-7.917411]],[[112.967857,-7.917684],[112.968669,-7.917684],[112.968669,-7.918229],[112.968128,-7.918229],[112.968128,-7.917956],[112.967857,-7.917956],[112.967857,-7.917684]],[[112.958654,-7.917956],[112.958925,-7.917956],[112.958925,-7.918501],[112.958654,-7.918501],[112.958654,-7.917956]],[[112.967045,-7.917956],[112.967857,-7.917956],[112.967857,-7.918229],[112.967045,-7.918229],[112.967045,-7.917956]],[[112.960278,-7.918229],[112.960549,-7.918229],[112.960549,-7.918501],[112.960278,-7.918501],[112.960278,-7.918229]],[[112.967045,-7.918501],[112.967316,-7.918501],[112.967316,-7.919319],[112.967045,-7.919319],[112.967045,-7.918501]],[[112.968128,-7.918501],[112.968669,-7.918501],[112.968669,-7.918774],[112.969211,-7.918774],[112.969211,-7.919319],[112.970023,-7.919319],[112.970023,-7.918501],[112.970293,-7.918501],[112.970293,-7.919319],[112.970564,-7.919319],[112.970564,-7.919591],[112.969752,-7.919591],[112.969752,-7.919864],[112.969481,-7.919864],[112.969481,-7.920409],[112.968669,-7.920409],[112.968669,-7.919864],[112.968399,-7.919864],[112.968399,-7.920681],[112.967586,-7.920681],[112.967586,-7.920409],[112.967857,-7.920409],[112.967857,-7.920136],[112.967586,-7.920136],[112.967586,-7.919864],[112.967857,-7.919864],[112.967857,-7.919591],[112.967586,-7.919591],[112.967586,-7.918774],[112.968128,-7.918774],[112.968128,-7.918501]],[[112.960549,-7.919046],[112.96082,-7.919046],[112.96082,-7.919591],[112.960549,-7.919591],[112.960549,-7.919046]],[[112.970835,-7.919319],[112.971647,-7.919319],[112.971647,-7.919591],[112.970835,-7.919591],[112.970835,-7.919319]],[[112.970293,-7.920409],[112.970835,-7.920409],[112.970835,-7.920681],[112.970293,-7.920681],[112.970293,-7.920409]],[[112.972459,-7.920681],[112.972729,-7.920681],[112.972729,-7.920954],[112.972459,-7.920954],[112.972459,-7.920681]],[[112.970293,-7.921226],[112.970835,-7.921226],[112.970835,-7.921499],[112.970293,-7.921499],[112.970293,-7.921226]],[[112.973271,-7.921499],[112.973541,-7.921499],[112.973541,-7.922044],[112.973271,-7.922044],[112.973271,-7.921499]],[[112.974353,-7.921499],[112.974624,-7.921499],[112.974624,-7.921771],[112.974353,-7.921771],[112.974353,-7.921499]],[[112.970564,-7.922044],[112.970835,-7.922044],[112.970835,-7.922589],[112.970564,-7.922589],[112.970564,-7.922044]],[[112.973,-7.922044],[112.973271,-7.922044],[112.973271,-7.922316],[112.973,-7.922316],[112.973,-7.922044]],[[112.969752,-7.922589],[112.970023,-7.922589],[112.970023,-7.922861],[112.969752,-7.922861],[112.969752,-7.922589]],[[112.987617,-7.923406],[112.987887,-7.923406],[112.987887,-7.923679],[112.987617,-7.923679],[112.987617,-7.923406]],[[112.986534,-7.923951],[112.986804,-7.923951],[112.986804,-7.924224],[112.986534,-7.924224],[112.986534,-7.923951]],[[112.969481,-7.924224],[112.969752,-7.924224],[112.969752,-7.925041],[112.969481,-7.925041],[112.969481,-7.924224]],[[112.966504,-7.925041],[112.966774,-7.925041],[112.966774,-7.925314],[112.967045,-7.925314],[112.967045,-7.925586],[112.965962,-7.925586],[112.965962,-7.925314],[112.966504,-7.925314],[112.966504,-7.925041]],[[112.967045,-7.925586],[112.967316,-7.925586],[112.967316,-7.925859],[112.967857,-7.925859],[112.967857,-7.926676],[112.967045,-7.926676],[112.967045,-7.926404],[112.966774,-7.926404],[112.966774,-7.925859],[112.967045,-7.925859],[112.967045,-7.925586]],[[112.968399,-7.926404],[112.969211,-7.926404],[112.969211,-7.926676],[112.96894,-7.926676],[112.96894,-7.927494],[112.968399,-7.927494],[112.968399,-7.926404]],[[112.947015,-7.926676],[112.947286,-7.926676],[112.947286,-7.926949],[112.947015,-7.926949],[112.947015,-7.926676]],[[112.983015,-7.926676],[112.984098,-7.926676],[112.984098,-7.927221],[112.983827,-7.927221],[112.983827,-7.928311],[112.983556,-7.928311],[112.983556,-7.928039],[112.982744,-7.928039],[112.982744,-7.927766],[112.982474,-7.927766],[112.982474,-7.927221],[112.982744,-7.927221],[112.982744,-7.926949],[112.983015,-7.926949],[112.983015,-7.926676]],[[112.98491,-7.926676],[112.985451,-7.926676],[112.985451,-7.926949],[112.985992,-7.926949],[112.985992,-7.927494],[112.98491,-7.927494],[112.98491,-7.926676]],[[112.985992,-7.926676],[112.987075,-7.926676],[112.987075,-7.927494],[112.986534,-7.927494],[112.986534,-7.926949],[112.985992,-7.926949],[112.985992,-7.926676]],[[112.946744,-7.926949],[112.947015,-7.926949],[112.947015,-7.927221],[112.946744,-7.927221],[112.946744,-7.926949]],[[112.981391,-7.927221],[112.981932,-7.927221],[112.981932,-7.927766],[112.981391,-7.927766],[112.981391,-7.927221]],[[112.980308,-7.927766],[112.980579,-7.927766],[112.980579,-7.928039],[112.980308,-7.928039],[112.980308,-7.927766]],[[112.966504,-7.928856],[112.966774,-7.928856],[112.966774,-7.929129],[112.966504,-7.929129],[112.966504,-7.928856]],[[112.946744,-7.929129],[112.947015,-7.929129],[112.947015,-7.929401],[112.946744,-7.929401],[112.946744,-7.929129]],[[113.006293,-7.929129],[113.006564,-7.929129],[113.006564,-7.929401],[113.006293,-7.929401],[113.006293,-7.929129]],[[112.94512,-7.929674],[112.945391,-7.929674],[112.945391,-7.929946],[112.94512,-7.929946],[112.94512,-7.929674]],[[112.950263,-7.929946],[112.950534,-7.929946],[112.950534,-7.930219],[112.950263,-7.930219],[112.950263,-7.929946]],[[113.004398,-7.930764],[113.004669,-7.930764],[113.004669,-7.931309],[113.004398,-7.931309],[113.004398,-7.930764]],[[113.001692,-7.931309],[113.001962,-7.931309],[113.001962,-7.931581],[113.001692,-7.931581],[113.001692,-7.931309]],[[112.999526,-7.932126],[113.00115,-7.932126],[113.00115,-7.932399],[113.001421,-7.932399],[113.001421,-7.932671],[113.00088,-7.932671],[113.00088,-7.932399],[112.999526,-7.932399],[112.999526,-7.932126]],[[113.001421,-7.932671],[113.001692,-7.932671],[113.001692,-7.933216],[113.001421,-7.933216],[113.001421,-7.932671]],[[112.989782,-7.932944],[112.990053,-7.932944],[112.990053,-7.933489],[112.989782,-7.933489],[112.989782,-7.932944]],[[113.001692,-7.933216],[113.002233,-7.933216],[113.002233,-7.933489],[113.001692,-7.933489],[113.001692,-7.933216]],[[112.995737,-7.934579],[112.996007,-7.934579],[112.996007,-7.934851],[112.995737,-7.934851],[112.995737,-7.934579]],[[112.992218,-7.935396],[112.992489,-7.935396],[112.992489,-7.935669],[112.992218,-7.935669],[112.992218,-7.935396]],[[112.990594,-7.937304],[112.990865,-7.937304],[112.990865,-7.937577],[112.990594,-7.937577],[112.990594,-7.937304]],[[112.993301,-7.938394],[112.993571,-7.938394],[112.993571,-7.938939],[112.993301,-7.938939],[112.993301,-7.938394]],[[112.99303,-7.938939],[112.993301,-7.938939],[112.993301,-7.939212],[112.99303,-7.939212],[112.99303,-7.938939]],[[112.991947,-7.940029],[112.992218,-7.940029],[112.992218,-7.940302],[112.991947,-7.940302],[112.991947,-7.940029]],[[112.953782,-7.940302],[112.954323,-7.940302],[112.954323,-7.940574],[112.953782,-7.940574],[112.953782,-7.940302]],[[112.991677,-7.940302],[112.991947,-7.940302],[112.991947,-7.940574],[112.991677,-7.940574],[112.991677,-7.940302]],[[112.955406,-7.941937],[112.955947,-7.941937],[112.955947,-7.942754],[112.955406,-7.942754],[112.955406,-7.941937]],[[112.987887,-7.941937],[112.988158,-7.941937],[112.988158,-7.942209],[112.987887,-7.942209],[112.987887,-7.941937]],[[112.977601,-7.942209],[112.978143,-7.942209],[112.978143,-7.942482],[112.977601,-7.942482],[112.977601,-7.942209]],[[112.989511,-7.942209],[112.989782,-7.942209],[112.989782,-7.942482],[112.989511,-7.942482],[112.989511,-7.942209]],[[112.99303,-7.942482],[112.993301,-7.942482],[112.993301,-7.942754],[112.99303,-7.942754],[112.99303,-7.942482]],[[112.986263,-7.943844],[112.986534,-7.943844],[112.986534,-7.944389],[112.986263,-7.944389],[112.986263,-7.943844]],[[112.955135,-7.944662],[112.955406,-7.944662],[112.955406,-7.945479],[112.954865,-7.945479],[112.954865,-7.945207],[112.955135,-7.945207],[112.955135,-7.944662]],[[112.957571,-7.944934],[112.958384,-7.944934],[112.958384,-7.945479],[112.95703,-7.945479],[112.95703,-7.945752],[112.956489,-7.945752],[112.956489,-7.945207],[112.957571,-7.945207],[112.957571,-7.944934]],[[112.985992,-7.946024],[112.986263,-7.946024],[112.986263,-7.946842],[112.985992,-7.946842],[112.985992,-7.946024]],[[112.963256,-7.947114],[112.963526,-7.947114],[112.963526,-7.947387],[112.963256,-7.947387],[112.963256,-7.947114]],[[112.961632,-7.947932],[112.962173,-7.947932],[112.962173,-7.948477],[112.961632,-7.948477],[112.961632,-7.947932]],[[112.963526,-7.948749],[112.963797,-7.948749],[112.963797,-7.949022],[112.963526,-7.949022],[112.963526,-7.948749]],[[112.963256,-7.949022],[112.963526,-7.949022],[112.963526,-7.949294],[112.963256,-7.949294],[112.963256,-7.949022]],[[112.947286,-7.949567],[112.953511,-7.949567],[112.953511,-7.949839],[112.953782,-7.949839],[112.953782,-7.950384],[112.954053,-7.950384],[112.954053,-7.951202],[112.953511,-7.951202],[112.953511,-7.951474],[112.953241,-7.951474],[112.953241,-7.952019],[112.95297,-7.952019],[112.95297,-7.952292],[112.952429,-7.952292],[112.952429,-7.952019],[112.951617,-7.952019],[112.951617,-7.952292],[112.951346,-7.952292],[112.951346,-7.952564],[112.950805,-7.952564],[112.950805,-7.952837],[112.950263,-7.952837],[112.950263,-7.953382],[112.949993,-7.953382],[112.949993,-7.953654],[112.949451,-7.953654],[112.949451,-7.954199],[112.949181,-7.954199],[112.949181,-7.953927],[112.94891,-7.953927],[112.94891,-7.953654],[112.948098,-7.953654],[112.948098,-7.951202],[112.948369,-7.951202],[112.948369,-7.950929],[112.948639,-7.950929],[112.948639,-7.950657],[112.947827,-7.950657],[112.947827,-7.950112],[112.948098,-7.950112],[112.948098,-7.949839],[112.947286,-7.949839],[112.947286,-7.949567]],[[112.947015,-7.950384],[112.947286,-7.950384],[112.947286,-7.950657],[112.947827,-7.950657],[112.947827,-7.951202],[112.947015,-7.951202],[112.947015,-7.950384]],[[112.947015,-7.951474],[112.947556,-7.951474],[112.947556,-7.951747],[112.947827,-7.951747],[112.947827,-7.953109],[112.947556,-7.953109],[112.947556,-7.952564],[112.947015,-7.952564],[112.947015,-7.951474]],[[112.948639,-7.953927],[112.94891,-7.953927],[112.94891,-7.954199],[112.948639,-7.954199],[112.948639,-7.953927]],[[112.954053,-7.956379],[112.954594,-7.956379],[112.954594,-7.956652],[112.954053,-7.956652],[112.954053,-7.956379]],[[112.954594,-7.957197],[112.954865,-7.957197],[112.954865,-7.95747],[112.955135,-7.95747],[112.955135,-7.958015],[112.954594,-7.958015],[112.954594,-7.957197]],[[112.947556,-7.95747],[112.947827,-7.95747],[112.947827,-7.957742],[112.947556,-7.957742],[112.947556,-7.95747]],[[112.948369,-7.95747],[112.949722,-7.95747],[112.949722,-7.957742],[112.950805,-7.957742],[112.950805,-7.958832],[112.951075,-7.958832],[112.951075,-7.959105],[112.950805,-7.959105],[112.950805,-7.960195],[112.950534,-7.960195],[112.950534,-7.959922],[112.949181,-7.959922],[112.949181,-7.95965],[112.94891,-7.95965],[112.94891,-7.959377],[112.948639,-7.959377],[112.948639,-7.959105],[112.948369,-7.959105],[112.948369,-7.95856],[112.948098,-7.95856],[112.948098,-7.957742],[112.948369,-7.957742],[112.948369,-7.95747]],[[112.95297,-7.95747],[112.953241,-7.95747],[112.953241,-7.959377],[112.952699,-7.959377],[112.952699,-7.95965],[112.95297,-7.95965],[112.95297,-7.959922],[112.953241,-7.959922],[112.953241,-7.960195],[112.952699,-7.960195],[112.952699,-7.959922],[112.952429,-7.959922],[112.952429,-7.959377],[112.952158,-7.959377],[112.952158,-7.958832],[112.952429,-7.958832],[112.952429,-7.958015],[112.95297,-7.958015],[112.95297,-7.95747]],[[112.936459,-7.958015],[112.937,-7.958015],[112.937,-7.958287],[112.937271,-7.958287],[112.937271,-7.95856],[112.937812,-7.95856],[112.937812,-7.958832],[112.937,-7.958832],[112.937,-7.95856],[112.936729,-7.95856],[112.936729,-7.958287],[112.936459,-7.958287],[112.936459,-7.958015]],[[112.953241,-7.959377],[112.953782,-7.959377],[112.953782,-7.95965],[112.953241,-7.95965],[112.953241,-7.959377]],[[112.929692,-7.961557],[112.930233,-7.961557],[112.930233,-7.96183],[112.929692,-7.96183],[112.929692,-7.961557]],[[112.929421,-7.96183],[112.929692,-7.96183],[112.929692,-7.962375],[112.929421,-7.962375],[112.929421,-7.96183]],[[112.93294,-7.96183],[112.933211,-7.96183],[112.933211,-7.962102],[112.93294,-7.962102],[112.93294,-7.96183]],[[112.935647,-7.96183],[112.935917,-7.96183],[112.935917,-7.962102],[112.935647,-7.962102],[112.935647,-7.96183]],[[112.931587,-7.962102],[112.931857,-7.962102],[112.931857,-7.962375],[112.932128,-7.962375],[112.932128,-7.962647],[112.931316,-7.962647],[112.931316,-7.962375],[112.931587,-7.962375],[112.931587,-7.962102]]]}}]}